id	token	type	key	logical	ill	locals	maxstack	eh
33	0x06000001	ControlGroupBinding	ControlGroupBinding::Start()	ControlGroupBinding::Start	50	0	8	0
34	0x06000002	ControlGroupBinding	ControlGroupBinding::Update()	ControlGroupBinding::Update	52	2	2	0
35	0x06000003	ControlGroupBinding	ControlGroupBinding::Refresh(Rewired.ControllerType)	ControlGroupBinding::Refresh	36	0	8	0
36	0x06000004	ControlGroupBinding	ControlGroupBinding::.ctor()	ControlGroupBinding::.ctor	7	0	8	0
37	0x06000005	ControlGroupUIHelper	ControlGroupUIHelper::Awake()	ControlGroupUIHelper::Awake	7	0	8	0
38	0x06000006	ControlGroupUIHelper	ControlGroupUIHelper::OnEnable()	ControlGroupUIHelper::OnEnable	35	0	8	0
39	0x06000007	ControlGroupUIHelper	ControlGroupUIHelper::OnDestroy()	ControlGroupUIHelper::OnDestroy	35	0	8	0
40	0x06000008	ControlGroupUIHelper	ControlGroupUIHelper::Start()	ControlGroupUIHelper::Start	79	0	3	0
41	0x06000009	ControlGroupUIHelper	ControlGroupUIHelper::OnControllerConnectionChange(Rewired.ControllerStatusChangedEventArgs)	ControlGroupUIHelper::OnControllerConnectionChange	7	0	8	0
42	0x0600000A	ControlGroupUIHelper	ControlGroupUIHelper::Update()	ControlGroupUIHelper::Update	129	0	2	0
43	0x0600000B	ControlGroupUIHelper	ControlGroupUIHelper::RefreshGroupFlags()	ControlGroupUIHelper::RefreshGroupFlags	50	0	8	0
44	0x0600000C	ControlGroupUIHelper	ControlGroupUIHelper::RefreshFlag(TagManager.ETag)	ControlGroupUIHelper::RefreshFlag	37	0	8	0
45	0x0600000D	ControlGroupUIHelper	ControlGroupUIHelper::GroupHasUnits(TagManager.ETag)	ControlGroupUIHelper::GroupHasUnits	104	0	4	0
46	0x0600000E	ControlGroupUIHelper	ControlGroupUIHelper::SetVisible(bool)	ControlGroupUIHelper::SetVisible	33	0	8	0
47	0x0600000F	ControlGroupUIHelper	ControlGroupUIHelper::ShowFlag(TagManager.ETag)	ControlGroupUIHelper::ShowFlag	54	1	2	0
48	0x06000010	ControlGroupUIHelper	ControlGroupUIHelper::HideFlag(TagManager.ETag)	ControlGroupUIHelper::HideFlag	32	1	2	0
49	0x06000011	ControlGroupUIHelper	ControlGroupUIHelper::RemovingPulseAllGroups()	ControlGroupUIHelper::RemovingPulseAllGroups	130	0	2	0
50	0x06000012	ControlGroupUIHelper	ControlGroupUIHelper::OnGroupSet(TagManager.ETag)	ControlGroupUIHelper::OnGroupSet	24	1	2	0
51	0x06000013	ControlGroupUIHelper	ControlGroupUIHelper::SetFillAmountForAllGroups(float)	ControlGroupUIHelper::SetFillAmountForAllGroups	79	0	2	0
52	0x06000014	ControlGroupUIHelper	ControlGroupUIHelper::SetFillAmount(TagManager.ETag,float)	ControlGroupUIHelper::SetFillAmount	25	1	2	0
53	0x06000015	ControlGroupUIHelper	ControlGroupUIHelper::PlayHoldingSFX(float)	ControlGroupUIHelper::PlayHoldingSFX	72	0	3	0
54	0x06000016	ControlGroupUIHelper	ControlGroupUIHelper::GetControlGroupControllerFromTag(TagManager.ETag)	ControlGroupUIHelper::GetControlGroupControllerFromTag	52	1	2	0
55	0x06000017	ControlGroupUIHelper	ControlGroupUIHelper::.ctor()	ControlGroupUIHelper::.ctor	51	0	8	0
56	0x06000018	DlcConfiguration	DlcConfiguration::get_Instance()	DlcConfiguration::get_Instance	65	0	3	0
57	0x06000019	DlcConfiguration	DlcConfiguration::InitializeDlcProvider()	DlcConfiguration::InitializeDlcProvider	11	0	8	0
58	0x0600001A	DlcConfiguration	DlcConfiguration::OnValidate()	DlcConfiguration::OnValidate	1	0	8	0
59	0x0600001B	DlcConfiguration	DlcConfiguration::SetupMapList(System.Collections.Generic.List<UnityEngine.Object>,ref System.Collections.Generic.List<string>)	DlcConfiguration::SetupMapList	63	2	2	1
60	0x0600001C	DlcConfiguration	DlcConfiguration::IsDlcAvailable(IDlcProvider.DlcId)	DlcConfiguration::IsDlcAvailable	71	1	2	0
61	0x0600001D	DlcConfiguration	DlcConfiguration::IsDlcMap(IDlcProvider.DlcId,string)	DlcConfiguration::IsDlcMap	51	1	2	0
62	0x0600001E	DlcConfiguration	DlcConfiguration::.ctor()	DlcConfiguration::.ctor	7	0	8	0
63	0x0600001F	DlcConfiguration	DlcConfiguration::.cctor()	DlcConfiguration::.cctor	23	0	8	0
64	0x06000020	DLCLevelInteractor	DLCLevelInteractor::Start()	DLCLevelInteractor::Start	1	0	8	0
65	0x06000021	DLCLevelInteractor	DLCLevelInteractor::InteractionBegin(PlayerInteraction)	DLCLevelInteractor::InteractionBegin	35	0	8	0
66	0x06000022	DLCLevelInteractor	DLCLevelInteractor::Focus(PlayerInteraction)	DLCLevelInteractor::Focus	13	0	8	0
67	0x06000023	DLCLevelInteractor	DLCLevelInteractor::Unfocus(PlayerInteraction)	DLCLevelInteractor::Unfocus	13	0	8	0
68	0x06000024	DLCLevelInteractor	DLCLevelInteractor::.ctor()	DLCLevelInteractor::.ctor	7	0	8	0
69	0x06000025	ScreenMarkerIconArachnophobia	ScreenMarkerIconArachnophobia::Refresh()	ScreenMarkerIconArachnophobia::Refresh	50	0	8	0
70	0x06000026	ScreenMarkerIconArachnophobia	ScreenMarkerIconArachnophobia::.ctor()	ScreenMarkerIconArachnophobia::.ctor	7	0	8	0
71	0x06000027	AdditionalWeaponEffectScript	AdditionalWeaponEffectScript::Effect(Hp,TaggedObject,TaggedObject,Weapon,float,bool,float)	AdditionalWeaponEffectScript::Effect	1	0	8	0
72	0x06000028	AdditionalWeaponEffectScript	AdditionalWeaponEffectScript::.ctor()	AdditionalWeaponEffectScript::.ctor	7	0	8	0
73	0x06000029	AfterMatchUIManager	AfterMatchUIManager::Start()	AfterMatchUIManager::Start	42	0	8	0
74	0x0600002A	AfterMatchUIManager	AfterMatchUIManager::ShowRewards()	AfterMatchUIManager::ShowRewards	14	0	8	0
75	0x0600002B	AfterMatchUIManager	AfterMatchUIManager::SelectNextMetaLevel()	AfterMatchUIManager::SelectNextMetaLevel	14	0	8	0
76	0x0600002C	AfterMatchUIManager	AfterMatchUIManager::DisableAllUI()	AfterMatchUIManager::DisableAllUI	73	0	2	0
77	0x0600002D	AfterMatchUIManager	AfterMatchUIManager::EnableLevelingProgressUI()	AfterMatchUIManager::EnableLevelingProgressUI	19	0	8	0
78	0x0600002E	AfterMatchUIManager	AfterMatchUIManager::EnableRewardDisplayUI()	AfterMatchUIManager::EnableRewardDisplayUI	19	0	8	0
79	0x0600002F	AfterMatchUIManager	AfterMatchUIManager::EnableMaxLevelReachedUI()	AfterMatchUIManager::EnableMaxLevelReachedUI	19	0	8	0
80	0x06000030	AfterMatchUIManager	AfterMatchUIManager::EnableDemoLockedUI()	AfterMatchUIManager::EnableDemoLockedUI	19	0	8	0
81	0x06000031	AfterMatchUIManager	AfterMatchUIManager::EnableGraphsUI()	AfterMatchUIManager::EnableGraphsUI	19	0	8	0
82	0x06000032	AfterMatchUIManager	AfterMatchUIManager::EnableScoreUI()	AfterMatchUIManager::EnableScoreUI	19	0	8	0
83	0x06000033	AfterMatchUIManager	AfterMatchUIManager::UpdateLevelingBar()	AfterMatchUIManager::UpdateLevelingBar	85	0	4	0
84	0x06000034	AfterMatchUIManager	AfterMatchUIManager::SetLevelingParPercentage(float)	AfterMatchUIManager::SetLevelingParPercentage	93	3	4	0
85	0x06000035	AfterMatchUIManager	AfterMatchUIManager::.ctor()	AfterMatchUIManager::.ctor	51	0	8	0
86	0x06000036	AfterMatchUIManager/<SelectNextMetaLevel>d__31	AfterMatchUIManager.<SelectNextMetaLevel>d__31::.ctor(int)	AfterMatchUIManager::SelectNextMetaLevel	14	0	8	0
87	0x06000037	AfterMatchUIManager/<SelectNextMetaLevel>d__31	AfterMatchUIManager.<SelectNextMetaLevel>d__31::System.IDisposable.Dispose()	AfterMatchUIManager::SelectNextMetaLevel	1	0	8	0
88	0x06000038	AfterMatchUIManager/<SelectNextMetaLevel>d__31	AfterMatchUIManager.<SelectNextMetaLevel>d__31::MoveNext()	AfterMatchUIManager::SelectNextMetaLevel	193	2	2	0
89	0x06000039	AfterMatchUIManager/<SelectNextMetaLevel>d__31	AfterMatchUIManager.<SelectNextMetaLevel>d__31::System.Collections.Generic.IEnumerator<System.Object>.get_Current()	AfterMatchUIManager::SelectNextMetaLevel	7	0	8	0
90	0x0600003A	AfterMatchUIManager/<SelectNextMetaLevel>d__31	AfterMatchUIManager.<SelectNextMetaLevel>d__31::System.Collections.IEnumerator.Reset()	AfterMatchUIManager::SelectNextMetaLevel	6	0	8	0
91	0x0600003B	AfterMatchUIManager/<SelectNextMetaLevel>d__31	AfterMatchUIManager.<SelectNextMetaLevel>d__31::System.Collections.IEnumerator.get_Current()	AfterMatchUIManager::SelectNextMetaLevel	7	0	8	0
92	0x0600003C	AfterMatchUIManager/<ShowRewards>d__30	AfterMatchUIManager.<ShowRewards>d__30::.ctor(int)	AfterMatchUIManager::ShowRewards	14	0	8	0
93	0x0600003D	AfterMatchUIManager/<ShowRewards>d__30	AfterMatchUIManager.<ShowRewards>d__30::System.IDisposable.Dispose()	AfterMatchUIManager::ShowRewards	1	0	8	0
94	0x0600003E	AfterMatchUIManager/<ShowRewards>d__30	AfterMatchUIManager.<ShowRewards>d__30::MoveNext()	AfterMatchUIManager::ShowRewards	1233	4	4	0
95	0x0600003F	AfterMatchUIManager/<ShowRewards>d__30	AfterMatchUIManager.<ShowRewards>d__30::System.Collections.Generic.IEnumerator<System.Object>.get_Current()	AfterMatchUIManager::ShowRewards	7	0	8	0
96	0x06000040	AfterMatchUIManager/<ShowRewards>d__30	AfterMatchUIManager.<ShowRewards>d__30::System.Collections.IEnumerator.Reset()	AfterMatchUIManager::ShowRewards	6	0	8	0
97	0x06000041	AfterMatchUIManager/<ShowRewards>d__30	AfterMatchUIManager.<ShowRewards>d__30::System.Collections.IEnumerator.get_Current()	AfterMatchUIManager::ShowRewards	7	0	8	0
98	0x06000042	AfterTutorialTipManager	AfterTutorialTipManager::Awake()	AfterTutorialTipManager::Awake	7	0	8	0
99	0x06000043	AfterTutorialTipManager	AfterTutorialTipManager::Start()	AfterTutorialTipManager::Start	133	0	4	0
100	0x06000044	AfterTutorialTipManager	AfterTutorialTipManager::OnDisable()	AfterTutorialTipManager::OnDisable	34	0	8	0
101	0x06000045	AfterTutorialTipManager	AfterTutorialTipManager::Update()	AfterTutorialTipManager::Update	71	0	3	0
102	0x06000046	AfterTutorialTipManager	AfterTutorialTipManager::CheckForAvailableTips()	AfterTutorialTipManager::CheckForAvailableTips	1712	23	6	3
103	0x06000047	AfterTutorialTipManager	AfterTutorialTipManager::DisplayUntilHotkeyTipNight(string,string,string,string)	AfterTutorialTipManager::DisplayUntilHotkeyTipNight	43	0	8	0
104	0x06000048	AfterTutorialTipManager	AfterTutorialTipManager::DisplayUntilHotkeyTipDay(string,string,string,string)	AfterTutorialTipManager::DisplayUntilHotkeyTipDay	43	0	8	0
105	0x06000049	AfterTutorialTipManager	AfterTutorialTipManager::AddPostTutorialTipAsComplete(string)	AfterTutorialTipManager::AddPostTutorialTipAsComplete	48	0	8	0
106	0x0600004A	AfterTutorialTipManager	AfterTutorialTipManager::DisplaySmartCommandTip()	AfterTutorialTipManager::DisplaySmartCommandTip	14	0	8	0
107	0x0600004B	AfterTutorialTipManager	AfterTutorialTipManager::DisplayRangedHoldPositionTip()	AfterTutorialTipManager::DisplayRangedHoldPositionTip	14	0	8	0
108	0x0600004C	AfterTutorialTipManager	AfterTutorialTipManager::DisplayBuildOptionsTipDay()	AfterTutorialTipManager::DisplayBuildOptionsTipDay	14	0	8	0
109	0x0600004D	AfterTutorialTipManager	AfterTutorialTipManager::DisplayToggleSprintTip()	AfterTutorialTipManager::DisplayToggleSprintTip	14	0	8	0
110	0x0600004E	AfterTutorialTipManager	AfterTutorialTipManager::DisplayUntilBuild(string,string,string)	AfterTutorialTipManager::DisplayUntilBuild	35	0	8	0
111	0x0600004F	AfterTutorialTipManager	AfterTutorialTipManager::OnDuskEarly()	AfterTutorialTipManager::OnDuskEarly	1	0	8	0
112	0x06000050	AfterTutorialTipManager	AfterTutorialTipManager::OnDusk()	AfterTutorialTipManager::OnDusk	11	0	8	0
113	0x06000051	AfterTutorialTipManager	AfterTutorialTipManager::OnDawn_AfterSunrise()	AfterTutorialTipManager::OnDawn_AfterSunrise	1	0	8	0
114	0x06000052	AfterTutorialTipManager	AfterTutorialTipManager::OnDawn_BeforeSunrise()	AfterTutorialTipManager::OnDawn_BeforeSunrise	1	0	8	0
115	0x06000053	AfterTutorialTipManager	AfterTutorialTipManager::.ctor()	AfterTutorialTipManager::.ctor	40	0	8	0
116	0x06000054	AfterTutorialTipManager/<DisplayBuildOptionsTipDay>d__26	AfterTutorialTipManager.<DisplayBuildOptionsTipDay>d__26::.ctor(int)	AfterTutorialTipManager::DisplayBuildOptionsTipDay	14	0	8	0
117	0x06000055	AfterTutorialTipManager/<DisplayBuildOptionsTipDay>d__26	AfterTutorialTipManager.<DisplayBuildOptionsTipDay>d__26::System.IDisposable.Dispose()	AfterTutorialTipManager::DisplayBuildOptionsTipDay	1	0	8	0
118	0x06000056	AfterTutorialTipManager/<DisplayBuildOptionsTipDay>d__26	AfterTutorialTipManager.<DisplayBuildOptionsTipDay>d__26::MoveNext()	AfterTutorialTipManager::DisplayBuildOptionsTipDay	185	2	4	0
119	0x06000057	AfterTutorialTipManager/<DisplayBuildOptionsTipDay>d__26	AfterTutorialTipManager.<DisplayBuildOptionsTipDay>d__26::System.Collections.Generic.IEnumerator<System.Object>.get_Current()	AfterTutorialTipManager::DisplayBuildOptionsTipDay	7	0	8	0
120	0x06000058	AfterTutorialTipManager/<DisplayBuildOptionsTipDay>d__26	AfterTutorialTipManager.<DisplayBuildOptionsTipDay>d__26::System.Collections.IEnumerator.Reset()	AfterTutorialTipManager::DisplayBuildOptionsTipDay	6	0	8	0
121	0x06000059	AfterTutorialTipManager/<DisplayBuildOptionsTipDay>d__26	AfterTutorialTipManager.<DisplayBuildOptionsTipDay>d__26::System.Collections.IEnumerator.get_Current()	AfterTutorialTipManager::DisplayBuildOptionsTipDay	7	0	8	0
122	0x0600005A	AfterTutorialTipManager/<DisplayRangedHoldPositionTip>d__25	AfterTutorialTipManager.<DisplayRangedHoldPositionTip>d__25::.ctor(int)	AfterTutorialTipManager::DisplayRangedHoldPositionTip	14	0	8	0
123	0x0600005B	AfterTutorialTipManager/<DisplayRangedHoldPositionTip>d__25	AfterTutorialTipManager.<DisplayRangedHoldPositionTip>d__25::System.IDisposable.Dispose()	AfterTutorialTipManager::DisplayRangedHoldPositionTip	1	0	8	0
124	0x0600005C	AfterTutorialTipManager/<DisplayRangedHoldPositionTip>d__25	AfterTutorialTipManager.<DisplayRangedHoldPositionTip>d__25::MoveNext()	AfterTutorialTipManager::DisplayRangedHoldPositionTip	293	4	4	1
125	0x0600005D	AfterTutorialTipManager/<DisplayRangedHoldPositionTip>d__25	AfterTutorialTipManager.<DisplayRangedHoldPositionTip>d__25::System.Collections.Generic.IEnumerator<System.Object>.get_Current()	AfterTutorialTipManager::DisplayRangedHoldPositionTip	7	0	8	0
126	0x0600005E	AfterTutorialTipManager/<DisplayRangedHoldPositionTip>d__25	AfterTutorialTipManager.<DisplayRangedHoldPositionTip>d__25::System.Collections.IEnumerator.Reset()	AfterTutorialTipManager::DisplayRangedHoldPositionTip	6	0	8	0
127	0x0600005F	AfterTutorialTipManager/<DisplayRangedHoldPositionTip>d__25	AfterTutorialTipManager.<DisplayRangedHoldPositionTip>d__25::System.Collections.IEnumerator.get_Current()	AfterTutorialTipManager::DisplayRangedHoldPositionTip	7	0	8	0
128	0x06000060	AfterTutorialTipManager/<DisplaySmartCommandTip>d__24	AfterTutorialTipManager.<DisplaySmartCommandTip>d__24::.ctor(int)	AfterTutorialTipManager::DisplaySmartCommandTip	14	0	8	0
129	0x06000061	AfterTutorialTipManager/<DisplaySmartCommandTip>d__24	AfterTutorialTipManager.<DisplaySmartCommandTip>d__24::System.IDisposable.Dispose()	AfterTutorialTipManager::DisplaySmartCommandTip	1	0	8	0
130	0x06000062	AfterTutorialTipManager/<DisplaySmartCommandTip>d__24	AfterTutorialTipManager.<DisplaySmartCommandTip>d__24::MoveNext()	AfterTutorialTipManager::DisplaySmartCommandTip	204	2	4	0
131	0x06000063	AfterTutorialTipManager/<DisplaySmartCommandTip>d__24	AfterTutorialTipManager.<DisplaySmartCommandTip>d__24::System.Collections.Generic.IEnumerator<System.Object>.get_Current()	AfterTutorialTipManager::DisplaySmartCommandTip	7	0	8	0
132	0x06000064	AfterTutorialTipManager/<DisplaySmartCommandTip>d__24	AfterTutorialTipManager.<DisplaySmartCommandTip>d__24::System.Collections.IEnumerator.Reset()	AfterTutorialTipManager::DisplaySmartCommandTip	6	0	8	0
133	0x06000065	AfterTutorialTipManager/<DisplaySmartCommandTip>d__24	AfterTutorialTipManager.<DisplaySmartCommandTip>d__24::System.Collections.IEnumerator.get_Current()	AfterTutorialTipManager::DisplaySmartCommandTip	7	0	8	0
134	0x06000066	AfterTutorialTipManager/<DisplayToggleSprintTip>d__27	AfterTutorialTipManager.<DisplayToggleSprintTip>d__27::.ctor(int)	AfterTutorialTipManager::DisplayToggleSprintTip	14	0	8	0
135	0x06000067	AfterTutorialTipManager/<DisplayToggleSprintTip>d__27	AfterTutorialTipManager.<DisplayToggleSprintTip>d__27::System.IDisposable.Dispose()	AfterTutorialTipManager::DisplayToggleSprintTip	1	0	8	0
136	0x06000068	AfterTutorialTipManager/<DisplayToggleSprintTip>d__27	AfterTutorialTipManager.<DisplayToggleSprintTip>d__27::MoveNext()	AfterTutorialTipManager::DisplayToggleSprintTip	185	2	4	0
137	0x06000069	AfterTutorialTipManager/<DisplayToggleSprintTip>d__27	AfterTutorialTipManager.<DisplayToggleSprintTip>d__27::System.Collections.Generic.IEnumerator<System.Object>.get_Current()	AfterTutorialTipManager::DisplayToggleSprintTip	7	0	8	0
138	0x0600006A	AfterTutorialTipManager/<DisplayToggleSprintTip>d__27	AfterTutorialTipManager.<DisplayToggleSprintTip>d__27::System.Collections.IEnumerator.Reset()	AfterTutorialTipManager::DisplayToggleSprintTip	6	0	8	0
139	0x0600006B	AfterTutorialTipManager/<DisplayToggleSprintTip>d__27	AfterTutorialTipManager.<DisplayToggleSprintTip>d__27::System.Collections.IEnumerator.get_Current()	AfterTutorialTipManager::DisplayToggleSprintTip	7	0	8	0
140	0x0600006C	AfterTutorialTipManager/<DisplayUntilBuild>d__28	AfterTutorialTipManager.<DisplayUntilBuild>d__28::.ctor(int)	AfterTutorialTipManager::DisplayUntilBuild	14	0	8	0
141	0x0600006D	AfterTutorialTipManager/<DisplayUntilBuild>d__28	AfterTutorialTipManager.<DisplayUntilBuild>d__28::System.IDisposable.Dispose()	AfterTutorialTipManager::DisplayUntilBuild	1	0	8	0
142	0x0600006E	AfterTutorialTipManager/<DisplayUntilBuild>d__28	AfterTutorialTipManager.<DisplayUntilBuild>d__28::MoveNext()	AfterTutorialTipManager::DisplayUntilBuild	190	2	4	0
143	0x0600006F	AfterTutorialTipManager/<DisplayUntilBuild>d__28	AfterTutorialTipManager.<DisplayUntilBuild>d__28::System.Collections.Generic.IEnumerator<System.Object>.get_Current()	AfterTutorialTipManager::DisplayUntilBuild	7	0	8	0
144	0x06000070	AfterTutorialTipManager/<DisplayUntilBuild>d__28	AfterTutorialTipManager.<DisplayUntilBuild>d__28::System.Collections.IEnumerator.Reset()	AfterTutorialTipManager::DisplayUntilBuild	6	0	8	0
145	0x06000071	AfterTutorialTipManager/<DisplayUntilBuild>d__28	AfterTutorialTipManager.<DisplayUntilBuild>d__28::System.Collections.IEnumerator.get_Current()	AfterTutorialTipManager::DisplayUntilBuild	7	0	8	0
146	0x06000072	AfterTutorialTipManager/<DisplayUntilHotkeyTipDay>d__22	AfterTutorialTipManager.<DisplayUntilHotkeyTipDay>d__22::.ctor(int)	AfterTutorialTipManager::DisplayUntilHotkeyTipDay	14	0	8	0
147	0x06000073	AfterTutorialTipManager/<DisplayUntilHotkeyTipDay>d__22	AfterTutorialTipManager.<DisplayUntilHotkeyTipDay>d__22::System.IDisposable.Dispose()	AfterTutorialTipManager::DisplayUntilHotkeyTipDay	1	0	8	0
148	0x06000074	AfterTutorialTipManager/<DisplayUntilHotkeyTipDay>d__22	AfterTutorialTipManager.<DisplayUntilHotkeyTipDay>d__22::MoveNext()	AfterTutorialTipManager::DisplayUntilHotkeyTipDay	190	2	4	0
149	0x06000075	AfterTutorialTipManager/<DisplayUntilHotkeyTipDay>d__22	AfterTutorialTipManager.<DisplayUntilHotkeyTipDay>d__22::System.Collections.Generic.IEnumerator<System.Object>.get_Current()	AfterTutorialTipManager::DisplayUntilHotkeyTipDay	7	0	8	0
150	0x06000076	AfterTutorialTipManager/<DisplayUntilHotkeyTipDay>d__22	AfterTutorialTipManager.<DisplayUntilHotkeyTipDay>d__22::System.Collections.IEnumerator.Reset()	AfterTutorialTipManager::DisplayUntilHotkeyTipDay	6	0	8	0
151	0x06000077	AfterTutorialTipManager/<DisplayUntilHotkeyTipDay>d__22	AfterTutorialTipManager.<DisplayUntilHotkeyTipDay>d__22::System.Collections.IEnumerator.get_Current()	AfterTutorialTipManager::DisplayUntilHotkeyTipDay	7	0	8	0
152	0x06000078	AfterTutorialTipManager/<DisplayUntilHotkeyTipNight>d__21	AfterTutorialTipManager.<DisplayUntilHotkeyTipNight>d__21::.ctor(int)	AfterTutorialTipManager::DisplayUntilHotkeyTipNight	14	0	8	0
153	0x06000079	AfterTutorialTipManager/<DisplayUntilHotkeyTipNight>d__21	AfterTutorialTipManager.<DisplayUntilHotkeyTipNight>d__21::System.IDisposable.Dispose()	AfterTutorialTipManager::DisplayUntilHotkeyTipNight	1	0	8	0
154	0x0600007A	AfterTutorialTipManager/<DisplayUntilHotkeyTipNight>d__21	AfterTutorialTipManager.<DisplayUntilHotkeyTipNight>d__21::MoveNext()	AfterTutorialTipManager::DisplayUntilHotkeyTipNight	191	2	4	0
155	0x0600007B	AfterTutorialTipManager/<DisplayUntilHotkeyTipNight>d__21	AfterTutorialTipManager.<DisplayUntilHotkeyTipNight>d__21::System.Collections.Generic.IEnumerator<System.Object>.get_Current()	AfterTutorialTipManager::DisplayUntilHotkeyTipNight	7	0	8	0
156	0x0600007C	AfterTutorialTipManager/<DisplayUntilHotkeyTipNight>d__21	AfterTutorialTipManager.<DisplayUntilHotkeyTipNight>d__21::System.Collections.IEnumerator.Reset()	AfterTutorialTipManager::DisplayUntilHotkeyTipNight	6	0	8	0
157	0x0600007D	AfterTutorialTipManager/<DisplayUntilHotkeyTipNight>d__21	AfterTutorialTipManager.<DisplayUntilHotkeyTipNight>d__21::System.Collections.IEnumerator.get_Current()	AfterTutorialTipManager::DisplayUntilHotkeyTipNight	7	0	8	0
158	0x0600007E	AimbotProjectile	AimbotProjectile::get_Weapon()	AimbotProjectile::get_Weapon	7	0	8	0
159	0x0600007F	AimbotProjectile	AimbotProjectile::set_Weapon(Weapon)	AimbotProjectile::set_Weapon	8	0	8	0
160	0x06000080	AimbotProjectile	AimbotProjectile::Start()	AimbotProjectile::Start	114	2	3	1
161	0x06000081	AimbotProjectile	AimbotProjectile::Fire(Weapon,Hp,float,UnityEngine.Vector3,TaggedObject,float,float)	AimbotProjectile::Fire	335	3	4	1
162	0x06000082	AimbotProjectile	AimbotProjectile::Update()	AimbotProjectile::Update	714	8	5	1
163	0x06000083	AimbotProjectile	AimbotProjectile::ShouldBeDestroyedAheadOfTime()	AimbotProjectile::ShouldBeDestroyedAheadOfTime	2	0	8	0
164	0x06000084	AimbotProjectile	AimbotProjectile::DestroyProjectile()	AimbotProjectile::DestroyProjectile	38	0	8	0
165	0x06000085	AimbotProjectile	AimbotProjectile::SpawnWeaponObjectOnHit(UnityEngine.Transform)	AimbotProjectile::SpawnWeaponObjectOnHit	259	3	3	0
166	0x06000086	AimbotProjectile	AimbotProjectile::SpawnProjectileObjectOnHit()	AimbotProjectile::SpawnProjectileObjectOnHit	44	0	8	0
167	0x06000087	AimbotProjectile	AimbotProjectile::OnDestroy()	AimbotProjectile::OnDestroy	228	4	2	2
168	0x06000088	AimbotProjectile	AimbotProjectile::ResetDisabledObjects()	AimbotProjectile::ResetDisabledObjects	89	3	2	1
169	0x06000089	AimbotProjectile	AimbotProjectile::.ctor()	AimbotProjectile::.ctor	40	0	8	0
170	0x0600008A	AimbotProjectile/GameObjectToDestroyAfterTime	AimbotProjectile.GameObjectToDestroyAfterTime::.ctor()	AimbotProjectile/GameObjectToDestroyAfterTime::.ctor	7	0	8	0
171	0x0600008B	AncientShrinePerk	AncientShrinePerk::Start()	AncientShrinePerk::Start	62	0	8	0
172	0x0600008C	AncientShrinePerk	AncientShrinePerk::.ctor()	AncientShrinePerk::.ctor	18	0	8	0
173	0x0600008D	AnimateSizeAndDestroy	AnimateSizeAndDestroy::Start()	AnimateSizeAndDestroy::Start	31	0	8	0
174	0x0600008E	AnimateSizeAndDestroy	AnimateSizeAndDestroy::AnimateScale()	AnimateSizeAndDestroy::AnimateScale	14	0	8	0
175	0x0600008F	AnimateSizeAndDestroy	AnimateSizeAndDestroy::.ctor()	AnimateSizeAndDestroy::.ctor	18	0	8	0
176	0x06000090	AnimateSizeAndDestroy/<AnimateScale>d__4	AnimateSizeAndDestroy.<AnimateScale>d__4::.ctor(int)	AnimateSizeAndDestroy::AnimateScale	14	0	8	0
177	0x06000091	AnimateSizeAndDestroy/<AnimateScale>d__4	AnimateSizeAndDestroy.<AnimateScale>d__4::System.IDisposable.Dispose()	AnimateSizeAndDestroy::AnimateScale	1	0	8	0
178	0x06000092	AnimateSizeAndDestroy/<AnimateScale>d__4	AnimateSizeAndDestroy.<AnimateScale>d__4::MoveNext()	AnimateSizeAndDestroy::AnimateScale	159	3	3	0
179	0x06000093	AnimateSizeAndDestroy/<AnimateScale>d__4	AnimateSizeAndDestroy.<AnimateScale>d__4::System.Collections.Generic.IEnumerator<System.Object>.get_Current()	AnimateSizeAndDestroy::AnimateScale	7	0	8	0
180	0x06000094	AnimateSizeAndDestroy/<AnimateScale>d__4	AnimateSizeAndDestroy.<AnimateScale>d__4::System.Collections.IEnumerator.Reset()	AnimateSizeAndDestroy::AnimateScale	6	0	8	0
181	0x06000095	AnimateSizeAndDestroy/<AnimateScale>d__4	AnimateSizeAndDestroy.<AnimateScale>d__4::System.Collections.IEnumerator.get_Current()	AnimateSizeAndDestroy::AnimateScale	7	0	8	0
182	0x06000096	BoatAnimation	BoatAnimation::Start()	BoatAnimation::Start	52	0	8	0
183	0x06000097	BoatAnimation	BoatAnimation::Update()	BoatAnimation::Update	148	1	5	0
184	0x06000098	BoatAnimation	BoatAnimation::.ctor()	BoatAnimation::.ctor	7	0	8	0
185	0x06000099	CorruptKingJumpMarker	CorruptKingJumpMarker::Start()	CorruptKingJumpMarker::Start	77	0	2	0
186	0x0600009A	CorruptKingJumpMarker	CorruptKingJumpMarker::Update()	CorruptKingJumpMarker::Update	202	2	5	0
187	0x0600009B	CorruptKingJumpMarker	CorruptKingJumpMarker::.ctor()	CorruptKingJumpMarker::.ctor	7	0	8	0
188	0x0600009C	CorruptKingStage2AnimControl	CorruptKingStage2AnimControl::Start()	CorruptKingStage2AnimControl::Start	70	0	3	0
189	0x0600009D	CorruptKingStage2AnimControl	CorruptKingStage2AnimControl::OnAttack()	CorruptKingStage2AnimControl::OnAttack	17	0	8	0
190	0x0600009E	CorruptKingStage2AnimControl	CorruptKingStage2AnimControl::OnJump(UnityEngine.Vector3)	CorruptKingStage2AnimControl::OnJump	35	0	8	0
191	0x0600009F	CorruptKingStage2AnimControl	CorruptKingStage2AnimControl::.ctor()	CorruptKingStage2AnimControl::.ctor	7	0	8	0
192	0x060000A0	KeyframedBoss	KeyframedBoss::Start()	KeyframedBoss::Start	104	0	2	0
193	0x060000A1	KeyframedBoss	KeyframedBoss::StartAnimation()	KeyframedBoss::StartAnimation	14	0	8	0
194	0x060000A2	KeyframedBoss	KeyframedBoss::Update()	KeyframedBoss::Update	533	0	5	0
195	0x060000A3	KeyframedBoss	KeyframedBoss::TransitionOverTo(UnityEngine.Transform,UnityEngine.Transform,float)	KeyframedBoss::TransitionOverTo	35	0	8	0
196	0x060000A4	KeyframedBoss	KeyframedBoss::TransitionTo(UnityEngine.Transform,float)	KeyframedBoss::TransitionTo	28	0	8	0
197	0x060000A5	KeyframedBoss	KeyframedBoss::.ctor()	KeyframedBoss::.ctor	51	0	8	0
198	0x060000A6	KeyframedBoss/<StartAnimation>d__26	KeyframedBoss.<StartAnimation>d__26::.ctor(int)	KeyframedBoss::StartAnimation	14	0	8	0
199	0x060000A7	KeyframedBoss/<StartAnimation>d__26	KeyframedBoss.<StartAnimation>d__26::System.IDisposable.Dispose()	KeyframedBoss::StartAnimation	1	0	8	0
200	0x060000A8	KeyframedBoss/<StartAnimation>d__26	KeyframedBoss.<StartAnimation>d__26::MoveNext()	KeyframedBoss::StartAnimation	282	2	5	0
201	0x060000A9	KeyframedBoss/<StartAnimation>d__26	KeyframedBoss.<StartAnimation>d__26::System.Collections.Generic.IEnumerator<System.Object>.get_Current()	KeyframedBoss::StartAnimation	7	0	8	0
202	0x060000AA	KeyframedBoss/<StartAnimation>d__26	KeyframedBoss.<StartAnimation>d__26::System.Collections.IEnumerator.Reset()	KeyframedBoss::StartAnimation	6	0	8	0
203	0x060000AB	KeyframedBoss/<StartAnimation>d__26	KeyframedBoss.<StartAnimation>d__26::System.Collections.IEnumerator.get_Current()	KeyframedBoss::StartAnimation	7	0	8	0
204	0x060000AC	KeyframedBoss/<TransitionOverTo>d__28	KeyframedBoss.<TransitionOverTo>d__28::.ctor(int)	KeyframedBoss::TransitionOverTo	14	0	8	0
205	0x060000AD	KeyframedBoss/<TransitionOverTo>d__28	KeyframedBoss.<TransitionOverTo>d__28::System.IDisposable.Dispose()	KeyframedBoss::TransitionOverTo	1	0	8	0
206	0x060000AE	KeyframedBoss/<TransitionOverTo>d__28	KeyframedBoss.<TransitionOverTo>d__28::MoveNext()	KeyframedBoss::TransitionOverTo	156	2	5	0
207	0x060000AF	KeyframedBoss/<TransitionOverTo>d__28	KeyframedBoss.<TransitionOverTo>d__28::System.Collections.Generic.IEnumerator<System.Object>.get_Current()	KeyframedBoss::TransitionOverTo	7	0	8	0
208	0x060000B0	KeyframedBoss/<TransitionOverTo>d__28	KeyframedBoss.<TransitionOverTo>d__28::System.Collections.IEnumerator.Reset()	KeyframedBoss::TransitionOverTo	6	0	8	0
209	0x060000B1	KeyframedBoss/<TransitionOverTo>d__28	KeyframedBoss.<TransitionOverTo>d__28::System.Collections.IEnumerator.get_Current()	KeyframedBoss::TransitionOverTo	7	0	8	0
210	0x060000B2	KeyframedBoss/<TransitionTo>d__29	KeyframedBoss.<TransitionTo>d__29::.ctor(int)	KeyframedBoss::TransitionTo	14	0	8	0
211	0x060000B3	KeyframedBoss/<TransitionTo>d__29	KeyframedBoss.<TransitionTo>d__29::System.IDisposable.Dispose()	KeyframedBoss::TransitionTo	1	0	8	0
212	0x060000B4	KeyframedBoss/<TransitionTo>d__29	KeyframedBoss.<TransitionTo>d__29::MoveNext()	KeyframedBoss::TransitionTo	365	3	4	0
213	0x060000B5	KeyframedBoss/<TransitionTo>d__29	KeyframedBoss.<TransitionTo>d__29::System.Collections.Generic.IEnumerator<System.Object>.get_Current()	KeyframedBoss::TransitionTo	7	0	8	0
214	0x060000B6	KeyframedBoss/<TransitionTo>d__29	KeyframedBoss.<TransitionTo>d__29::System.Collections.IEnumerator.Reset()	KeyframedBoss::TransitionTo	6	0	8	0
215	0x060000B7	KeyframedBoss/<TransitionTo>d__29	KeyframedBoss.<TransitionTo>d__29::System.Collections.IEnumerator.get_Current()	KeyframedBoss::TransitionTo	7	0	8	0
216	0x060000B8	BossProjectileTargetMarker	BossProjectileTargetMarker::Update()	BossProjectileTargetMarker::Update	54	0	8	0
217	0x060000B9	BossProjectileTargetMarker	BossProjectileTargetMarker::.ctor()	BossProjectileTargetMarker::.ctor	7	0	8	0
218	0x060000BA	CorruptedKingSpawnHelper	CorruptedKingSpawnHelper::Start()	CorruptedKingSpawnHelper::Start	107	0	2	0
219	0x060000BB	CorruptedKingSpawnHelper	CorruptedKingSpawnHelper::Update()	CorruptedKingSpawnHelper::Update	202	0	3	0
220	0x060000BC	CorruptedKingSpawnHelper	CorruptedKingSpawnHelper::.ctor()	CorruptedKingSpawnHelper::.ctor	40	0	8	0
221	0x060000BD	CorruptKingBlastCircle	CorruptKingBlastCircle::Start()	CorruptKingBlastCircle::Start	18	0	8	0
222	0x060000BE	CorruptKingBlastCircle	CorruptKingBlastCircle::Update()	CorruptKingBlastCircle::Update	135	1	5	0
223	0x060000BF	CorruptKingBlastCircle	CorruptKingBlastCircle::.ctor()	CorruptKingBlastCircle::.ctor	7	0	8	0
224	0x060000C0	DisableAfterAnimation	DisableAfterAnimation::DisableObject()	DisableAfterAnimation::DisableObject	28	0	8	0
225	0x060000C1	DisableAfterAnimation	DisableAfterAnimation::.ctor()	DisableAfterAnimation::.ctor	7	0	8	0
226	0x060000C2	FromToAnimation	FromToAnimation::Start()	FromToAnimation::Start	62	0	8	0
227	0x060000C3	FromToAnimation	FromToAnimation::Animate()	FromToAnimation::Animate	14	0	8	0
228	0x060000C4	FromToAnimation	FromToAnimation::Trigger()	FromToAnimation::Trigger	34	0	8	0
229	0x060000C5	FromToAnimation	FromToAnimation::.ctor()	FromToAnimation::.ctor	7	0	8	0
230	0x060000C6	FromToAnimation/<Animate>d__6	FromToAnimation.<Animate>d__6::.ctor(int)	FromToAnimation::Animate	14	0	8	0
231	0x060000C7	FromToAnimation/<Animate>d__6	FromToAnimation.<Animate>d__6::System.IDisposable.Dispose()	FromToAnimation::Animate	1	0	8	0
232	0x060000C8	FromToAnimation/<Animate>d__6	FromToAnimation.<Animate>d__6::MoveNext()	FromToAnimation::Animate	213	2	6	0
233	0x060000C9	FromToAnimation/<Animate>d__6	FromToAnimation.<Animate>d__6::System.Collections.Generic.IEnumerator<System.Object>.get_Current()	FromToAnimation::Animate	7	0	8	0
234	0x060000CA	FromToAnimation/<Animate>d__6	FromToAnimation.<Animate>d__6::System.Collections.IEnumerator.Reset()	FromToAnimation::Animate	6	0	8	0
235	0x060000CB	FromToAnimation/<Animate>d__6	FromToAnimation.<Animate>d__6::System.Collections.IEnumerator.get_Current()	FromToAnimation::Animate	7	0	8	0
236	0x060000CC	GiveRandomPhysicsImpulseOnEnable	GiveRandomPhysicsImpulseOnEnable::Start()	GiveRandomPhysicsImpulseOnEnable::Start	128	3	4	0
237	0x060000CD	GiveRandomPhysicsImpulseOnEnable	GiveRandomPhysicsImpulseOnEnable::.ctor()	GiveRandomPhysicsImpulseOnEnable::.ctor	29	0	8	0
238	0x060000CE	OneShotAnimationBase	OneShotAnimationBase::Trigger()	OneShotAnimationBase::Trigger	0	0	0	0
239	0x060000CF	OneShotAnimationBase	OneShotAnimationBase::.ctor()	OneShotAnimationBase::.ctor	18	0	8	0
240	0x060000D0	PlayerAttackAnimator	PlayerAttackAnimator::AssignAttack(ManualAttack)	PlayerAttackAnimator::AssignAttack	36	0	8	0
241	0x060000D1	PlayerAttackAnimator	PlayerAttackAnimator::TriggerAnimations()	PlayerAttackAnimator::TriggerAnimations	99	1	2	1
242	0x060000D2	PlayerAttackAnimator	PlayerAttackAnimator::DelayedCooldownAnimation()	PlayerAttackAnimator::DelayedCooldownAnimation	14	0	8	0
243	0x060000D3	PlayerAttackAnimator	PlayerAttackAnimator::.ctor()	PlayerAttackAnimator::.ctor	40	0	8	0
244	0x060000D4	PlayerAttackAnimator/<DelayedCooldownAnimation>d__6	PlayerAttackAnimator.<DelayedCooldownAnimation>d__6::.ctor(int)	PlayerAttackAnimator::DelayedCooldownAnimation	14	0	8	0
245	0x060000D5	PlayerAttackAnimator/<DelayedCooldownAnimation>d__6	PlayerAttackAnimator.<DelayedCooldownAnimation>d__6::System.IDisposable.Dispose()	PlayerAttackAnimator::DelayedCooldownAnimation	1	0	8	0
246	0x060000D6	PlayerAttackAnimator/<DelayedCooldownAnimation>d__6	PlayerAttackAnimator.<DelayedCooldownAnimation>d__6::MoveNext()	PlayerAttackAnimator::DelayedCooldownAnimation	150	4	3	1
247	0x060000D7	PlayerAttackAnimator/<DelayedCooldownAnimation>d__6	PlayerAttackAnimator.<DelayedCooldownAnimation>d__6::System.Collections.Generic.IEnumerator<System.Object>.get_Current()	PlayerAttackAnimator::DelayedCooldownAnimation	7	0	8	0
248	0x060000D8	PlayerAttackAnimator/<DelayedCooldownAnimation>d__6	PlayerAttackAnimator.<DelayedCooldownAnimation>d__6::System.Collections.IEnumerator.Reset()	PlayerAttackAnimator::DelayedCooldownAnimation	6	0	8	0
249	0x060000D9	PlayerAttackAnimator/<DelayedCooldownAnimation>d__6	PlayerAttackAnimator.<DelayedCooldownAnimation>d__6::System.Collections.IEnumerator.get_Current()	PlayerAttackAnimator::DelayedCooldownAnimation	7	0	8	0
250	0x060000DA	PlayerAttackTargetFacer	PlayerAttackTargetFacer::AssignAttack(ManualAttack)	PlayerAttackTargetFacer::AssignAttack	78	0	3	0
251	0x060000DB	PlayerAttackTargetFacer	PlayerAttackTargetFacer::UpdateTarget()	PlayerAttackTargetFacer::UpdateTarget	119	0	3	0
252	0x060000DC	PlayerAttackTargetFacer	PlayerAttackTargetFacer::Update()	PlayerAttackTargetFacer::Update	232	1	5	0
253	0x060000DD	PlayerAttackTargetFacer	PlayerAttackTargetFacer::.ctor()	PlayerAttackTargetFacer::.ctor	40	0	8	0
254	0x060000DE	PlayerScept	PlayerScept::Start()	PlayerScept::Start	46	0	8	0
255	0x060000DF	PlayerScept	PlayerScept::Update()	PlayerScept::Update	75	0	2	0
256	0x060000E0	PlayerScept	PlayerScept::AnimationIn()	PlayerScept::AnimationIn	14	0	8	0
257	0x060000E1	PlayerScept	PlayerScept::AnimationOut()	PlayerScept::AnimationOut	14	0	8	0
258	0x060000E2	PlayerScept	PlayerScept::OnDawn_AfterSunrise()	PlayerScept::OnDawn_AfterSunrise	13	0	8	0
259	0x060000E3	PlayerScept	PlayerScept::OnDawn_BeforeSunrise()	PlayerScept::OnDawn_BeforeSunrise	1	0	8	0
260	0x060000E4	PlayerScept	PlayerScept::OnDusk()	PlayerScept::OnDusk	13	0	8	0
261	0x060000E5	PlayerScept	PlayerScept::OnDuskEarly()	PlayerScept::OnDuskEarly	1	0	8	0
262	0x060000E6	PlayerScept	PlayerScept::.ctor()	PlayerScept::.ctor	29	0	8	0
263	0x060000E7	PlayerScept/<AnimationIn>d__11	PlayerScept.<AnimationIn>d__11::.ctor(int)	PlayerScept::AnimationIn	14	0	8	0
264	0x060000E8	PlayerScept/<AnimationIn>d__11	PlayerScept.<AnimationIn>d__11::System.IDisposable.Dispose()	PlayerScept::AnimationIn	1	0	8	0
265	0x060000E9	PlayerScept/<AnimationIn>d__11	PlayerScept.<AnimationIn>d__11::MoveNext()	PlayerScept::AnimationIn	208	2	7	0
266	0x060000EA	PlayerScept/<AnimationIn>d__11	PlayerScept.<AnimationIn>d__11::System.Collections.Generic.IEnumerator<System.Object>.get_Current()	PlayerScept::AnimationIn	7	0	8	0
267	0x060000EB	PlayerScept/<AnimationIn>d__11	PlayerScept.<AnimationIn>d__11::System.Collections.IEnumerator.Reset()	PlayerScept::AnimationIn	6	0	8	0
268	0x060000EC	PlayerScept/<AnimationIn>d__11	PlayerScept.<AnimationIn>d__11::System.Collections.IEnumerator.get_Current()	PlayerScept::AnimationIn	7	0	8	0
269	0x060000ED	PlayerScept/<AnimationOut>d__12	PlayerScept.<AnimationOut>d__12::.ctor(int)	PlayerScept::AnimationOut	14	0	8	0
270	0x060000EE	PlayerScept/<AnimationOut>d__12	PlayerScept.<AnimationOut>d__12::System.IDisposable.Dispose()	PlayerScept::AnimationOut	1	0	8	0
271	0x060000EF	PlayerScept/<AnimationOut>d__12	PlayerScept.<AnimationOut>d__12::MoveNext()	PlayerScept::AnimationOut	198	2	7	0
272	0x060000F0	PlayerScept/<AnimationOut>d__12	PlayerScept.<AnimationOut>d__12::System.Collections.Generic.IEnumerator<System.Object>.get_Current()	PlayerScept::AnimationOut	7	0	8	0
273	0x060000F1	PlayerScept/<AnimationOut>d__12	PlayerScept.<AnimationOut>d__12::System.Collections.IEnumerator.Reset()	PlayerScept::AnimationOut	6	0	8	0
274	0x060000F2	PlayerScept/<AnimationOut>d__12	PlayerScept.<AnimationOut>d__12::System.Collections.IEnumerator.get_Current()	PlayerScept::AnimationOut	7	0	8	0
275	0x060000F3	PositionAnimation	PositionAnimation::Start()	PositionAnimation::Start	18	0	8	0
276	0x060000F4	PositionAnimation	PositionAnimation::Animate()	PositionAnimation::Animate	14	0	8	0
277	0x060000F5	PositionAnimation	PositionAnimation::Trigger()	PositionAnimation::Trigger	34	0	8	0
278	0x060000F6	PositionAnimation	PositionAnimation::.ctor()	PositionAnimation::.ctor	7	0	8	0
279	0x060000F7	PositionAnimation/<Animate>d__5	PositionAnimation.<Animate>d__5::.ctor(int)	PositionAnimation::Animate	14	0	8	0
280	0x060000F8	PositionAnimation/<Animate>d__5	PositionAnimation.<Animate>d__5::System.IDisposable.Dispose()	PositionAnimation::Animate	1	0	8	0
281	0x060000F9	PositionAnimation/<Animate>d__5	PositionAnimation.<Animate>d__5::MoveNext()	PositionAnimation::Animate	213	2	6	0
282	0x060000FA	PositionAnimation/<Animate>d__5	PositionAnimation.<Animate>d__5::System.Collections.Generic.IEnumerator<System.Object>.get_Current()	PositionAnimation::Animate	7	0	8	0
283	0x060000FB	PositionAnimation/<Animate>d__5	PositionAnimation.<Animate>d__5::System.Collections.IEnumerator.Reset()	PositionAnimation::Animate	6	0	8	0
284	0x060000FC	PositionAnimation/<Animate>d__5	PositionAnimation.<Animate>d__5::System.Collections.IEnumerator.get_Current()	PositionAnimation::Animate	7	0	8	0
285	0x060000FD	KeepRelativeRotationTo	KeepRelativeRotationTo::PrepareData()	KeepRelativeRotationTo::PrepareData	136	1	3	0
286	0x060000FE	KeepRelativeRotationTo	KeepRelativeRotationTo::Start()	KeepRelativeRotationTo::Start	165	1	3	0
287	0x060000FF	KeepRelativeRotationTo	KeepRelativeRotationTo::Update()	KeepRelativeRotationTo::Update	84	1	3	0
288	0x06000100	KeepRelativeRotationTo	KeepRelativeRotationTo::.ctor()	KeepRelativeRotationTo::.ctor	18	0	8	0
289	0x06000101	Wiggler	Wiggler::get_velocity()	Wiggler::get_velocity	7	0	8	0
290	0x06000102	Wiggler	Wiggler::set_velocity(UnityEngine.Vector3)	Wiggler::set_velocity	8	0	8	0
291	0x06000103	Wiggler	Wiggler::Start()	Wiggler::Start	98	0	4	0
292	0x06000104	Wiggler	Wiggler::Update()	Wiggler::Update	256	3	6	0
293	0x06000105	Wiggler	Wiggler::.ctor()	Wiggler::.ctor	40	0	8	0
294	0x06000106	WigglerAnimatedVelocity	WigglerAnimatedVelocity::Start()	WigglerAnimatedVelocity::Start	56	0	8	0
295	0x06000107	WigglerAnimatedVelocity	WigglerAnimatedVelocity::Update()	WigglerAnimatedVelocity::Update	55	0	8	0
296	0x06000108	WigglerAnimatedVelocity	WigglerAnimatedVelocity::PerformUpdate()	WigglerAnimatedVelocity::PerformUpdate	118	1	4	0
297	0x06000109	WigglerAnimatedVelocity	WigglerAnimatedVelocity::.ctor()	WigglerAnimatedVelocity::.ctor	25	0	8	0
298	0x0600010A	WigglerAnimationState	WigglerAnimationState::.ctor()	WigglerAnimationState::.ctor	14	0	8	0
299	0x0600010B	WigglerVelocity	WigglerVelocity::Start()	WigglerVelocity::Start	56	0	8	0
300	0x0600010C	WigglerVelocity	WigglerVelocity::Update()	WigglerVelocity::Update	55	0	8	0
301	0x0600010D	WigglerVelocity	WigglerVelocity::PerformUpdate()	WigglerVelocity::PerformUpdate	60	0	8	0
302	0x0600010E	WigglerVelocity	WigglerVelocity::.ctor()	WigglerVelocity::.ctor	14	0	8	0
303	0x0600010F	QuickslingBarrelRotator	QuickslingBarrelRotator::Start()	QuickslingBarrelRotator::Start	59	0	8	0
304	0x06000110	QuickslingBarrelRotator	QuickslingBarrelRotator::Update()	QuickslingBarrelRotator::Update	75	0	5	0
305	0x06000111	QuickslingBarrelRotator	QuickslingBarrelRotator::OnAttack()	QuickslingBarrelRotator::OnAttack	61	0	8	0
306	0x06000112	QuickslingBarrelRotator	QuickslingBarrelRotator::.ctor()	QuickslingBarrelRotator::.ctor	29	0	8	0
307	0x06000113	RacerRoll	RacerRoll::Update()	RacerRoll::Update	105	3	5	0
308	0x06000114	RacerRoll	RacerRoll::.ctor()	RacerRoll::.ctor	18	0	8	0
309	0x06000115	RotateForwardToAttackDirection	RotateForwardToAttackDirection::Start()	RotateForwardToAttackDirection::Start	58	0	8	0
310	0x06000116	RotateForwardToAttackDirection	RotateForwardToAttackDirection::Update()	RotateForwardToAttackDirection::Update	149	0	5	0
311	0x06000117	RotateForwardToAttackDirection	RotateForwardToAttackDirection::OnAttack()	RotateForwardToAttackDirection::OnAttack	68	0	3	0
312	0x06000118	RotateForwardToAttackDirection	RotateForwardToAttackDirection::.ctor()	RotateForwardToAttackDirection::.ctor	40	0	8	0
313	0x06000119	RotateForwardToRVOVelocity	RotateForwardToRVOVelocity::get_IsMoving()	RotateForwardToRVOVelocity::get_IsMoving	7	0	8	0
314	0x0600011A	RotateForwardToRVOVelocity	RotateForwardToRVOVelocity::set_IsMoving(bool)	RotateForwardToRVOVelocity::set_IsMoving	8	0	8	0
315	0x0600011B	RotateForwardToRVOVelocity	RotateForwardToRVOVelocity::ReInitWithAttack(AutoAttack)	RotateForwardToRVOVelocity::ReInitWithAttack	92	0	3	0
316	0x0600011C	RotateForwardToRVOVelocity	RotateForwardToRVOVelocity::Start()	RotateForwardToRVOVelocity::Start	59	0	8	0
317	0x0600011D	RotateForwardToRVOVelocity	RotateForwardToRVOVelocity::Update()	RotateForwardToRVOVelocity::Update	337	3	5	0
318	0x0600011E	RotateForwardToRVOVelocity	RotateForwardToRVOVelocity::OnAttack()	RotateForwardToRVOVelocity::OnAttack	68	0	3	0
319	0x0600011F	RotateForwardToRVOVelocity	RotateForwardToRVOVelocity::.ctor()	RotateForwardToRVOVelocity::.ctor	40	0	8	0
320	0x06000120	RotateForwardToRVOVelocityRVO	RotateForwardToRVOVelocityRVO::Start()	RotateForwardToRVOVelocityRVO::Start	59	0	8	0
321	0x06000121	RotateForwardToRVOVelocityRVO	RotateForwardToRVOVelocityRVO::Update()	RotateForwardToRVOVelocityRVO::Update	259	2	5	0
322	0x06000122	RotateForwardToRVOVelocityRVO	RotateForwardToRVOVelocityRVO::OnAttack()	RotateForwardToRVOVelocityRVO::OnAttack	77	0	3	0
323	0x06000123	RotateForwardToRVOVelocityRVO	RotateForwardToRVOVelocityRVO::.ctor()	RotateForwardToRVOVelocityRVO::.ctor	40	0	8	0
324	0x06000124	ScaleAnimation	ScaleAnimation::Start()	ScaleAnimation::Start	48	0	8	0
325	0x06000125	ScaleAnimation	ScaleAnimation::Animate()	ScaleAnimation::Animate	14	0	8	0
326	0x06000126	ScaleAnimation	ScaleAnimation::Trigger()	ScaleAnimation::Trigger	34	0	8	0
327	0x06000127	ScaleAnimation	ScaleAnimation::.ctor()	ScaleAnimation::.ctor	18	0	8	0
328	0x06000128	ScaleAnimation/<Animate>d__6	ScaleAnimation.<Animate>d__6::.ctor(int)	ScaleAnimation::Animate	14	0	8	0
329	0x06000129	ScaleAnimation/<Animate>d__6	ScaleAnimation.<Animate>d__6::System.IDisposable.Dispose()	ScaleAnimation::Animate	1	0	8	0
330	0x0600012A	ScaleAnimation/<Animate>d__6	ScaleAnimation.<Animate>d__6::MoveNext()	ScaleAnimation::Animate	254	2	7	0
331	0x0600012B	ScaleAnimation/<Animate>d__6	ScaleAnimation.<Animate>d__6::System.Collections.Generic.IEnumerator<System.Object>.get_Current()	ScaleAnimation::Animate	7	0	8	0
332	0x0600012C	ScaleAnimation/<Animate>d__6	ScaleAnimation.<Animate>d__6::System.Collections.IEnumerator.Reset()	ScaleAnimation::Animate	6	0	8	0
333	0x0600012D	ScaleAnimation/<Animate>d__6	ScaleAnimation.<Animate>d__6::System.Collections.IEnumerator.get_Current()	ScaleAnimation::Animate	7	0	8	0
334	0x0600012E	ScalePulse	ScalePulse::Start()	ScalePulse::Start	20	0	8	0
335	0x0600012F	ScalePulse	ScalePulse::Update()	ScalePulse::Update	185	3	6	0
336	0x06000130	ScalePulse	ScalePulse::.ctor()	ScalePulse::.ctor	40	0	8	0
337	0x06000131	ScalePulseNonUniform	ScalePulseNonUniform::Start()	ScalePulseNonUniform::Start	20	0	8	0
338	0x06000132	ScalePulseNonUniform	ScalePulseNonUniform::Update()	ScalePulseNonUniform::Update	286	3	6	0
339	0x06000133	ScalePulseNonUniform	ScalePulseNonUniform::.ctor()	ScalePulseNonUniform::.ctor	77	0	4	0
340	0x06000134	ShapekeyPingPong	ShapekeyPingPong::Start()	ShapekeyPingPong::Start	24	0	8	0
341	0x06000135	ShapekeyPingPong	ShapekeyPingPong::Update()	ShapekeyPingPong::Update	54	0	8	0
342	0x06000136	ShapekeyPingPong	ShapekeyPingPong::.ctor()	ShapekeyPingPong::.ctor	49	0	8	0
343	0x06000137	SimpleRotate	SimpleRotate::Update()	SimpleRotate::Update	44	0	8	0
344	0x06000138	SimpleRotate	SimpleRotate::.ctor()	SimpleRotate::.ctor	7	0	8	0
345	0x06000139	SimpleRotator	SimpleRotator::OnEnable()	SimpleRotator::OnEnable	46	0	8	0
346	0x0600013A	SimpleRotator	SimpleRotator::Update()	SimpleRotator::Update	34	0	8	0
347	0x0600013B	SimpleRotator	SimpleRotator::.ctor()	SimpleRotator::.ctor	7	0	8	0
348	0x0600013C	SimpleWalk	SimpleWalk::Start()	SimpleWalk::Start	29	0	8	0
349	0x0600013D	SimpleWalk	SimpleWalk::Update()	SimpleWalk::Update	279	2	5	0
350	0x0600013E	SimpleWalk	SimpleWalk::.ctor()	SimpleWalk::.ctor	58	0	8	0
351	0x0600013F	SpinAnimation	SpinAnimation::Start()	SpinAnimation::Start	62	0	8	0
352	0x06000140	SpinAnimation	SpinAnimation::Animate()	SpinAnimation::Animate	14	0	8	0
353	0x06000141	SpinAnimation	SpinAnimation::Trigger()	SpinAnimation::Trigger	34	0	8	0
354	0x06000142	SpinAnimation	SpinAnimation::.ctor()	SpinAnimation::.ctor	7	0	8	0
355	0x06000143	SpinAnimation/<Animate>d__6	SpinAnimation.<Animate>d__6::.ctor(int)	SpinAnimation::Animate	14	0	8	0
356	0x06000144	SpinAnimation/<Animate>d__6	SpinAnimation.<Animate>d__6::System.IDisposable.Dispose()	SpinAnimation::Animate	1	0	8	0
357	0x06000145	SpinAnimation/<Animate>d__6	SpinAnimation.<Animate>d__6::MoveNext()	SpinAnimation::Animate	193	2	5	0
358	0x06000146	SpinAnimation/<Animate>d__6	SpinAnimation.<Animate>d__6::System.Collections.Generic.IEnumerator<System.Object>.get_Current()	SpinAnimation::Animate	7	0	8	0
359	0x06000147	SpinAnimation/<Animate>d__6	SpinAnimation.<Animate>d__6::System.Collections.IEnumerator.Reset()	SpinAnimation::Animate	6	0	8	0
360	0x06000148	SpinAnimation/<Animate>d__6	SpinAnimation.<Animate>d__6::System.Collections.IEnumerator.get_Current()	SpinAnimation::Animate	7	0	8	0
361	0x06000149	SuperSimpleOceanAnimation	SuperSimpleOceanAnimation::Start()	SuperSimpleOceanAnimation::Start	18	0	8	0
362	0x0600014A	SuperSimpleOceanAnimation	SuperSimpleOceanAnimation::Update()	SuperSimpleOceanAnimation::Update	150	0	5	0
363	0x0600014B	SuperSimpleOceanAnimation	SuperSimpleOceanAnimation::.ctor()	SuperSimpleOceanAnimation::.ctor	29	0	8	0
364	0x0600014C	TentacleAnimationOffset	TentacleAnimationOffset::Start()	TentacleAnimationOffset::Start	22	0	8	0
365	0x0600014D	TentacleAnimationOffset	TentacleAnimationOffset::.ctor()	TentacleAnimationOffset::.ctor	7	0	8	0
366	0x0600014E	UnitAttackAnimator	UnitAttackAnimator::Start()	UnitAttackAnimator::Start	42	0	8	0
367	0x0600014F	UnitAttackAnimator	UnitAttackAnimator::OnAttack()	UnitAttackAnimator::OnAttack	54	2	2	0
368	0x06000150	UnitAttackAnimator	UnitAttackAnimator::OnAttackExt()	UnitAttackAnimator::OnAttackExt	7	0	8	0
369	0x06000151	UnitAttackAnimator	UnitAttackAnimator::.ctor()	UnitAttackAnimator::.ctor	7	0	8	0
370	0x06000152	UnitCommandRadiusAnimation	UnitCommandRadiusAnimation::get_Active()	UnitCommandRadiusAnimation::get_Active	7	0	8	0
371	0x06000153	UnitCommandRadiusAnimation	UnitCommandRadiusAnimation::Start()	UnitCommandRadiusAnimation::Start	21	0	8	0
372	0x06000154	UnitCommandRadiusAnimation	UnitCommandRadiusAnimation::Activate()	UnitCommandRadiusAnimation::Activate	39	0	8	0
373	0x06000155	UnitCommandRadiusAnimation	UnitCommandRadiusAnimation::Deactivate()	UnitCommandRadiusAnimation::Deactivate	41	0	8	0
374	0x06000156	UnitCommandRadiusAnimation	UnitCommandRadiusAnimation::AnimateShow()	UnitCommandRadiusAnimation::AnimateShow	14	0	8	0
375	0x06000157	UnitCommandRadiusAnimation	UnitCommandRadiusAnimation::AnimateHide()	UnitCommandRadiusAnimation::AnimateHide	14	0	8	0
376	0x06000158	UnitCommandRadiusAnimation	UnitCommandRadiusAnimation::.ctor()	UnitCommandRadiusAnimation::.ctor	18	0	8	0
377	0x06000159	UnitCommandRadiusAnimation/<AnimateHide>d__11	UnitCommandRadiusAnimation.<AnimateHide>d__11::.ctor(int)	UnitCommandRadiusAnimation::AnimateHide	14	0	8	0
378	0x0600015A	UnitCommandRadiusAnimation/<AnimateHide>d__11	UnitCommandRadiusAnimation.<AnimateHide>d__11::System.IDisposable.Dispose()	UnitCommandRadiusAnimation::AnimateHide	1	0	8	0
379	0x0600015B	UnitCommandRadiusAnimation/<AnimateHide>d__11	UnitCommandRadiusAnimation.<AnimateHide>d__11::MoveNext()	UnitCommandRadiusAnimation::AnimateHide	182	2	6	0
380	0x0600015C	UnitCommandRadiusAnimation/<AnimateHide>d__11	UnitCommandRadiusAnimation.<AnimateHide>d__11::System.Collections.Generic.IEnumerator<System.Object>.get_Current()	UnitCommandRadiusAnimation::AnimateHide	7	0	8	0
381	0x0600015D	UnitCommandRadiusAnimation/<AnimateHide>d__11	UnitCommandRadiusAnimation.<AnimateHide>d__11::System.Collections.IEnumerator.Reset()	UnitCommandRadiusAnimation::AnimateHide	6	0	8	0
382	0x0600015E	UnitCommandRadiusAnimation/<AnimateHide>d__11	UnitCommandRadiusAnimation.<AnimateHide>d__11::System.Collections.IEnumerator.get_Current()	UnitCommandRadiusAnimation::AnimateHide	7	0	8	0
383	0x0600015F	UnitCommandRadiusAnimation/<AnimateShow>d__10	UnitCommandRadiusAnimation.<AnimateShow>d__10::.ctor(int)	UnitCommandRadiusAnimation::AnimateShow	14	0	8	0
384	0x06000160	UnitCommandRadiusAnimation/<AnimateShow>d__10	UnitCommandRadiusAnimation.<AnimateShow>d__10::System.IDisposable.Dispose()	UnitCommandRadiusAnimation::AnimateShow	1	0	8	0
385	0x06000161	UnitCommandRadiusAnimation/<AnimateShow>d__10	UnitCommandRadiusAnimation.<AnimateShow>d__10::MoveNext()	UnitCommandRadiusAnimation::AnimateShow	170	2	6	0
386	0x06000162	UnitCommandRadiusAnimation/<AnimateShow>d__10	UnitCommandRadiusAnimation.<AnimateShow>d__10::System.Collections.Generic.IEnumerator<System.Object>.get_Current()	UnitCommandRadiusAnimation::AnimateShow	7	0	8	0
387	0x06000163	UnitCommandRadiusAnimation/<AnimateShow>d__10	UnitCommandRadiusAnimation.<AnimateShow>d__10::System.Collections.IEnumerator.Reset()	UnitCommandRadiusAnimation::AnimateShow	6	0	8	0
388	0x06000164	UnitCommandRadiusAnimation/<AnimateShow>d__10	UnitCommandRadiusAnimation.<AnimateShow>d__10::System.Collections.IEnumerator.get_Current()	UnitCommandRadiusAnimation::AnimateShow	7	0	8	0
389	0x06000165	UnitSpawnAppear	UnitSpawnAppear::Awake()	UnitSpawnAppear::Awake	17	0	8	0
390	0x06000166	UnitSpawnAppear	UnitSpawnAppear::Update()	UnitSpawnAppear::Update	143	0	6	0
391	0x06000167	UnitSpawnAppear	UnitSpawnAppear::.ctor()	UnitSpawnAppear::.ctor	7	0	8	0
392	0x06000168	WheelRollAnimator	WheelRollAnimator::Update()	WheelRollAnimator::Update	140	5	5	0
393	0x06000169	WheelRollAnimator	WheelRollAnimator::.ctor()	WheelRollAnimator::.ctor	18	0	8	0
394	0x0600016A	ApplyHeroUnitPerks	ApplyHeroUnitPerks::Start()	ApplyHeroUnitPerks::Start	118	3	3	0
395	0x0600016B	ApplyHeroUnitPerks	ApplyHeroUnitPerks::.ctor()	ApplyHeroUnitPerks::.ctor	7	0	8	0
396	0x0600016C	ArachnophobiaSettings	ArachnophobiaSettings::Start()	ArachnophobiaSettings::Start	58	0	8	0
397	0x0600016D	ArachnophobiaSettings	ArachnophobiaSettings::Refresh()	ArachnophobiaSettings::Refresh	60	1	2	0
398	0x0600016E	ArachnophobiaSettings	ArachnophobiaSettings::.ctor()	ArachnophobiaSettings::.ctor	7	0	8	0
399	0x0600016F	AudioDayNightFader	AudioDayNightFader::Start()	AudioDayNightFader::Start	147	0	4	0
400	0x06000170	AudioDayNightFader	AudioDayNightFader::OnDawn_AfterSunrise()	AudioDayNightFader::OnDawn_AfterSunrise	1	0	8	0
401	0x06000171	AudioDayNightFader	AudioDayNightFader::OnDawn_BeforeSunrise()	AudioDayNightFader::OnDawn_BeforeSunrise	20	0	8	0
402	0x06000172	AudioDayNightFader	AudioDayNightFader::OnDusk()	AudioDayNightFader::OnDusk	20	0	8	0
403	0x06000173	AudioDayNightFader	AudioDayNightFader::FadeToNight()	AudioDayNightFader::FadeToNight	14	0	8	0
404	0x06000174	AudioDayNightFader	AudioDayNightFader::FadeToDay()	AudioDayNightFader::FadeToDay	14	0	8	0
405	0x06000175	AudioDayNightFader	AudioDayNightFader::OnDuskEarly()	AudioDayNightFader::OnDuskEarly	1	0	8	0
406	0x06000176	AudioDayNightFader	AudioDayNightFader::.ctor()	AudioDayNightFader::.ctor	40	0	8	0
407	0x06000177	AudioDayNightFader/<FadeToDay>d__16	AudioDayNightFader.<FadeToDay>d__16::.ctor(int)	AudioDayNightFader::FadeToDay	14	0	8	0
408	0x06000178	AudioDayNightFader/<FadeToDay>d__16	AudioDayNightFader.<FadeToDay>d__16::System.IDisposable.Dispose()	AudioDayNightFader::FadeToDay	1	0	8	0
409	0x06000179	AudioDayNightFader/<FadeToDay>d__16	AudioDayNightFader.<FadeToDay>d__16::MoveNext()	AudioDayNightFader::FadeToDay	299	2	5	0
410	0x0600017A	AudioDayNightFader/<FadeToDay>d__16	AudioDayNightFader.<FadeToDay>d__16::System.Collections.Generic.IEnumerator<System.Object>.get_Current()	AudioDayNightFader::FadeToDay	7	0	8	0
411	0x0600017B	AudioDayNightFader/<FadeToDay>d__16	AudioDayNightFader.<FadeToDay>d__16::System.Collections.IEnumerator.Reset()	AudioDayNightFader::FadeToDay	6	0	8	0
412	0x0600017C	AudioDayNightFader/<FadeToDay>d__16	AudioDayNightFader.<FadeToDay>d__16::System.Collections.IEnumerator.get_Current()	AudioDayNightFader::FadeToDay	7	0	8	0
413	0x0600017D	AudioDayNightFader/<FadeToNight>d__15	AudioDayNightFader.<FadeToNight>d__15::.ctor(int)	AudioDayNightFader::FadeToNight	14	0	8	0
414	0x0600017E	AudioDayNightFader/<FadeToNight>d__15	AudioDayNightFader.<FadeToNight>d__15::System.IDisposable.Dispose()	AudioDayNightFader::FadeToNight	1	0	8	0
415	0x0600017F	AudioDayNightFader/<FadeToNight>d__15	AudioDayNightFader.<FadeToNight>d__15::MoveNext()	AudioDayNightFader::FadeToNight	449	2	5	0
416	0x06000180	AudioDayNightFader/<FadeToNight>d__15	AudioDayNightFader.<FadeToNight>d__15::System.Collections.Generic.IEnumerator<System.Object>.get_Current()	AudioDayNightFader::FadeToNight	7	0	8	0
417	0x06000181	AudioDayNightFader/<FadeToNight>d__15	AudioDayNightFader.<FadeToNight>d__15::System.Collections.IEnumerator.Reset()	AudioDayNightFader::FadeToNight	6	0	8	0
418	0x06000182	AudioDayNightFader/<FadeToNight>d__15	AudioDayNightFader.<FadeToNight>d__15::System.Collections.IEnumerator.get_Current()	AudioDayNightFader::FadeToNight	7	0	8	0
419	0x06000183	AudioSet	AudioSet::get_NightSurvived()	AudioSet::get_NightSurvived	7	0	8	0
420	0x06000184	AudioSet	AudioSet::get_BuildingRepair()	AudioSet::get_BuildingRepair	7	0	8	0
421	0x06000185	AudioSet	AudioSet::get_CoinslotFill()	AudioSet::get_CoinslotFill	7	0	8	0
422	0x06000186	AudioSet	AudioSet::get_LastCoinslotFill()	AudioSet::get_LastCoinslotFill	7	0	8	0
423	0x06000187	AudioSet	AudioSet::get_CoinslotInteractionStart()	AudioSet::get_CoinslotInteractionStart	7	0	8	0
424	0x06000188	AudioSet	AudioSet::get_PayBackground()	AudioSet::get_PayBackground	7	0	8	0
425	0x06000189	AudioSet	AudioSet::get_BuildingBuild()	AudioSet::get_BuildingBuild	7	0	8	0
426	0x0600018A	AudioSet	AudioSet::get_BuildingUpgrade()	AudioSet::get_BuildingUpgrade	7	0	8	0
427	0x0600018B	AudioSet	AudioSet::get_TowerShot()	AudioSet::get_TowerShot	7	0	8	0
428	0x0600018C	AudioSet	AudioSet::get_BallistaShot()	AudioSet::get_BallistaShot	7	0	8	0
429	0x0600018D	AudioSet	AudioSet::get_EnemySpawn()	AudioSet::get_EnemySpawn	7	0	8	0
430	0x0600018E	AudioSet	AudioSet::get_DefaultOnFootStep()	AudioSet::get_DefaultOnFootStep	7	0	8	0
431	0x0600018F	AudioSet	AudioSet::get_GiantStep()	AudioSet::get_GiantStep	7	0	8	0
432	0x06000190	AudioSet	AudioSet::get_FlyingSmall()	AudioSet::get_FlyingSmall	7	0	8	0
433	0x06000191	AudioSet	AudioSet::get_FlyingBig()	AudioSet::get_FlyingBig	7	0	8	0
434	0x06000192	AudioSet	AudioSet::get_FlyingWizzard()	AudioSet::get_FlyingWizzard	7	0	8	0
435	0x06000193	AudioSet	AudioSet::get_SiegeRoll()	AudioSet::get_SiegeRoll	7	0	8	0
436	0x06000194	AudioSet	AudioSet::get_RacerRoll()	AudioSet::get_RacerRoll	7	0	8	0
437	0x06000195	AudioSet	AudioSet::get_SquishyBounce()	AudioSet::get_SquishyBounce	7	0	8	0
438	0x06000196	AudioSet	AudioSet::get_ExploderRoll()	AudioSet::get_ExploderRoll	7	0	8	0
439	0x06000197	AudioSet	AudioSet::get_MonsterRiderGallop()	AudioSet::get_MonsterRiderGallop	7	0	8	0
440	0x06000198	AudioSet	AudioSet::get_SlimeStep()	AudioSet::get_SlimeStep	7	0	8	0
441	0x06000199	AudioSet	AudioSet::get_WindboatFly()	AudioSet::get_WindboatFly	7	0	8	0
442	0x0600019A	AudioSet	AudioSet::get_Steamcastle()	AudioSet::get_Steamcastle	7	0	8	0
443	0x0600019B	AudioSet	AudioSet::get_Firestorm()	AudioSet::get_Firestorm	7	0	8	0
444	0x0600019C	AudioSet	AudioSet::get_DefaultSwordAttack()	AudioSet::get_DefaultSwordAttack	7	0	8	0
445	0x0600019D	AudioSet	AudioSet::get_FlailAttack()	AudioSet::get_FlailAttack	7	0	8	0
446	0x0600019E	AudioSet	AudioSet::get_PointySpearAttack()	AudioSet::get_PointySpearAttack	7	0	8	0
447	0x0600019F	AudioSet	AudioSet::get_MassiveBluntAttack()	AudioSet::get_MassiveBluntAttack	7	0	8	0
448	0x060001A0	AudioSet	AudioSet::get_FlyerSpit()	AudioSet::get_FlyerSpit	7	0	8	0
449	0x060001A1	AudioSet	AudioSet::get_FlatbowShot()	AudioSet::get_FlatbowShot	7	0	8	0
450	0x060001A2	AudioSet	AudioSet::get_CrossbowShot()	AudioSet::get_CrossbowShot	7	0	8	0
451	0x060001A3	AudioSet	AudioSet::get_CatapultShot()	AudioSet::get_CatapultShot	7	0	8	0
452	0x060001A4	AudioSet	AudioSet::get_Ram()	AudioSet::get_Ram	7	0	8	0
453	0x060001A5	AudioSet	AudioSet::get_RacerBite()	AudioSet::get_RacerBite	7	0	8	0
454	0x060001A6	AudioSet	AudioSet::get_HunterlingBite()	AudioSet::get_HunterlingBite	7	0	8	0
455	0x060001A7	AudioSet	AudioSet::get_SlimeSpit()	AudioSet::get_SlimeSpit	7	0	8	0
456	0x060001A8	AudioSet	AudioSet::get_SpiderBite()	AudioSet::get_SpiderBite	7	0	8	0
457	0x060001A9	AudioSet	AudioSet::get_FireSpit()	AudioSet::get_FireSpit	7	0	8	0
458	0x060001AA	AudioSet	AudioSet::get_HealingProjectile()	AudioSet::get_HealingProjectile	7	0	8	0
459	0x060001AB	AudioSet	AudioSet::get_FlyingWizardCast()	AudioSet::get_FlyingWizardCast	7	0	8	0
460	0x060001AC	AudioSet	AudioSet::get_WindboatShot()	AudioSet::get_WindboatShot	7	0	8	0
461	0x060001AD	AudioSet	AudioSet::get_HeavyMechanicalHit()	AudioSet::get_HeavyMechanicalHit	7	0	8	0
462	0x060001AE	AudioSet	AudioSet::get_DefaultHumanoidOnFootDamage()	AudioSet::get_DefaultHumanoidOnFootDamage	7	0	8	0
463	0x060001AF	AudioSet	AudioSet::get_BigOrganicDamage()	AudioSet::get_BigOrganicDamage	7	0	8	0
464	0x060001B0	AudioSet	AudioSet::get_SmallOrganicDamage()	AudioSet::get_SmallOrganicDamage	7	0	8	0
465	0x060001B1	AudioSet	AudioSet::get_SiegeDamage()	AudioSet::get_SiegeDamage	7	0	8	0
466	0x060001B2	AudioSet	AudioSet::get_DefaultHumanoidOnFootDeath()	AudioSet::get_DefaultHumanoidOnFootDeath	7	0	8	0
467	0x060001B3	AudioSet	AudioSet::get_BigOrganicDeath()	AudioSet::get_BigOrganicDeath	7	0	8	0
468	0x060001B4	AudioSet	AudioSet::get_SiegeDeath()	AudioSet::get_SiegeDeath	7	0	8	0
469	0x060001B5	AudioSet	AudioSet::get_ExploderDeath()	AudioSet::get_ExploderDeath	7	0	8	0
470	0x060001B6	AudioSet	AudioSet::get_UnitBuildingCollpse()	AudioSet::get_UnitBuildingCollpse	7	0	8	0
471	0x060001B7	AudioSet	AudioSet::get_EismolochAppear()	AudioSet::get_EismolochAppear	7	0	8	0
472	0x060001B8	AudioSet	AudioSet::get_EismolochSpawnUnits()	AudioSet::get_EismolochSpawnUnits	7	0	8	0
473	0x060001B9	AudioSet	AudioSet::get_EismolochScream()	AudioSet::get_EismolochScream	7	0	8	0
474	0x060001BA	AudioSet	AudioSet::get_PlayerSword()	AudioSet::get_PlayerSword	7	0	8	0
475	0x060001BB	AudioSet	AudioSet::get_PlayerSwordBigHit()	AudioSet::get_PlayerSwordBigHit	7	0	8	0
476	0x060001BC	AudioSet	AudioSet::get_PlayerBow()	AudioSet::get_PlayerBow	7	0	8	0
477	0x060001BD	AudioSet	AudioSet::get_PlayerBowStab()	AudioSet::get_PlayerBowStab	7	0	8	0
478	0x060001BE	AudioSet	AudioSet::get_PlayerBowStabMiss()	AudioSet::get_PlayerBowStabMiss	7	0	8	0
479	0x060001BF	AudioSet	AudioSet::get_PlayerCantUseActiveAbility()	AudioSet::get_PlayerCantUseActiveAbility	7	0	8	0
480	0x060001C0	AudioSet	AudioSet::get_AssasinsTrainingWeaponTimedPerfectly()	AudioSet::get_AssasinsTrainingWeaponTimedPerfectly	7	0	8	0
481	0x060001C1	AudioSet	AudioSet::get_ActiveAbilityCooldownReadyToUse()	AudioSet::get_ActiveAbilityCooldownReadyToUse	7	0	8	0
482	0x060001C2	AudioSet	AudioSet::get_PlayerSpear()	AudioSet::get_PlayerSpear	7	0	8	0
483	0x060001C3	AudioSet	AudioSet::get_PlayerLightningWand()	AudioSet::get_PlayerLightningWand	7	0	8	0
484	0x060001C4	AudioSet	AudioSet::get_PlayerLightningWandActiveAbility()	AudioSet::get_PlayerLightningWandActiveAbility	7	0	8	0
485	0x060001C5	AudioSet	AudioSet::get_PlayerShadowCodex()	AudioSet::get_PlayerShadowCodex	7	0	8	0
486	0x060001C6	AudioSet	AudioSet::get_PlayerFalchion()	AudioSet::get_PlayerFalchion	7	0	8	0
487	0x060001C7	AudioSet	AudioSet::get_PlayerTrapPlace()	AudioSet::get_PlayerTrapPlace	7	0	8	0
488	0x060001C8	AudioSet	AudioSet::get_PlayerTrapHit()	AudioSet::get_PlayerTrapHit	7	0	8	0
489	0x060001C9	AudioSet	AudioSet::get_PlayerPotionThrow()	AudioSet::get_PlayerPotionThrow	7	0	8	0
490	0x060001CA	AudioSet	AudioSet::get_PlayerPotionHit()	AudioSet::get_PlayerPotionHit	7	0	8	0
491	0x060001CB	AudioSet	AudioSet::get_PlayerPotionActive()	AudioSet::get_PlayerPotionActive	7	0	8	0
492	0x060001CC	AudioSet	AudioSet::get_PlayerAxeHit()	AudioSet::get_PlayerAxeHit	7	0	8	0
493	0x060001CD	AudioSet	AudioSet::get_PlayerAxeActive()	AudioSet::get_PlayerAxeActive	7	0	8	0
494	0x060001CE	AudioSet	AudioSet::get_PlayerBloodwandHit()	AudioSet::get_PlayerBloodwandHit	7	0	8	0
495	0x060001CF	AudioSet	AudioSet::get_PlayerBloodwandActive()	AudioSet::get_PlayerBloodwandActive	7	0	8	0
496	0x060001D0	AudioSet	AudioSet::get_PlayerDeath()	AudioSet::get_PlayerDeath	7	0	8	0
497	0x060001D1	AudioSet	AudioSet::get_PlayerDamage()	AudioSet::get_PlayerDamage	7	0	8	0
498	0x060001D2	AudioSet	AudioSet::get_PlayerRevive()	AudioSet::get_PlayerRevive	7	0	8	0
499	0x060001D3	AudioSet	AudioSet::get_AddedUnitToCommanding()	AudioSet::get_AddedUnitToCommanding	7	0	8	0
500	0x060001D4	AudioSet	AudioSet::get_PlaceCommandingUnits()	AudioSet::get_PlaceCommandingUnits	7	0	8	0
501	0x060001D5	AudioSet	AudioSet::get_HoldPosition()	AudioSet::get_HoldPosition	7	0	8	0
502	0x060001D6	AudioSet	AudioSet::get_CatapultImpact()	AudioSet::get_CatapultImpact	7	0	8	0
503	0x060001D7	AudioSet	AudioSet::get_ButtonSelect()	AudioSet::get_ButtonSelect	7	0	8	0
504	0x060001D8	AudioSet	AudioSet::get_ButtonApply()	AudioSet::get_ButtonApply	7	0	8	0
505	0x060001D9	AudioSet	AudioSet::get_ButtonApplyHero()	AudioSet::get_ButtonApplyHero	7	0	8	0
506	0x060001DA	AudioSet	AudioSet::get_CoinCollect()	AudioSet::get_CoinCollect	7	0	8	0
507	0x060001DB	AudioSet	AudioSet::get_NightCallStart()	AudioSet::get_NightCallStart	7	0	8	0
508	0x060001DC	AudioSet	AudioSet::get_NightCallComplete()	AudioSet::get_NightCallComplete	7	0	8	0
509	0x060001DD	AudioSet	AudioSet::get_Victory()	AudioSet::get_Victory	7	0	8	0
510	0x060001DE	AudioSet	AudioSet::get_Defeat()	AudioSet::get_Defeat	7	0	8	0
511	0x060001DF	AudioSet	AudioSet::get_PointLockInMinor()	AudioSet::get_PointLockInMinor	7	0	8	0
512	0x060001E0	AudioSet	AudioSet::get_PointLockInMajor()	AudioSet::get_PointLockInMajor	7	0	8	0
513	0x060001E1	AudioSet	AudioSet::get_PointScreenBuildA()	AudioSet::get_PointScreenBuildA	7	0	8	0
514	0x060001E2	AudioSet	AudioSet::get_PointScreenBuildB()	AudioSet::get_PointScreenBuildB	7	0	8	0
515	0x060001E3	AudioSet	AudioSet::get_PointScreenBuildC()	AudioSet::get_PointScreenBuildC	7	0	8	0
516	0x060001E4	AudioSet	AudioSet::get_PointFillStart()	AudioSet::get_PointFillStart	7	0	8	0
517	0x060001E5	AudioSet	AudioSet::get_PointFill()	AudioSet::get_PointFill	7	0	8	0
518	0x060001E6	AudioSet	AudioSet::get_NewHighscore()	AudioSet::get_NewHighscore	7	0	8	0
519	0x060001E7	AudioSet	AudioSet::get_LevelUp()	AudioSet::get_LevelUp	7	0	8	0
520	0x060001E8	AudioSet	AudioSet::get_ShowWaveCount()	AudioSet::get_ShowWaveCount	7	0	8	0
521	0x060001E9	AudioSet	AudioSet::get_CloseWaveCount()	AudioSet::get_CloseWaveCount	7	0	8	0
522	0x060001EA	AudioSet	AudioSet::get_ShowTooltip()	AudioSet::get_ShowTooltip	7	0	8	0
523	0x060001EB	AudioSet	AudioSet::.ctor()	AudioSet::.ctor	7	0	8	0
524	0x060001EC	AudioSet/ClipArray	AudioSet.ClipArray::GetRandomClip()	AudioSet/ClipArray::GetRandomClip	22	0	8	0
525	0x060001ED	AudioSet/ClipArray	AudioSet.ClipArray::.ctor()	AudioSet/ClipArray::.ctor	7	0	8	0
526	0x060001EE	GlobalAudioListener	GlobalAudioListener::Awake()	GlobalAudioListener::Awake	43	0	8	0
527	0x060001EF	GlobalAudioListener	GlobalAudioListener::Update()	GlobalAudioListener::Update	123	1	3	0
528	0x060001F0	GlobalAudioListener	GlobalAudioListener::.ctor()	GlobalAudioListener::.ctor	33	0	8	0
529	0x060001F1	LevelAudio	LevelAudio::OnValidate()	LevelAudio::OnValidate	79	2	2	1
530	0x060001F2	LevelAudio	LevelAudio::Start()	LevelAudio::Start	126	2	3	0
531	0x060001F3	LevelAudio	LevelAudio::OnNewBuildingBuilt()	LevelAudio::OnNewBuildingBuilt	171	2	6	0
532	0x060001F4	LevelAudio	LevelAudio::.ctor()	LevelAudio::.ctor	7	0	8	0
533	0x060001F5	LevelAudio/CivilisationAudioSource	LevelAudio.CivilisationAudioSource::.ctor()	LevelAudio/CivilisationAudioSource::.ctor	18	0	8	0
534	0x060001F6	PlayerCharacterAudio	PlayerCharacterAudio::Start()	PlayerCharacterAudio::Start	167	0	3	0
535	0x060001F7	PlayerCharacterAudio	PlayerCharacterAudio::OnWeaponEquip(ManualAttack)	PlayerCharacterAudio::OnWeaponEquip	46	0	8	0
536	0x060001F8	PlayerCharacterAudio	PlayerCharacterAudio::PlayAttackSound()	PlayerCharacterAudio::PlayAttackSound	101	0	4	0
537	0x060001F9	PlayerCharacterAudio	PlayerCharacterAudio::OnDeath()	PlayerCharacterAudio::OnDeath	65	0	3	0
538	0x060001FA	PlayerCharacterAudio	PlayerCharacterAudio::OnDmg(bool)	PlayerCharacterAudio::OnDmg	75	0	3	0
539	0x060001FB	PlayerCharacterAudio	PlayerCharacterAudio::OnRevive()	PlayerCharacterAudio::OnRevive	60	0	8	0
540	0x060001FC	PlayerCharacterAudio	PlayerCharacterAudio::Update()	PlayerCharacterAudio::Update	180	0	5	0
541	0x060001FD	PlayerCharacterAudio	PlayerCharacterAudio::.ctor()	PlayerCharacterAudio::.ctor	29	0	8	0
542	0x060001FE	PlayerWeaponAudio	PlayerWeaponAudio::get_AttackSound()	PlayerWeaponAudio::get_AttackSound	21	0	8	0
543	0x060001FF	PlayerWeaponAudio	PlayerWeaponAudio::Initialize()	PlayerWeaponAudio::Initialize	276	1	2	0
544	0x06000200	PlayerWeaponAudio	PlayerWeaponAudio::.ctor()	PlayerWeaponAudio::.ctor	18	0	8	0
545	0x06000201	PlayOneShotAfterSeconds	PlayOneShotAfterSeconds::Update()	PlayOneShotAfterSeconds::Update	69	0	3	0
546	0x06000202	PlayOneShotAfterSeconds	PlayOneShotAfterSeconds::.ctor()	PlayOneShotAfterSeconds::.ctor	18	0	8	0
547	0x06000203	PlayOneShotOnProjectileHit	PlayOneShotOnProjectileHit::Start()	PlayOneShotOnProjectileHit::Start	29	0	8	0
548	0x06000204	PlayOneShotOnProjectileHit	PlayOneShotOnProjectileHit::Play()	PlayOneShotOnProjectileHit::Play	23	0	8	0
549	0x06000205	PlayOneShotOnProjectileHit	PlayOneShotOnProjectileHit::.ctor()	PlayOneShotOnProjectileHit::.ctor	7	0	8	0
550	0x06000206	PriorityOverride	PriorityOverride::Start()	PriorityOverride::Start	30	0	8	0
551	0x06000207	PriorityOverride	PriorityOverride::Update()	PriorityOverride::Update	18	0	8	0
552	0x06000208	PriorityOverride	PriorityOverride::.ctor()	PriorityOverride::.ctor	14	0	8	0
553	0x06000209	ProjectileAudio	ProjectileAudio::Start()	ProjectileAudio::Start	43	0	8	0
554	0x0600020A	ProjectileAudio	ProjectileAudio::OnEnable()	ProjectileAudio::OnEnable	80	0	4	0
555	0x0600020B	ProjectileAudio	ProjectileAudio::PlayImpact()	ProjectileAudio::PlayImpact	12	0	8	0
556	0x0600020C	ProjectileAudio	ProjectileAudio::.ctor()	ProjectileAudio::.ctor	18	0	8	0
557	0x0600020D	ProjectileSpawnAudio	ProjectileSpawnAudio::Start()	ProjectileSpawnAudio::Start	23	0	8	0
558	0x0600020E	ProjectileSpawnAudio	ProjectileSpawnAudio::.ctor()	ProjectileSpawnAudio::.ctor	7	0	8	0
559	0x0600020F	ThronefallAudioManager	ThronefallAudioManager::get_Instance()	ThronefallAudioManager::get_Instance	6	0	8	0
560	0x06000210	ThronefallAudioManager	ThronefallAudioManager::Awake()	ThronefallAudioManager::Awake	165	2	2	0
561	0x06000211	ThronefallAudioManager	ThronefallAudioManager::Update()	ThronefallAudioManager::Update	109	0	5	0
562	0x06000212	ThronefallAudioManager	ThronefallAudioManager::ProcessOneShotEvent(ThronefallAudioManager.AudioOneShot,bool,UnityEngine.Vector3)	ThronefallAudioManager::ProcessOneShotEvent	1545	1	9	0
563	0x06000213	ThronefallAudioManager	ThronefallAudioManager::PlaySoundAsOneShot(UnityEngine.AudioClip,float,float,UnityEngine.Audio.AudioMixerGroup,int,bool,UnityEngine.Vector3)	ThronefallAudioManager::PlaySoundAsOneShot	217	0	2	0
564	0x06000214	ThronefallAudioManager	ThronefallAudioManager::PlaySoundAsOneShot(AudioSet.ClipArray,float,float,UnityEngine.Audio.AudioMixerGroup,int,bool,UnityEngine.Vector3)	ThronefallAudioManager::PlaySoundAsOneShot	253	0	4	0
565	0x06000215	ThronefallAudioManager	ThronefallAudioManager::GetFreeOneshotSource()	ThronefallAudioManager::GetFreeOneshotSource	74	3	2	1
566	0x06000216	ThronefallAudioManager	ThronefallAudioManager::RecycleOneshotSources()	ThronefallAudioManager::RecycleOneshotSources	79	2	2	1
567	0x06000217	ThronefallAudioManager	ThronefallAudioManager::StopCoinfillBackground()	ThronefallAudioManager::StopCoinfillBackground	55	0	8	0
568	0x06000218	ThronefallAudioManager	ThronefallAudioManager::MakeSureCoinFillSoundIsNotPlayingAnymore()	ThronefallAudioManager::MakeSureCoinFillSoundIsNotPlayingAnymore	7	0	8	0
569	0x06000219	ThronefallAudioManager	ThronefallAudioManager::Oneshot(ThronefallAudioManager.AudioOneShot)	ThronefallAudioManager::Oneshot	46	1	4	0
570	0x0600021A	ThronefallAudioManager	ThronefallAudioManager::WorldSpaceOneShot(ThronefallAudioManager.AudioOneShot,UnityEngine.Vector3)	ThronefallAudioManager::WorldSpaceOneShot	38	0	8	0
571	0x0600021B	ThronefallAudioManager	ThronefallAudioManager::Mute()	ThronefallAudioManager::Mute	12	0	8	0
572	0x0600021C	ThronefallAudioManager	ThronefallAudioManager::Unmute()	ThronefallAudioManager::Unmute	12	0	8	0
573	0x0600021D	ThronefallAudioManager	ThronefallAudioManager::SetCoinDisplayFillTime(float)	ThronefallAudioManager::SetCoinDisplayFillTime	12	0	8	0
574	0x0600021E	ThronefallAudioManager	ThronefallAudioManager::.ctor()	ThronefallAudioManager::.ctor	84	0	2	0
575	0x0600021F	ThronefallAudioManager/OneshotSource	ThronefallAudioManager.OneshotSource::.ctor(UnityEngine.AudioSource)	ThronefallAudioManager/OneshotSource::.ctor	21	0	8	0
576	0x06000220	UnitAudio	UnitAudio::get_isBounceLocomotion()	UnitAudio::get_isBounceLocomotion	10	0	8	0
577	0x06000221	UnitAudio	UnitAudio::get_isPerpetualLocomotion()	UnitAudio::get_isPerpetualLocomotion	10	0	8	0
578	0x06000222	UnitAudio	UnitAudio::get_isRollingLocomotion()	UnitAudio::get_isRollingLocomotion	10	0	8	0
579	0x06000223	UnitAudio	UnitAudio::Start()	UnitAudio::Start	1328	6	4	0
580	0x06000224	UnitAudio	UnitAudio::Update()	UnitAudio::Update	227	3	5	0
581	0x06000225	UnitAudio	UnitAudio::PlaySound(UnitAudio.OneshotType)	UnitAudio::PlaySound	310	0	4	0
582	0x06000226	UnitAudio	UnitAudio::PlayStep()	UnitAudio::PlayStep	86	0	4	0
583	0x06000227	UnitAudio	UnitAudio::PlayAttack()	UnitAudio::PlayAttack	8	0	8	0
584	0x06000228	UnitAudio	UnitAudio::PlayDMG(bool)	UnitAudio::PlayDMG	8	0	8	0
585	0x06000229	UnitAudio	UnitAudio::PlayDeath()	UnitAudio::PlayDeath	66	0	2	0
586	0x0600022A	UnitAudio	UnitAudio::Revive()	UnitAudio::Revive	8	0	8	0
587	0x0600022B	UnitAudio	UnitAudio::.ctor()	UnitAudio::.ctor	145	0	2	0
588	0x0600022C	AutoAttack	AutoAttack::get_DamageMultiplyer()	AutoAttack::get_DamageMultiplyer	7	0	8	0
589	0x0600022D	AutoAttack	AutoAttack::set_DamageMultiplyer(float)	AutoAttack::set_DamageMultiplyer	8	0	8	0
590	0x0600022E	AutoAttack	AutoAttack::get_ProjectileSpeedMultiplyer()	AutoAttack::get_ProjectileSpeedMultiplyer	7	0	8	0
591	0x0600022F	AutoAttack	AutoAttack::set_ProjectileSpeedMultiplyer(float)	AutoAttack::set_ProjectileSpeedMultiplyer	8	0	8	0
592	0x06000230	AutoAttack	AutoAttack::get_LastTargetPosition()	AutoAttack::get_LastTargetPosition	7	0	8	0
593	0x06000231	AutoAttack	AutoAttack::ReduceCooldownBy(float)	AutoAttack::ReduceCooldownBy	15	0	8	0
594	0x06000232	AutoAttack	AutoAttack::SetCooldownTo(float)	AutoAttack::SetCooldownTo	15	0	8	0
595	0x06000233	AutoAttack	AutoAttack::Start()	AutoAttack::Start	25	0	8	0
596	0x06000234	AutoAttack	AutoAttack::Update()	AutoAttack::Update	146	1	7	0
597	0x06000235	AutoAttack	AutoAttack::OnAttack(TaggedObject)	AutoAttack::OnAttack	136	1	7	0
598	0x06000236	AutoAttack	AutoAttack::FindAutoAttackTarget()	AutoAttack::FindAutoAttackTarget	66	3	2	0
599	0x06000237	AutoAttack	AutoAttack::FindAutoAttackTarget(System.Collections.Generic.List<TargetPriority>,UnityEngine.Vector3)	AutoAttack::FindAutoAttackTarget	44	2	2	0
600	0x06000238	AutoAttack	AutoAttack::.ctor()	AutoAttack::.ctor	106	0	2	0
601	0x06000239	AutoAttackHighestHealth	AutoAttackHighestHealth::FindAutoAttackTarget()	AutoAttackHighestHealth::FindAutoAttackTarget	66	3	2	0
602	0x0600023A	AutoAttackHighestHealth	AutoAttackHighestHealth::.ctor()	AutoAttackHighestHealth::.ctor	7	0	8	0
603	0x0600023B	AutoAttackLowestHealth	AutoAttackLowestHealth::FindAutoAttackTarget()	AutoAttackLowestHealth::FindAutoAttackTarget	72	3	3	0
604	0x0600023C	AutoAttackLowestHealth	AutoAttackLowestHealth::.ctor()	AutoAttackLowestHealth::.ctor	14	0	8	0
605	0x0600023D	AutoAttackLowestInRangeMulti	AutoAttackLowestInRangeMulti::Start()	AutoAttackLowestInRangeMulti::Start	24	0	8	0
606	0x0600023E	AutoAttackLowestInRangeMulti	AutoAttackLowestInRangeMulti::Update()	AutoAttackLowestInRangeMulti::Update	338	5	7	0
607	0x0600023F	AutoAttackLowestInRangeMulti	AutoAttackLowestInRangeMulti::FindAutoAttackTargets(TaggedObject[])	AutoAttackLowestInRangeMulti::FindAutoAttackTargets	72	2	4	0
608	0x06000240	AutoAttackLowestInRangeMulti	AutoAttackLowestInRangeMulti::.ctor()	AutoAttackLowestInRangeMulti::.ctor	21	0	8	0
609	0x06000241	AutoAttackRandom	AutoAttackRandom::FindAutoAttackTarget()	AutoAttackRandom::FindAutoAttackTarget	66	3	2	0
610	0x06000242	AutoAttackRandom	AutoAttackRandom::.ctor()	AutoAttackRandom::.ctor	7	0	8	0
611	0x06000243	AutoAttackTower	AutoAttackTower::Update()	AutoAttackTower::Update	199	3	7	1
612	0x06000244	AutoAttackTower	AutoAttackTower::FindAutoAttackTargets()	AutoAttackTower::FindAutoAttackTargets	762	14	4	0
613	0x06000245	AutoAttackTower	AutoAttackTower::OnAttack(TaggedObject)	AutoAttackTower::OnAttack	136	1	7	0
614	0x06000246	AutoAttackTower	AutoAttackTower::.ctor()	AutoAttackTower::.ctor	30	0	8	0
615	0x06000247	AutoAttackTwoTargets	AutoAttackTwoTargets::Update()	AutoAttackTwoTargets::Update	240	3	7	0
616	0x06000248	AutoAttackTwoTargets	AutoAttackTwoTargets::FindAutoAttackTargets(TaggedObject[])	AutoAttackTwoTargets::FindAutoAttackTargets	66	2	3	0
617	0x06000249	AutoAttackTwoTargets	AutoAttackTwoTargets::.ctor()	AutoAttackTwoTargets::.ctor	19	0	8	0
618	0x0600024A	AutoAttackWithKnockback	AutoAttackWithKnockback::get_KnockbackData()	AutoAttackWithKnockback::get_KnockbackData	53	0	8	0
619	0x0600024B	AutoAttackWithKnockback	AutoAttackWithKnockback::OnAttack(TaggedObject)	AutoAttackWithKnockback::OnAttack	33	0	8	0
620	0x0600024C	AutoAttackWithKnockback	AutoAttackWithKnockback::PlayEffect()	AutoAttackWithKnockback::PlayEffect	90	1	5	0
621	0x0600024D	AutoAttackWithKnockback	AutoAttackWithKnockback::.ctor()	AutoAttackWithKnockback::.ctor	29	0	8	0
622	0x0600024E	AutoAttackWithWarning	AutoAttackWithWarning::Start()	AutoAttackWithWarning::Start	56	0	8	0
623	0x0600024F	AutoAttackWithWarning	AutoAttackWithWarning::Update()	AutoAttackWithWarning::Update	13	0	8	0
624	0x06000250	AutoAttackWithWarning	AutoAttackWithWarning::HandleTargeting()	AutoAttackWithWarning::HandleTargeting	256	1	4	0
625	0x06000251	AutoAttackWithWarning	AutoAttackWithWarning::OnAttack(TaggedObject)	AutoAttackWithWarning::OnAttack	168	0	7	0
626	0x06000252	AutoAttackWithWarning	AutoAttackWithWarning::OnDestroy()	AutoAttackWithWarning::OnDestroy	30	0	8	0
627	0x06000253	AutoAttackWithWarning	AutoAttackWithWarning::.ctor()	AutoAttackWithWarning::.ctor	18	0	8	0
628	0x06000254	AutoDayNight	AutoDayNight::Start()	AutoDayNight::Start	14	0	8	0
629	0x06000255	AutoDayNight	AutoDayNight::Startup()	AutoDayNight::Startup	14	0	8	0
630	0x06000256	AutoDayNight	AutoDayNight::.ctor()	AutoDayNight::.ctor	36	0	8	0
631	0x06000257	AutoDayNight/<Startup>d__6	AutoDayNight.<Startup>d__6::.ctor(int)	AutoDayNight::Startup	14	0	8	0
632	0x06000258	AutoDayNight/<Startup>d__6	AutoDayNight.<Startup>d__6::System.IDisposable.Dispose()	AutoDayNight::Startup	1	0	8	0
633	0x06000259	AutoDayNight/<Startup>d__6	AutoDayNight.<Startup>d__6::MoveNext()	AutoDayNight::Startup	171	2	2	0
634	0x0600025A	AutoDayNight/<Startup>d__6	AutoDayNight.<Startup>d__6::System.Collections.Generic.IEnumerator<System.Object>.get_Current()	AutoDayNight::Startup	7	0	8	0
635	0x0600025B	AutoDayNight/<Startup>d__6	AutoDayNight.<Startup>d__6::System.Collections.IEnumerator.Reset()	AutoDayNight::Startup	6	0	8	0
636	0x0600025C	AutoDayNight/<Startup>d__6	AutoDayNight.<Startup>d__6::System.Collections.IEnumerator.get_Current()	AutoDayNight::Startup	7	0	8	0
637	0x0600025D	AutoKillAllEnemiesBeforeSunrise	AutoKillAllEnemiesBeforeSunrise::Start()	AutoKillAllEnemiesBeforeSunrise::Start	12	0	8	0
638	0x0600025E	AutoKillAllEnemiesBeforeSunrise	AutoKillAllEnemiesBeforeSunrise::OnDawn_AfterSunrise()	AutoKillAllEnemiesBeforeSunrise::OnDawn_AfterSunrise	1	0	8	0
639	0x0600025F	AutoKillAllEnemiesBeforeSunrise	AutoKillAllEnemiesBeforeSunrise::OnDawn_BeforeSunrise()	AutoKillAllEnemiesBeforeSunrise::OnDawn_BeforeSunrise	6	0	8	0
640	0x06000260	AutoKillAllEnemiesBeforeSunrise	AutoKillAllEnemiesBeforeSunrise::OnDusk()	AutoKillAllEnemiesBeforeSunrise::OnDusk	1	0	8	0
641	0x06000261	AutoKillAllEnemiesBeforeSunrise	AutoKillAllEnemiesBeforeSunrise::OnDuskEarly()	AutoKillAllEnemiesBeforeSunrise::OnDuskEarly	1	0	8	0
642	0x06000262	AutoKillAllEnemiesBeforeSunrise	AutoKillAllEnemiesBeforeSunrise::.ctor()	AutoKillAllEnemiesBeforeSunrise::.ctor	7	0	8	0
643	0x06000263	AutoRevive	AutoRevive::OnDusk()	AutoRevive::OnDusk	1	0	8	0
644	0x06000264	AutoRevive	AutoRevive::OnDawn_AfterSunrise()	AutoRevive::OnDawn_AfterSunrise	8	0	8	0
645	0x06000265	AutoRevive	AutoRevive::OnDawn_BeforeSunrise()	AutoRevive::OnDawn_BeforeSunrise	1	0	8	0
646	0x06000266	AutoRevive	AutoRevive::Start()	AutoRevive::Start	117	0	3	0
647	0x06000267	AutoRevive	AutoRevive::get_ReviveAfterBeingKnockedOutFor()	AutoRevive::get_ReviveAfterBeingKnockedOutFor	29	0	8	0
648	0x06000268	AutoRevive	AutoRevive::Update()	AutoRevive::Update	301	0	7	0
649	0x06000269	AutoRevive	AutoRevive::get_TimeTillRevive()	AutoRevive::get_TimeTillRevive	33	0	8	0
650	0x0600026A	AutoRevive	AutoRevive::OnDuskEarly()	AutoRevive::OnDuskEarly	1	0	8	0
651	0x0600026B	AutoRevive	AutoRevive::.ctor()	AutoRevive::.ctor	58	0	8	0
652	0x0600026C	AutoUpgradeBuildingOnStart	AutoUpgradeBuildingOnStart::Start()	AutoUpgradeBuildingOnStart::Start	14	0	8	0
653	0x0600026D	AutoUpgradeBuildingOnStart	AutoUpgradeBuildingOnStart::AutoUpgradeOnStart()	AutoUpgradeBuildingOnStart::AutoUpgradeOnStart	14	0	8	0
654	0x0600026E	AutoUpgradeBuildingOnStart	AutoUpgradeBuildingOnStart::.ctor()	AutoUpgradeBuildingOnStart::.ctor	18	0	8	0
655	0x0600026F	AutoUpgradeBuildingOnStart/<AutoUpgradeOnStart>d__2	AutoUpgradeBuildingOnStart.<AutoUpgradeOnStart>d__2::.ctor(int)	AutoUpgradeBuildingOnStart::AutoUpgradeOnStart	14	0	8	0
656	0x06000270	AutoUpgradeBuildingOnStart/<AutoUpgradeOnStart>d__2	AutoUpgradeBuildingOnStart.<AutoUpgradeOnStart>d__2::System.IDisposable.Dispose()	AutoUpgradeBuildingOnStart::AutoUpgradeOnStart	1	0	8	0
657	0x06000271	AutoUpgradeBuildingOnStart/<AutoUpgradeOnStart>d__2	AutoUpgradeBuildingOnStart.<AutoUpgradeOnStart>d__2::MoveNext()	AutoUpgradeBuildingOnStart::AutoUpgradeOnStart	348	5	3	0
658	0x06000272	AutoUpgradeBuildingOnStart/<AutoUpgradeOnStart>d__2	AutoUpgradeBuildingOnStart.<AutoUpgradeOnStart>d__2::System.Collections.Generic.IEnumerator<System.Object>.get_Current()	AutoUpgradeBuildingOnStart::AutoUpgradeOnStart	7	0	8	0
659	0x06000273	AutoUpgradeBuildingOnStart/<AutoUpgradeOnStart>d__2	AutoUpgradeBuildingOnStart.<AutoUpgradeOnStart>d__2::System.Collections.IEnumerator.Reset()	AutoUpgradeBuildingOnStart::AutoUpgradeOnStart	6	0	8	0
660	0x06000274	AutoUpgradeBuildingOnStart/<AutoUpgradeOnStart>d__2	AutoUpgradeBuildingOnStart.<AutoUpgradeOnStart>d__2::System.Collections.IEnumerator.get_Current()	AutoUpgradeBuildingOnStart::AutoUpgradeOnStart	7	0	8	0
661	0x06000275	BackupAudioListener	BackupAudioListener::get_Instance()	BackupAudioListener::get_Instance	6	0	8	0
662	0x06000276	BackupAudioListener	BackupAudioListener::set_Instance(BackupAudioListener)	BackupAudioListener::set_Instance	7	0	8	0
663	0x06000277	BackupAudioListener	BackupAudioListener::Awake()	BackupAudioListener::Awake	43	0	8	0
664	0x06000278	BackupAudioListener	BackupAudioListener::EnableBackupListener(bool)	BackupAudioListener::EnableBackupListener	13	0	8	0
665	0x06000279	BackupAudioListener	BackupAudioListener::.ctor()	BackupAudioListener::.ctor	7	0	8	0
666	0x0600027A	BalancingParameter	BalancingParameter::.ctor(BalancingParameter.EType)	BalancingParameter::.ctor	14	0	8	0
667	0x0600027B	BalancingParameter	BalancingParameter::ValueToString(string)	BalancingParameter::ValueToString	2	0	8	0
668	0x0600027C	BalancingParameter	BalancingParameter::ValueToString(float)	BalancingParameter::ValueToString	123	1	3	0
669	0x0600027D	BalancingParameter	BalancingParameter::RoundToQuarterString(float)	BalancingParameter::RoundToQuarterString	71	2	3	0
670	0x0600027E	BalancingParameters	BalancingParameters::.ctor()	BalancingParameters::.ctor	18	0	8	0
671	0x0600027F	StringFloatSerializableDictionary	StringFloatSerializableDictionary::.ctor()	StringFloatSerializableDictionary::.ctor	7	0	8	0
672	0x06000280	BarricadeDamage	BarricadeDamage::Start()	BarricadeDamage::Start	24	0	8	0
673	0x06000281	BarricadeDamage	BarricadeDamage::Update()	BarricadeDamage::Update	429	9	5	1
674	0x06000282	BarricadeDamage	BarricadeDamage::.ctor()	BarricadeDamage::.ctor	53	0	8	0
675	0x06000283	BillboardAlign	BillboardAlign::Start()	BillboardAlign::Start	72	0	3	0
676	0x06000284	BillboardAlign	BillboardAlign::.ctor()	BillboardAlign::.ctor	14	0	8	0
677	0x06000285	BlacksmithUpgrade	BlacksmithUpgrade::Start()	BlacksmithUpgrade::Start	29	0	8	0
678	0x06000286	BlacksmithUpgrade	BlacksmithUpgrade::OnDawn_AfterSunrise()	BlacksmithUpgrade::OnDawn_AfterSunrise	151	0	3	0
679	0x06000287	BlacksmithUpgrade	BlacksmithUpgrade::OnDawn_BeforeSunrise()	BlacksmithUpgrade::OnDawn_BeforeSunrise	1	0	8	0
680	0x06000288	BlacksmithUpgrade	BlacksmithUpgrade::ApplyUpgrade()	BlacksmithUpgrade::ApplyUpgrade	128	1	3	0
681	0x06000289	BlacksmithUpgrade	BlacksmithUpgrade::OnDusk()	BlacksmithUpgrade::OnDusk	8	0	8	0
682	0x0600028A	BlacksmithUpgrade	BlacksmithUpgrade::OnEnable()	BlacksmithUpgrade::OnEnable	96	0	3	0
683	0x0600028B	BlacksmithUpgrade	BlacksmithUpgrade::UpdateProgressBar()	BlacksmithUpgrade::UpdateProgressBar	68	0	4	0
684	0x0600028C	BlacksmithUpgrade	BlacksmithUpgrade::OnDuskEarly()	BlacksmithUpgrade::OnDuskEarly	1	0	8	0
685	0x0600028D	BlacksmithUpgrade	BlacksmithUpgrade::OnBeforeMainLoadPass(string)	BlacksmithUpgrade::OnBeforeMainLoadPass	1	0	8	0
686	0x0600028E	BlacksmithUpgrade	BlacksmithUpgrade::OnLoad(string)	BlacksmithUpgrade::OnLoad	1	0	8	0
687	0x0600028F	BlacksmithUpgrade	BlacksmithUpgrade::OnAfterMainLoadPass(string)	BlacksmithUpgrade::OnAfterMainLoadPass	1	0	8	0
688	0x06000290	BlacksmithUpgrade	BlacksmithUpgrade::OnSave(string)	BlacksmithUpgrade::OnSave	69	0	5	0
689	0x06000291	BlacksmithUpgrade	BlacksmithUpgrade::ManualLoad(string)	BlacksmithUpgrade::ManualLoad	150	0	6	0
690	0x06000292	BlacksmithUpgrade	BlacksmithUpgrade::.ctor()	BlacksmithUpgrade::.ctor	25	0	8	0
691	0x06000293	BlockProjectiles	BlockProjectiles::Start()	BlockProjectiles::Start	30	0	8	0
692	0x06000294	BlockProjectiles	BlockProjectiles::Update()	BlockProjectiles::Update	59	0	8	0
693	0x06000295	BlockProjectiles	BlockProjectiles::BlockAnArrow()	BlockProjectiles::BlockAnArrow	172	2	4	0
694	0x06000296	BlockProjectiles	BlockProjectiles::.ctor()	BlockProjectiles::.ctor	51	0	8	0
695	0x06000297	BloodWandActiveAttEffect	BloodWandActiveAttEffect::Effect(Hp,TaggedObject,TaggedObject,Weapon,float,bool,float)	BloodWandActiveAttEffect::Effect	127	4	5	0
696	0x06000298	BloodWandActiveAttEffect	BloodWandActiveAttEffect::.ctor()	BloodWandActiveAttEffect::.ctor	40	0	8	0
697	0x06000299	BloodWandPassiveAttEffect	BloodWandPassiveAttEffect::Effect(Hp,TaggedObject,TaggedObject,Weapon,float,bool,float)	BloodWandPassiveAttEffect::Effect	157	1	5	0
698	0x0600029A	BloodWandPassiveAttEffect	BloodWandPassiveAttEffect::.ctor()	BloodWandPassiveAttEffect::.ctor	29	0	8	0
699	0x0600029B	BloodWandPassiveAttEffect	BloodWandPassiveAttEffect::.cctor()	BloodWandPassiveAttEffect::.cctor	17	0	8	0
700	0x0600029C	BuildingDestructionHandler	BuildingDestructionHandler::Awake()	BuildingDestructionHandler::Awake	35	0	8	0
701	0x0600029D	BuildingDestructionHandler	BuildingDestructionHandler::OnEnable()	BuildingDestructionHandler::OnEnable	352	1	4	0
702	0x0600029E	BuildingDestructionHandler	BuildingDestructionHandler::Update()	BuildingDestructionHandler::Update	57	0	8	0
703	0x0600029F	BuildingDestructionHandler	BuildingDestructionHandler::.ctor()	BuildingDestructionHandler::.ctor	29	0	8	0
704	0x060002A0	BuildingFXProcessor	BuildingFXProcessor::Start()	BuildingFXProcessor::Start	98	0	3	0
705	0x060002A1	BuildingFXProcessor	BuildingFXProcessor::OnBuildingUpgrade()	BuildingFXProcessor::OnBuildingUpgrade	52	0	8	0
706	0x060002A2	BuildingFXProcessor	BuildingFXProcessor::OnParentBuildingUpgrade()	BuildingFXProcessor::OnParentBuildingUpgrade	14	0	8	0
707	0x060002A3	BuildingFXProcessor	BuildingFXProcessor::PlayDelayedParentUpgradeFeedback()	BuildingFXProcessor::PlayDelayedParentUpgradeFeedback	14	0	8	0
708	0x060002A4	BuildingFXProcessor	BuildingFXProcessor::OnBuildingRevive()	BuildingFXProcessor::OnBuildingRevive	12	0	8	0
709	0x060002A5	BuildingFXProcessor	BuildingFXProcessor::.ctor()	BuildingFXProcessor::.ctor	7	0	8	0
710	0x060002A6	BuildingFXProcessor/<PlayDelayedParentUpgradeFeedback>d__10	BuildingFXProcessor.<PlayDelayedParentUpgradeFeedback>d__10::.ctor(int)	BuildingFXProcessor::PlayDelayedParentUpgradeFeedback	14	0	8	0
711	0x060002A7	BuildingFXProcessor/<PlayDelayedParentUpgradeFeedback>d__10	BuildingFXProcessor.<PlayDelayedParentUpgradeFeedback>d__10::System.IDisposable.Dispose()	BuildingFXProcessor::PlayDelayedParentUpgradeFeedback	1	0	8	0
712	0x060002A8	BuildingFXProcessor/<PlayDelayedParentUpgradeFeedback>d__10	BuildingFXProcessor.<PlayDelayedParentUpgradeFeedback>d__10::MoveNext()	BuildingFXProcessor::PlayDelayedParentUpgradeFeedback	107	2	2	0
713	0x060002A9	BuildingFXProcessor/<PlayDelayedParentUpgradeFeedback>d__10	BuildingFXProcessor.<PlayDelayedParentUpgradeFeedback>d__10::System.Collections.Generic.IEnumerator<System.Object>.get_Current()	BuildingFXProcessor::PlayDelayedParentUpgradeFeedback	7	0	8	0
714	0x060002AA	BuildingFXProcessor/<PlayDelayedParentUpgradeFeedback>d__10	BuildingFXProcessor.<PlayDelayedParentUpgradeFeedback>d__10::System.Collections.IEnumerator.Reset()	BuildingFXProcessor::PlayDelayedParentUpgradeFeedback	6	0	8	0
715	0x060002AB	BuildingFXProcessor/<PlayDelayedParentUpgradeFeedback>d__10	BuildingFXProcessor.<PlayDelayedParentUpgradeFeedback>d__10::System.Collections.IEnumerator.get_Current()	BuildingFXProcessor::PlayDelayedParentUpgradeFeedback	7	0	8	0
716	0x060002AC	BuildingMeshesTracker	BuildingMeshesTracker::Unfreeze()	BuildingMeshesTracker::Unfreeze	57	2	2	0
717	0x060002AD	BuildingMeshesTracker	BuildingMeshesTracker::FreezeMeshWithDelay()	BuildingMeshesTracker::FreezeMeshWithDelay	73	0	3	0
718	0x060002AE	BuildingMeshesTracker	BuildingMeshesTracker::FreezeMeshWithDelayCoro()	BuildingMeshesTracker::FreezeMeshWithDelayCoro	14	0	8	0
719	0x060002AF	BuildingMeshesTracker	BuildingMeshesTracker::.ctor()	BuildingMeshesTracker::.ctor	7	0	8	0
720	0x060002B0	BuildingMeshesTracker/<FreezeMeshWithDelayCoro>d__5	BuildingMeshesTracker.<FreezeMeshWithDelayCoro>d__5::.ctor(int)	BuildingMeshesTracker::FreezeMeshWithDelayCoro	14	0	8	0
721	0x060002B1	BuildingMeshesTracker/<FreezeMeshWithDelayCoro>d__5	BuildingMeshesTracker.<FreezeMeshWithDelayCoro>d__5::System.IDisposable.Dispose()	BuildingMeshesTracker::FreezeMeshWithDelayCoro	1	0	8	0
722	0x060002B2	BuildingMeshesTracker/<FreezeMeshWithDelayCoro>d__5	BuildingMeshesTracker.<FreezeMeshWithDelayCoro>d__5::MoveNext()	BuildingMeshesTracker::FreezeMeshWithDelayCoro	126	5	2	0
723	0x060002B3	BuildingMeshesTracker/<FreezeMeshWithDelayCoro>d__5	BuildingMeshesTracker.<FreezeMeshWithDelayCoro>d__5::System.Collections.Generic.IEnumerator<System.Object>.get_Current()	BuildingMeshesTracker::FreezeMeshWithDelayCoro	7	0	8	0
724	0x060002B4	BuildingMeshesTracker/<FreezeMeshWithDelayCoro>d__5	BuildingMeshesTracker.<FreezeMeshWithDelayCoro>d__5::System.Collections.IEnumerator.Reset()	BuildingMeshesTracker::FreezeMeshWithDelayCoro	6	0	8	0
725	0x060002B5	BuildingMeshesTracker/<FreezeMeshWithDelayCoro>d__5	BuildingMeshesTracker.<FreezeMeshWithDelayCoro>d__5::System.Collections.IEnumerator.get_Current()	BuildingMeshesTracker::FreezeMeshWithDelayCoro	7	0	8	0
726	0x060002B6	BuildingMeshTracker	BuildingMeshTracker::OnEnable()	BuildingMeshTracker::OnEnable	7	0	8	0
727	0x060002B7	BuildingMeshTracker	BuildingMeshTracker::OnDisable()	BuildingMeshTracker::OnDisable	7	0	8	0
728	0x060002B8	BuildingMeshTracker	BuildingMeshTracker::Unfreeze()	BuildingMeshTracker::Unfreeze	39	0	8	0
729	0x060002B9	BuildingMeshTracker	BuildingMeshTracker::FreezeMeshWithDelay()	BuildingMeshTracker::FreezeMeshWithDelay	121	0	3	0
730	0x060002BA	BuildingMeshTracker	BuildingMeshTracker::FreezeMeshWithDelayCoro()	BuildingMeshTracker::FreezeMeshWithDelayCoro	14	0	8	0
731	0x060002BB	BuildingMeshTracker	BuildingMeshTracker::.ctor()	BuildingMeshTracker::.ctor	7	0	8	0
732	0x060002BC	BuildingMeshTracker/<FreezeMeshWithDelayCoro>d__7	BuildingMeshTracker.<FreezeMeshWithDelayCoro>d__7::.ctor(int)	BuildingMeshTracker::FreezeMeshWithDelayCoro	14	0	8	0
733	0x060002BD	BuildingMeshTracker/<FreezeMeshWithDelayCoro>d__7	BuildingMeshTracker.<FreezeMeshWithDelayCoro>d__7::System.IDisposable.Dispose()	BuildingMeshTracker::FreezeMeshWithDelayCoro	1	0	8	0
734	0x060002BE	BuildingMeshTracker/<FreezeMeshWithDelayCoro>d__7	BuildingMeshTracker.<FreezeMeshWithDelayCoro>d__7::MoveNext()	BuildingMeshTracker::FreezeMeshWithDelayCoro	90	2	2	0
735	0x060002BF	BuildingMeshTracker/<FreezeMeshWithDelayCoro>d__7	BuildingMeshTracker.<FreezeMeshWithDelayCoro>d__7::System.Collections.Generic.IEnumerator<System.Object>.get_Current()	BuildingMeshTracker::FreezeMeshWithDelayCoro	7	0	8	0
736	0x060002C0	BuildingMeshTracker/<FreezeMeshWithDelayCoro>d__7	BuildingMeshTracker.<FreezeMeshWithDelayCoro>d__7::System.Collections.IEnumerator.Reset()	BuildingMeshTracker::FreezeMeshWithDelayCoro	6	0	8	0
737	0x060002C1	BuildingMeshTracker/<FreezeMeshWithDelayCoro>d__7	BuildingMeshTracker.<FreezeMeshWithDelayCoro>d__7::System.Collections.IEnumerator.get_Current()	BuildingMeshTracker::FreezeMeshWithDelayCoro	7	0	8	0
738	0x060002C2	BuildSlot	BuildSlot::get_LOCIDENTIFIER_NAME()	BuildSlot::get_LOCIDENTIFIER_NAME	17	0	8	0
739	0x060002C3	BuildSlot	BuildSlot::GET_LOCIDENTIFIER_UPGRADE(int)	BuildSlot::GET_LOCIDENTIFIER_UPGRADE	24	0	8	0
740	0x060002C4	BuildSlot	BuildSlot::GET_LOCIDENTIFIER_CHOICENAME(Choice)	BuildSlot::GET_LOCIDENTIFIER_CHOICENAME	23	0	8	0
741	0x060002C5	BuildSlot	BuildSlot::GET_LOCIDENTIFIER_CHOICEDESCRIPTION(Choice)	BuildSlot::GET_LOCIDENTIFIER_CHOICEDESCRIPTION	18	0	8	0
742	0x060002C6	BuildSlot	BuildSlot::get_RequiredRootLevelDifference()	BuildSlot::get_RequiredRootLevelDifference	7	0	8	0
743	0x060002C7	BuildSlot	BuildSlot::SetRequiredRootLevelDifference(int)	BuildSlot::SetRequiredRootLevelDifference	8	0	8	0
744	0x060002C8	BuildSlot	BuildSlot::get_IsRootOf()	BuildSlot::get_IsRootOf	7	0	8	0
745	0x060002C9	BuildSlot	BuildSlot::get_IsActivatorOf()	BuildSlot::get_IsActivatorOf	7	0	8	0
746	0x060002CA	BuildSlot	BuildSlot::get_ActivatorBuilding()	BuildSlot::get_ActivatorBuilding	7	0	8	0
747	0x060002CB	BuildSlot	BuildSlot::SetActivatorBuilding(BuildSlot)	BuildSlot::SetActivatorBuilding	8	0	8	0
748	0x060002CC	BuildSlot	BuildSlot::get_StartDeactivated()	BuildSlot::get_StartDeactivated	7	0	8	0
749	0x060002CD	BuildSlot	BuildSlot::set_StartDeactivated(bool)	BuildSlot::set_StartDeactivated	8	0	8	0
750	0x060002CE	BuildSlot	BuildSlot::get_ActivatorLevel()	BuildSlot::get_ActivatorLevel	7	0	8	0
751	0x060002CF	BuildSlot	BuildSlot::set_ActivatorLevel(int)	BuildSlot::set_ActivatorLevel	8	0	8	0
752	0x060002D0	BuildSlot	BuildSlot::get_ActivatorUpgradesThis()	BuildSlot::get_ActivatorUpgradesThis	7	0	8	0
753	0x060002D1	BuildSlot	BuildSlot::get_Upgrades()	BuildSlot::get_Upgrades	27	0	8	0
754	0x060002D2	BuildSlot	BuildSlot::get_OwnUpgrades()	BuildSlot::get_OwnUpgrades	7	0	8	0
755	0x060002D3	BuildSlot	BuildSlot::get_Level()	BuildSlot::get_Level	27	0	8	0
756	0x060002D4	BuildSlot	BuildSlot::get_AppliedUpgrades()	BuildSlot::get_AppliedUpgrades	7	0	8	0
757	0x060002D5	BuildSlot	BuildSlot::get_HpParent()	BuildSlot::get_HpParent	50	0	8	0
758	0x060002D6	BuildSlot	BuildSlot::get_Interactor()	BuildSlot::get_Interactor	7	0	8	0
759	0x060002D7	BuildSlot	BuildSlot::get_MainMesh()	BuildSlot::get_MainMesh	7	0	8	0
760	0x060002D8	BuildSlot	BuildSlot::get_UpgradesWithCostsLoadedFromSave()	BuildSlot::get_UpgradesWithCostsLoadedFromSave	12	0	8	0
761	0x060002D9	BuildSlot	BuildSlot::get_State()	BuildSlot::get_State	13	0	8	0
762	0x060002DA	BuildSlot	BuildSlot::get_GoldIncome()	BuildSlot::get_GoldIncome	7	0	8	0
763	0x060002DB	BuildSlot	BuildSlot::set_GoldIncome(int)	BuildSlot::set_GoldIncome	8	0	8	0
764	0x060002DC	BuildSlot	BuildSlot::get_EnergyCoreIncome()	BuildSlot::get_EnergyCoreIncome	7	0	8	0
765	0x060002DD	BuildSlot	BuildSlot::set_EnergyCoreIncome(int)	BuildSlot::set_EnergyCoreIncome	8	0	8	0
766	0x060002DE	BuildSlot	BuildSlot::get_CanBeUpgraded()	BuildSlot::get_CanBeUpgraded	139	0	3	0
767	0x060002DF	BuildSlot	BuildSlot::OnBeforeMainLoadPass(string)	BuildSlot::OnBeforeMainLoadPass	1	0	8	0
768	0x060002E0	BuildSlot	BuildSlot::OnAfterMainLoadPass(string)	BuildSlot::OnAfterMainLoadPass	1	0	8	0
769	0x060002E1	BuildSlot	BuildSlot::OnLoad(string)	BuildSlot::OnLoad	252	5	3	0
770	0x060002E2	BuildSlot	BuildSlot::ApplyLoadedUpgradesDelayed()	BuildSlot::ApplyLoadedUpgradesDelayed	14	0	8	0
771	0x060002E3	BuildSlot	BuildSlot::OnSave(string)	BuildSlot::OnSave	160	1	4	0
772	0x060002E4	BuildSlot	BuildSlot::get_NextUpgradeIsChoice()	BuildSlot::get_NextUpgradeIsChoice	41	0	8	0
773	0x060002E5	BuildSlot	BuildSlot::ReturnTooltip()	BuildSlot::ReturnTooltip	879	15	8	1
774	0x060002E6	BuildSlot	BuildSlot::get_NextUpgradeOrBuildCost()	BuildSlot::get_NextUpgradeOrBuildCost	54	0	8	0
775	0x060002E7	BuildSlot	BuildSlot::set_NextUpgradeOrBuildCost(int)	BuildSlot::set_NextUpgradeOrBuildCost	52	0	8	0
776	0x060002E8	BuildSlot	BuildSlot::get_NextUpgradeOrBuildEnergyCoreCost()	BuildSlot::get_NextUpgradeOrBuildEnergyCoreCost	54	0	8	0
777	0x060002E9	BuildSlot	BuildSlot::set_NextUpgradeOrBuildEnergyCoreCost(int)	BuildSlot::set_NextUpgradeOrBuildEnergyCoreCost	52	0	8	0
778	0x060002EA	BuildSlot	BuildSlot::get_BuildingParent()	BuildSlot::get_BuildingParent	7	0	8	0
779	0x060002EB	BuildSlot	BuildSlot::get_IsBlueprint()	BuildSlot::get_IsBlueprint	10	0	8	0
780	0x060002EC	BuildSlot	BuildSlot::get_BuiltSlotsThatRelyOnThisBuilding()	BuildSlot::get_BuiltSlotsThatRelyOnThisBuilding	7	0	8	0
781	0x060002ED	BuildSlot	BuildSlot::OnEnable()	BuildSlot::OnEnable	166	4	2	3
782	0x060002EE	BuildSlot	BuildSlot::GodOfChoiceHandling()	BuildSlot::GodOfChoiceHandling	14	0	8	0
783	0x060002EF	BuildSlot	BuildSlot::GetBuildSlotsThatWillUnlockWhenUpgraded()	BuildSlot::GetBuildSlotsThatWillUnlockWhenUpgraded	73	2	3	0
784	0x060002F0	BuildSlot	BuildSlot::GetBlueprintPreviewsThatWillUnlockWhenUpgraded(System.Collections.Generic.List<UnityEngine.MeshFilter>)	BuildSlot::GetBlueprintPreviewsThatWillUnlockWhenUpgraded	189	1	3	0
785	0x060002F1	BuildSlot	BuildSlot::GetGameObjectsThatWillUnlockWhenUpgraded(int)	BuildSlot::GetGameObjectsThatWillUnlockWhenUpgraded	87	0	4	0
786	0x060002F2	BuildSlot	BuildSlot::Start()	BuildSlot::Start	217	0	3	0
787	0x060002F3	BuildSlot	BuildSlot::Activate()	BuildSlot::Activate	68	0	2	0
788	0x060002F4	BuildSlot	BuildSlot::ActivateIgrnoringActivatorLevel()	BuildSlot::ActivateIgrnoringActivatorLevel	41	0	8	0
789	0x060002F5	BuildSlot	BuildSlot::ActivateOrDeactivateBuliding(BuildSlot.BuildingState)	BuildSlot::ActivateOrDeactivateBuliding	110	0	2	0
790	0x060002F6	BuildSlot	BuildSlot::TryToBuildOrUpgradeAndPay(PlayerInteraction,bool)	BuildSlot::TryToBuildOrUpgradeAndPay	204	4	3	0
791	0x060002F7	BuildSlot	BuildSlot::ExecuteBuildOrUpgrade(PlayerInteraction,bool)	BuildSlot::ExecuteBuildOrUpgrade	35	0	8	0
792	0x060002F8	BuildSlot	BuildSlot::ExecuteUpgrade(BuildSlot.Upgrade,PlayerInteraction,bool)	BuildSlot::ExecuteUpgrade	161	3	5	1
793	0x060002F9	BuildSlot	BuildSlot::OnUpgradeChoiceComplete(Choice)	BuildSlot::OnUpgradeChoiceComplete	301	9	3	2
794	0x060002FA	BuildSlot	BuildSlot::ForceManualUpgradeWithoutFeedbackEffects(BuildSlot.UpgradeBranch)	BuildSlot::ForceManualUpgradeWithoutFeedbackEffects	325	7	3	2
795	0x060002FB	BuildSlot	BuildSlot::ApplyLocalUpgradeChanges(BuildSlot.UpgradeBranch,bool)	BuildSlot::ApplyLocalUpgradeChanges	474	4	3	2
796	0x060002FC	BuildSlot	BuildSlot::ReplaceMeshExternal(UnityEngine.Mesh)	BuildSlot::ReplaceMeshExternal	35	0	8	0
797	0x060002FD	BuildSlot	BuildSlot::DEBUGUpgradeToMax()	BuildSlot::DEBUGUpgradeToMax	45	0	8	0
798	0x060002FE	BuildSlot	BuildSlot::OnDusk()	BuildSlot::OnDusk	34	0	8	0
799	0x060002FF	BuildSlot	BuildSlot::OnDawn_AfterSunrise()	BuildSlot::OnDawn_AfterSunrise	34	0	8	0
800	0x06000300	BuildSlot	BuildSlot::OnDawn_BeforeSunrise()	BuildSlot::OnDawn_BeforeSunrise	1	0	8	0
801	0x06000301	BuildSlot	BuildSlot::OnDuskEarly()	BuildSlot::OnDuskEarly	1	0	8	0
802	0x06000302	BuildSlot	BuildSlot::.ctor()	BuildSlot::.ctor	165	0	2	0
803	0x06000303	BuildSlot/Upgrade	BuildSlot.Upgrade::.ctor()	BuildSlot/Upgrade::.ctor	14	0	8	0
804	0x06000304	BuildSlot/UpgradeBranch	BuildSlot.UpgradeBranch::.ctor()	BuildSlot/UpgradeBranch::.ctor	29	0	8	0
805	0x06000305	BuildSlot/<>c	BuildSlot.<>c::.cctor()	BuildSlot::.cctor	11	0	8	0
806	0x06000306	BuildSlot/<>c	BuildSlot.<>c::.ctor()	BuildSlot::.ctor	7	0	8	0
807	0x06000307	BuildSlot/<>c	BuildSlot.<>c::<GodOfChoiceHandling>b__109_1(char)	BuildSlot::GodOfChoiceHandling	2	0	8	0
808	0x06000308	BuildSlot/<>c	BuildSlot.<>c::<GodOfChoiceHandling>b__109_0(BuildSlot.UpgradeBranch)	BuildSlot::GodOfChoiceHandling	12	0	8	0
809	0x06000309	BuildSlot/<>c__DisplayClass123_0	BuildSlot.<>c__DisplayClass123_0::.ctor()	BuildSlot::.ctor	7	0	8	0
810	0x0600030A	BuildSlot/<>c__DisplayClass123_0	BuildSlot.<>c__DisplayClass123_0::<ForceManualUpgradeWithoutFeedbackEffects>b__0(BuildSlot.UpgradeBranch)	BuildSlot::ForceManualUpgradeWithoutFeedbackEffects	10	0	8	0
811	0x0600030B	BuildSlot/<ApplyLoadedUpgradesDelayed>d__85	BuildSlot.<ApplyLoadedUpgradesDelayed>d__85::.ctor(int)	BuildSlot::ApplyLoadedUpgradesDelayed	14	0	8	0
812	0x0600030C	BuildSlot/<ApplyLoadedUpgradesDelayed>d__85	BuildSlot.<ApplyLoadedUpgradesDelayed>d__85::System.IDisposable.Dispose()	BuildSlot::ApplyLoadedUpgradesDelayed	1	0	8	0
813	0x0600030D	BuildSlot/<ApplyLoadedUpgradesDelayed>d__85	BuildSlot.<ApplyLoadedUpgradesDelayed>d__85::MoveNext()	BuildSlot::ApplyLoadedUpgradesDelayed	147	4	4	0
814	0x0600030E	BuildSlot/<ApplyLoadedUpgradesDelayed>d__85	BuildSlot.<ApplyLoadedUpgradesDelayed>d__85::System.Collections.Generic.IEnumerator<System.Object>.get_Current()	BuildSlot::ApplyLoadedUpgradesDelayed	7	0	8	0
815	0x0600030F	BuildSlot/<ApplyLoadedUpgradesDelayed>d__85	BuildSlot.<ApplyLoadedUpgradesDelayed>d__85::System.Collections.IEnumerator.Reset()	BuildSlot::ApplyLoadedUpgradesDelayed	6	0	8	0
816	0x06000310	BuildSlot/<ApplyLoadedUpgradesDelayed>d__85	BuildSlot.<ApplyLoadedUpgradesDelayed>d__85::System.Collections.IEnumerator.get_Current()	BuildSlot::ApplyLoadedUpgradesDelayed	7	0	8	0
817	0x06000311	BuildSlot/<GodOfChoiceHandling>d__109	BuildSlot.<GodOfChoiceHandling>d__109::.ctor(int)	BuildSlot::GodOfChoiceHandling	14	0	8	0
818	0x06000312	BuildSlot/<GodOfChoiceHandling>d__109	BuildSlot.<GodOfChoiceHandling>d__109::System.IDisposable.Dispose()	BuildSlot::GodOfChoiceHandling	1	0	8	0
819	0x06000313	BuildSlot/<GodOfChoiceHandling>d__109	BuildSlot.<GodOfChoiceHandling>d__109::MoveNext()	BuildSlot::GodOfChoiceHandling	603	14	4	2
820	0x06000314	BuildSlot/<GodOfChoiceHandling>d__109	BuildSlot.<GodOfChoiceHandling>d__109::System.Collections.Generic.IEnumerator<System.Object>.get_Current()	BuildSlot::GodOfChoiceHandling	7	0	8	0
821	0x06000315	BuildSlot/<GodOfChoiceHandling>d__109	BuildSlot.<GodOfChoiceHandling>d__109::System.Collections.IEnumerator.Reset()	BuildSlot::GodOfChoiceHandling	6	0	8	0
822	0x06000316	BuildSlot/<GodOfChoiceHandling>d__109	BuildSlot.<GodOfChoiceHandling>d__109::System.Collections.IEnumerator.get_Current()	BuildSlot::GodOfChoiceHandling	7	0	8	0
823	0x06000317	CameraBounds	CameraBounds::PrepareBounds(float)	CameraBounds::PrepareBounds	73	1	4	0
824	0x06000318	CameraBounds	CameraBounds::GrowShrinkPoly(System.Collections.Generic.List<UnityEngine.Vector2>,float,float)	CameraBounds::GrowShrinkPoly	211	12	4	0
825	0x06000319	CameraBounds	CameraBounds::BevelPolygon(System.Collections.Generic.List<UnityEngine.Vector2>,float)	CameraBounds::BevelPolygon	216	11	3	0
826	0x0600031A	CameraBounds	CameraBounds::DrawPolygonDebug(System.Collections.Generic.List<UnityEngine.Vector2>,float)	CameraBounds::DrawPolygonDebug	112	3	7	0
827	0x0600031B	CameraBounds	CameraBounds::MakeBoundsConvex(System.Collections.Generic.List<UnityEngine.Vector2>)	CameraBounds::MakeBoundsConvex	174	5	4	0
828	0x0600031C	CameraBounds	CameraBounds::IsInBounds(UnityEngine.Vector2)	CameraBounds::IsInBounds	227	3	5	0
829	0x0600031D	CameraBounds	CameraBounds::ClosestPointOnBounds(UnityEngine.Vector2)	CameraBounds::ClosestPointOnBounds	221	10	4	0
830	0x0600031E	CameraBounds	CameraBounds::.ctor()	CameraBounds::.ctor	29	0	8	0
831	0x0600031F	CameraController	CameraController::Awake()	CameraController::Awake	30	0	8	0
832	0x06000320	CameraController	CameraController::Start()	CameraController::Start	36	0	8	0
833	0x06000321	CameraController	CameraController::ShakePunch()	CameraController::ShakePunch	41	0	8	0
834	0x06000322	CameraController	CameraController::ExecuteShake(float,float)	CameraController::ExecuteShake	28	0	8	0
835	0x06000323	CameraController	CameraController::.ctor()	CameraController::.ctor	29	0	8	0
836	0x06000324	CameraController/<ExecuteShake>d__10	CameraController.<ExecuteShake>d__10::.ctor(int)	CameraController::ExecuteShake	14	0	8	0
837	0x06000325	CameraController/<ExecuteShake>d__10	CameraController.<ExecuteShake>d__10::System.IDisposable.Dispose()	CameraController::ExecuteShake	1	0	8	0
838	0x06000326	CameraController/<ExecuteShake>d__10	CameraController.<ExecuteShake>d__10::MoveNext()	CameraController::ExecuteShake	166	2	5	0
839	0x06000327	CameraController/<ExecuteShake>d__10	CameraController.<ExecuteShake>d__10::System.Collections.Generic.IEnumerator<System.Object>.get_Current()	CameraController::ExecuteShake	7	0	8	0
840	0x06000328	CameraController/<ExecuteShake>d__10	CameraController.<ExecuteShake>d__10::System.Collections.IEnumerator.Reset()	CameraController::ExecuteShake	6	0	8	0
841	0x06000329	CameraController/<ExecuteShake>d__10	CameraController.<ExecuteShake>d__10::System.Collections.IEnumerator.get_Current()	CameraController::ExecuteShake	7	0	8	0
842	0x0600032A	CameraRig	CameraRig::get_DefaultOrthSize()	CameraRig::get_DefaultOrthSize	9	0	8	0
843	0x0600032B	CameraRig	CameraRig::UpdateZoom()	CameraRig::UpdateZoom	183	3	6	1
844	0x0600032C	CameraRig	CameraRig::Start()	CameraRig::Start	90	0	3	0
845	0x0600032D	CameraRig	CameraRig::Update()	CameraRig::Update	260	0	5	0
846	0x0600032E	CameraRig	CameraRig::TransitionToTarget(UnityEngine.Transform,float)	CameraRig::TransitionToTarget	28	0	8	0
847	0x0600032F	CameraRig	CameraRig::.ctor()	CameraRig::.ctor	74	0	4	0
848	0x06000330	CameraRig/<TransitionToTarget>d__18	CameraRig.<TransitionToTarget>d__18::.ctor(int)	CameraRig::TransitionToTarget	14	0	8	0
849	0x06000331	CameraRig/<TransitionToTarget>d__18	CameraRig.<TransitionToTarget>d__18::System.IDisposable.Dispose()	CameraRig::TransitionToTarget	1	0	8	0
850	0x06000332	CameraRig/<TransitionToTarget>d__18	CameraRig.<TransitionToTarget>d__18::MoveNext()	CameraRig::TransitionToTarget	677	5	4	3
851	0x06000333	CameraRig/<TransitionToTarget>d__18	CameraRig.<TransitionToTarget>d__18::System.Collections.Generic.IEnumerator<System.Object>.get_Current()	CameraRig::TransitionToTarget	7	0	8	0
852	0x06000334	CameraRig/<TransitionToTarget>d__18	CameraRig.<TransitionToTarget>d__18::System.Collections.IEnumerator.Reset()	CameraRig::TransitionToTarget	6	0	8	0
853	0x06000335	CameraRig/<TransitionToTarget>d__18	CameraRig.<TransitionToTarget>d__18::System.Collections.IEnumerator.get_Current()	CameraRig::TransitionToTarget	7	0	8	0
854	0x06000336	CaslteUpReciever	CaslteUpReciever::Start()	CaslteUpReciever::Start	29	0	8	0
855	0x06000337	CaslteUpReciever	CaslteUpReciever::OnBuild()	CaslteUpReciever::OnBuild	29	0	8	0
856	0x06000338	CaslteUpReciever	CaslteUpReciever::.ctor()	CaslteUpReciever::.ctor	7	0	8	0
857	0x06000339	CastleCenter	CastleCenter::Awake()	CastleCenter::Awake	7	0	8	0
858	0x0600033A	CastleCenter	CastleCenter::Start()	CastleCenter::Start	28	0	8	0
859	0x0600033B	CastleCenter	CastleCenter::get_IsCastleBuilt()	CastleCenter::get_IsCastleBuilt	29	0	8	0
860	0x0600033C	CastleCenter	CastleCenter::.ctor()	CastleCenter::.ctor	7	0	8	0
861	0x0600033D	Coin	Coin::get_IsFree()	Coin::get_IsFree	13	0	8	0
862	0x0600033E	Coin	Coin::Start()	Coin::Start	233	1	5	0
863	0x0600033F	Coin	Coin::Update()	Coin::Update	591	1	7	0
864	0x06000340	Coin	Coin::SetTarget(PlayerInteraction)	Coin::SetTarget	8	0	8	0
865	0x06000341	Coin	Coin::OnDestroy()	Coin::OnDestroy	67	0	2	0
866	0x06000342	Coin	Coin::.ctor()	Coin::.ctor	83	0	3	0
867	0x06000343	CoinSpawner	CoinSpawner::get_CoinsLeft()	CoinSpawner::get_CoinsLeft	7	0	8	0
868	0x06000344	CoinSpawner	CoinSpawner::OnEnable()	CoinSpawner::OnEnable	12	0	8	0
869	0x06000345	CoinSpawner	CoinSpawner::OnDisable()	CoinSpawner::OnDisable	13	0	8	0
870	0x06000346	CoinSpawner	CoinSpawner::get_AllCoinsLeftToBeSpawned()	CoinSpawner::get_AllCoinsLeftToBeSpawned	78	2	3	0
871	0x06000347	CoinSpawner	CoinSpawner::TriggerCoinSpawn(int,PlayerInteraction)	CoinSpawner::TriggerCoinSpawn	48	0	8	0
872	0x06000348	CoinSpawner	CoinSpawner::SpawnCoins(int,float,PlayerInteraction)	CoinSpawner::SpawnCoins	35	0	8	0
873	0x06000349	CoinSpawner	CoinSpawner::.ctor()	CoinSpawner::.ctor	18	0	8	0
874	0x0600034A	CoinSpawner	CoinSpawner::.cctor()	CoinSpawner::.cctor	11	0	8	0
875	0x0600034B	CoinSpawner/<SpawnCoins>d__11	CoinSpawner.<SpawnCoins>d__11::.ctor(int)	CoinSpawner::SpawnCoins	14	0	8	0
876	0x0600034C	CoinSpawner/<SpawnCoins>d__11	CoinSpawner.<SpawnCoins>d__11::System.IDisposable.Dispose()	CoinSpawner::SpawnCoins	1	0	8	0
877	0x0600034D	CoinSpawner/<SpawnCoins>d__11	CoinSpawner.<SpawnCoins>d__11::MoveNext()	CoinSpawner::SpawnCoins	216	3	3	0
878	0x0600034E	CoinSpawner/<SpawnCoins>d__11	CoinSpawner.<SpawnCoins>d__11::System.Collections.Generic.IEnumerator<System.Object>.get_Current()	CoinSpawner::SpawnCoins	7	0	8	0
879	0x0600034F	CoinSpawner/<SpawnCoins>d__11	CoinSpawner.<SpawnCoins>d__11::System.Collections.IEnumerator.Reset()	CoinSpawner::SpawnCoins	6	0	8	0
880	0x06000350	CoinSpawner/<SpawnCoins>d__11	CoinSpawner.<SpawnCoins>d__11::System.Collections.IEnumerator.get_Current()	CoinSpawner::SpawnCoins	7	0	8	0
881	0x06000351	ColorAndLightManager	ColorAndLightManager::get_Instance()	ColorAndLightManager::get_Instance	6	0	8	0
882	0x06000352	ColorAndLightManager	ColorAndLightManager::get_Sunlight()	ColorAndLightManager::get_Sunlight	7	0	8	0
883	0x06000353	ColorAndLightManager	ColorAndLightManager::get_BonfireLight()	ColorAndLightManager::get_BonfireLight	7	0	8	0
884	0x06000354	ColorAndLightManager	ColorAndLightManager::get_CurrentColorScheme()	ColorAndLightManager::get_CurrentColorScheme	7	0	8	0
885	0x06000355	ColorAndLightManager	ColorAndLightManager::get_EliteEnemyMaterial()	ColorAndLightManager::get_EliteEnemyMaterial	6	0	8	0
886	0x06000356	ColorAndLightManager	ColorAndLightManager::OnDawn_AfterSunrise()	ColorAndLightManager::OnDawn_AfterSunrise	1	0	8	0
887	0x06000357	ColorAndLightManager	ColorAndLightManager::OnDusk()	ColorAndLightManager::OnDusk	20	0	8	0
888	0x06000358	ColorAndLightManager	ColorAndLightManager::OnDawn_BeforeSunrise()	ColorAndLightManager::OnDawn_BeforeSunrise	20	0	8	0
889	0x06000359	ColorAndLightManager	ColorAndLightManager::Daylight()	ColorAndLightManager::Daylight	51	0	8	0
890	0x0600035A	ColorAndLightManager	ColorAndLightManager::SunsetLight()	ColorAndLightManager::SunsetLight	51	0	8	0
891	0x0600035B	ColorAndLightManager	ColorAndLightManager::NightLight()	ColorAndLightManager::NightLight	51	0	8	0
892	0x0600035C	ColorAndLightManager	ColorAndLightManager::ToDay()	ColorAndLightManager::ToDay	14	0	8	0
893	0x0600035D	ColorAndLightManager	ColorAndLightManager::ToNight()	ColorAndLightManager::ToNight	14	0	8	0
894	0x0600035E	ColorAndLightManager	ColorAndLightManager::Awake()	ColorAndLightManager::Awake	7	0	8	0
895	0x0600035F	ColorAndLightManager	ColorAndLightManager::Start()	ColorAndLightManager::Start	264	0	5	0
896	0x06000360	ColorAndLightManager	ColorAndLightManager::Update()	ColorAndLightManager::Update	137	0	3	0
897	0x06000361	ColorAndLightManager	ColorAndLightManager::ApplayColorScheme()	ColorAndLightManager::ApplayColorScheme	13	0	8	0
898	0x06000362	ColorAndLightManager	ColorAndLightManager::HueShift(UnityEngine.Color,float,float)	ColorAndLightManager::HueShift	83	5	4	0
899	0x06000363	ColorAndLightManager	ColorAndLightManager::ApplyColorScheme(Colorscheme)	ColorAndLightManager::ApplyColorScheme	1730	6	5	0
900	0x06000364	ColorAndLightManager	ColorAndLightManager::SetMaterialColors(UnityEngine.Material,UnityEngine.Color,UnityEngine.Color,UnityEngine.Color)	ColorAndLightManager::SetMaterialColors	64	0	3	0
901	0x06000365	ColorAndLightManager	ColorAndLightManager::AdjustAllOutlineColorsBasedOnLight(UnityEngine.Color,UnityEngine.Color)	ColorAndLightManager::AdjustAllOutlineColorsBasedOnLight	367	0	4	0
902	0x06000366	ColorAndLightManager	ColorAndLightManager::SetOutlineColorBasedOnLight(UnityEngine.Material,UnityEngine.Color,UnityEngine.Color)	ColorAndLightManager::SetOutlineColorBasedOnLight	38	1	4	0
903	0x06000367	ColorAndLightManager	ColorAndLightManager::OnDuskEarly()	ColorAndLightManager::OnDuskEarly	1	0	8	0
904	0x06000368	ColorAndLightManager	ColorAndLightManager::EasyReloadColorScheme()	ColorAndLightManager::EasyReloadColorScheme	13	0	8	0
905	0x06000369	ColorAndLightManager	ColorAndLightManager::EasySwitchEntireColorSchemeTo(Colorscheme)	ColorAndLightManager::EasySwitchEntireColorSchemeTo	230	2	3	0
906	0x0600036A	ColorAndLightManager	ColorAndLightManager::CycleToNextColorscheme()	ColorAndLightManager::CycleToNextColorscheme	108	3	3	1
907	0x0600036B	ColorAndLightManager	ColorAndLightManager::RegisterBonfireLight(UnityEngine.Light)	ColorAndLightManager::RegisterBonfireLight	29	0	8	0
908	0x0600036C	ColorAndLightManager	ColorAndLightManager::.ctor()	ColorAndLightManager::.ctor	40	0	8	0
909	0x0600036D	ColorAndLightManager/<ToDay>d__66	ColorAndLightManager.<ToDay>d__66::.ctor(int)	ColorAndLightManager::ToDay	14	0	8	0
910	0x0600036E	ColorAndLightManager/<ToDay>d__66	ColorAndLightManager.<ToDay>d__66::System.IDisposable.Dispose()	ColorAndLightManager::ToDay	1	0	8	0
911	0x0600036F	ColorAndLightManager/<ToDay>d__66	ColorAndLightManager.<ToDay>d__66::MoveNext()	ColorAndLightManager::ToDay	405	2	5	0
912	0x06000370	ColorAndLightManager/<ToDay>d__66	ColorAndLightManager.<ToDay>d__66::System.Collections.Generic.IEnumerator<System.Object>.get_Current()	ColorAndLightManager::ToDay	7	0	8	0
913	0x06000371	ColorAndLightManager/<ToDay>d__66	ColorAndLightManager.<ToDay>d__66::System.Collections.IEnumerator.Reset()	ColorAndLightManager::ToDay	6	0	8	0
914	0x06000372	ColorAndLightManager/<ToDay>d__66	ColorAndLightManager.<ToDay>d__66::System.Collections.IEnumerator.get_Current()	ColorAndLightManager::ToDay	7	0	8	0
915	0x06000373	ColorAndLightManager/<ToNight>d__67	ColorAndLightManager.<ToNight>d__67::.ctor(int)	ColorAndLightManager::ToNight	14	0	8	0
916	0x06000374	ColorAndLightManager/<ToNight>d__67	ColorAndLightManager.<ToNight>d__67::System.IDisposable.Dispose()	ColorAndLightManager::ToNight	1	0	8	0
917	0x06000375	ColorAndLightManager/<ToNight>d__67	ColorAndLightManager.<ToNight>d__67::MoveNext()	ColorAndLightManager::ToNight	257	2	5	0
918	0x06000376	ColorAndLightManager/<ToNight>d__67	ColorAndLightManager.<ToNight>d__67::System.Collections.Generic.IEnumerator<System.Object>.get_Current()	ColorAndLightManager::ToNight	7	0	8	0
919	0x06000377	ColorAndLightManager/<ToNight>d__67	ColorAndLightManager.<ToNight>d__67::System.Collections.IEnumerator.Reset()	ColorAndLightManager::ToNight	6	0	8	0
920	0x06000378	ColorAndLightManager/<ToNight>d__67	ColorAndLightManager.<ToNight>d__67::System.Collections.IEnumerator.get_Current()	ColorAndLightManager::ToNight	7	0	8	0
921	0x06000379	Colorscheme	Colorscheme::OnValidate()	Colorscheme::OnValidate	22	1	2	0
922	0x0600037A	Colorscheme	Colorscheme::.ctor()	Colorscheme::.ctor	44	0	8	0
923	0x0600037B	DaytimeSensitiveLight	DaytimeSensitiveLight::Start()	DaytimeSensitiveLight::Start	24	0	8	0
924	0x0600037C	DaytimeSensitiveLight	DaytimeSensitiveLight::OnDawn_AfterSunrise()	DaytimeSensitiveLight::OnDawn_AfterSunrise	1	0	8	0
925	0x0600037D	DaytimeSensitiveLight	DaytimeSensitiveLight::OnDusk()	DaytimeSensitiveLight::OnDusk	20	0	8	0
926	0x0600037E	DaytimeSensitiveLight	DaytimeSensitiveLight::OnDawn_BeforeSunrise()	DaytimeSensitiveLight::OnDawn_BeforeSunrise	20	0	8	0
927	0x0600037F	DaytimeSensitiveLight	DaytimeSensitiveLight::ToDay()	DaytimeSensitiveLight::ToDay	14	0	8	0
928	0x06000380	DaytimeSensitiveLight	DaytimeSensitiveLight::ToNight()	DaytimeSensitiveLight::ToNight	14	0	8	0
929	0x06000381	DaytimeSensitiveLight	DaytimeSensitiveLight::OnDuskEarly()	DaytimeSensitiveLight::OnDuskEarly	1	0	8	0
930	0x06000382	DaytimeSensitiveLight	DaytimeSensitiveLight::.ctor()	DaytimeSensitiveLight::.ctor	40	0	8	0
931	0x06000383	DaytimeSensitiveLight/<ToDay>d__10	DaytimeSensitiveLight.<ToDay>d__10::.ctor(int)	DaytimeSensitiveLight::ToDay	14	0	8	0
932	0x06000384	DaytimeSensitiveLight/<ToDay>d__10	DaytimeSensitiveLight.<ToDay>d__10::System.IDisposable.Dispose()	DaytimeSensitiveLight::ToDay	1	0	8	0
933	0x06000385	DaytimeSensitiveLight/<ToDay>d__10	DaytimeSensitiveLight.<ToDay>d__10::MoveNext()	DaytimeSensitiveLight::ToDay	278	2	5	0
934	0x06000386	DaytimeSensitiveLight/<ToDay>d__10	DaytimeSensitiveLight.<ToDay>d__10::System.Collections.Generic.IEnumerator<System.Object>.get_Current()	DaytimeSensitiveLight::ToDay	7	0	8	0
935	0x06000387	DaytimeSensitiveLight/<ToDay>d__10	DaytimeSensitiveLight.<ToDay>d__10::System.Collections.IEnumerator.Reset()	DaytimeSensitiveLight::ToDay	6	0	8	0
936	0x06000388	DaytimeSensitiveLight/<ToDay>d__10	DaytimeSensitiveLight.<ToDay>d__10::System.Collections.IEnumerator.get_Current()	DaytimeSensitiveLight::ToDay	7	0	8	0
937	0x06000389	DaytimeSensitiveLight/<ToNight>d__11	DaytimeSensitiveLight.<ToNight>d__11::.ctor(int)	DaytimeSensitiveLight::ToNight	14	0	8	0
938	0x0600038A	DaytimeSensitiveLight/<ToNight>d__11	DaytimeSensitiveLight.<ToNight>d__11::System.IDisposable.Dispose()	DaytimeSensitiveLight::ToNight	1	0	8	0
939	0x0600038B	DaytimeSensitiveLight/<ToNight>d__11	DaytimeSensitiveLight.<ToNight>d__11::MoveNext()	DaytimeSensitiveLight::ToNight	278	2	5	0
940	0x0600038C	DaytimeSensitiveLight/<ToNight>d__11	DaytimeSensitiveLight.<ToNight>d__11::System.Collections.Generic.IEnumerator<System.Object>.get_Current()	DaytimeSensitiveLight::ToNight	7	0	8	0
941	0x0600038D	DaytimeSensitiveLight/<ToNight>d__11	DaytimeSensitiveLight.<ToNight>d__11::System.Collections.IEnumerator.Reset()	DaytimeSensitiveLight::ToNight	6	0	8	0
942	0x0600038E	DaytimeSensitiveLight/<ToNight>d__11	DaytimeSensitiveLight.<ToNight>d__11::System.Collections.IEnumerator.get_Current()	DaytimeSensitiveLight::ToNight	7	0	8	0
943	0x0600038F	ControlGroupPopUp	ControlGroupPopUp::Start()	ControlGroupPopUp::Start	57	0	8	0
944	0x06000390	ControlGroupPopUp	ControlGroupPopUp::Update()	ControlGroupPopUp::Update	39	1	2	0
945	0x06000391	ControlGroupPopUp	ControlGroupPopUp::Refresh(Rewired.ControllerType)	ControlGroupPopUp::Refresh	65	1	6	0
946	0x06000392	ControlGroupPopUp	ControlGroupPopUp::.ctor()	ControlGroupPopUp::.ctor	7	0	8	0
947	0x06000393	CorruptKingGround	CorruptKingGround::Start()	CorruptKingGround::Start	17	0	8	0
948	0x06000394	CorruptKingGround	CorruptKingGround::Update()	CorruptKingGround::Update	142	0	3	0
949	0x06000395	CorruptKingGround	CorruptKingGround::.ctor()	CorruptKingGround::.ctor	7	0	8	0
950	0x06000396	CurseEffect	CurseEffect::Effect(Hp,TaggedObject,TaggedObject,Weapon,float,bool,float)	CurseEffect::Effect	21	0	8	0
951	0x06000397	CurseEffect	CurseEffect::.ctor()	CurseEffect::.ctor	7	0	8	0
952	0x06000398	CustomPositionConstraint	CustomPositionConstraint::Update()	CustomPositionConstraint::Update	37	0	8	0
953	0x06000399	CustomPositionConstraint	CustomPositionConstraint::.ctor()	CustomPositionConstraint::.ctor	7	0	8	0
954	0x0600039A	DamageModifyer	DamageModifyer::AppliesTo(TaggedObject)	DamageModifyer::AppliesTo	51	1	3	0
955	0x0600039B	DamageModifyer	DamageModifyer::CalculateDamageOnTarget(TaggedObject,System.Collections.Generic.List<DamageModifyer>,float)	DamageModifyer::CalculateDamageOnTarget	62	3	2	0
956	0x0600039C	DamageModifyer	DamageModifyer::.ctor()	DamageModifyer::.ctor	29	0	8	0
957	0x0600039D	DamagePlayerWhenEnteringRange	DamagePlayerWhenEnteringRange::Start()	DamagePlayerWhenEnteringRange::Start	221	1	3	0
958	0x0600039E	DamagePlayerWhenEnteringRange	DamagePlayerWhenEnteringRange::Update()	DamagePlayerWhenEnteringRange::Update	125	2	3	0
959	0x0600039F	DamagePlayerWhenEnteringRange	DamagePlayerWhenEnteringRange::ApplyDamage()	DamagePlayerWhenEnteringRange::ApplyDamage	107	1	5	0
960	0x060003A0	DamagePlayerWhenEnteringRange	DamagePlayerWhenEnteringRange::.ctor()	DamagePlayerWhenEnteringRange::.ctor	14	0	8	0
961	0x060003A1	DayNightCycle	DayNightCycle::get_Instance()	DayNightCycle::get_Instance	6	0	8	0
962	0x060003A2	DayNightCycle	DayNightCycle::get_CurrentTimestate()	DayNightCycle::get_CurrentTimestate	7	0	8	0
963	0x060003A3	DayNightCycle	DayNightCycle::get_CurrentNightLength()	DayNightCycle::get_CurrentNightLength	7	0	8	0
964	0x060003A4	DayNightCycle	DayNightCycle::get_AfterSunrise()	DayNightCycle::get_AfterSunrise	7	0	8	0
965	0x060003A5	DayNightCycle	DayNightCycle::get_AutomatedDaytime()	DayNightCycle::get_AutomatedDaytime	7	0	8	0
966	0x060003A6	DayNightCycle	DayNightCycle::get_RemainingAutoDayTime()	DayNightCycle::get_RemainingAutoDayTime	7	0	8	0
967	0x060003A7	DayNightCycle	DayNightCycle::get_AutomatedNighttime()	DayNightCycle::get_AutomatedNighttime	7	0	8	0
968	0x060003A8	DayNightCycle	DayNightCycle::get_RemainingAutoNightTime()	DayNightCycle::get_RemainingAutoNightTime	7	0	8	0
969	0x060003A9	DayNightCycle	DayNightCycle::get_CoinCountToBeHarvested()	DayNightCycle::get_CoinCountToBeHarvested	99	3	2	1
970	0x060003AA	DayNightCycle	DayNightCycle::Awake()	DayNightCycle::Awake	27	0	8	0
971	0x060003AB	DayNightCycle	DayNightCycle::Update()	DayNightCycle::Update	308	0	3	0
972	0x060003AC	DayNightCycle	DayNightCycle::DawnCallAfterSunrise()	DayNightCycle::DawnCallAfterSunrise	326	7	3	3
973	0x060003AD	DayNightCycle	DayNightCycle::DawnCallBeforeSunrise()	DayNightCycle::DawnCallBeforeSunrise	105	1	2	1
974	0x060003AE	DayNightCycle	DayNightCycle::DuskCall()	DayNightCycle::DuskCall	222	3	3	2
975	0x060003AF	DayNightCycle	DayNightCycle::ToggleDaytime()	DayNightCycle::ToggleDaytime	54	0	8	0
976	0x060003B0	DayNightCycle	DayNightCycle::SwitchToDayCoroutine()	DayNightCycle::SwitchToDayCoroutine	14	0	8	0
977	0x060003B1	DayNightCycle	DayNightCycle::SwitchToNight()	DayNightCycle::SwitchToNight	35	0	8	0
978	0x060003B2	DayNightCycle	DayNightCycle::SwithToDay()	DayNightCycle::SwithToDay	23	0	8	0
979	0x060003B3	DayNightCycle	DayNightCycle::RegisterDaytimeSensitiveObject(DayNightCycle.IDaytimeSensitive)	DayNightCycle::RegisterDaytimeSensitiveObject	13	0	8	0
980	0x060003B4	DayNightCycle	DayNightCycle::UnregisterDaytimeSensitiveObject(DayNightCycle.IDaytimeSensitive)	DayNightCycle::UnregisterDaytimeSensitiveObject	14	0	8	0
981	0x060003B5	DayNightCycle	DayNightCycle::SetToAutoDayLength(float)	DayNightCycle::SetToAutoDayLength	22	0	8	0
982	0x060003B6	DayNightCycle	DayNightCycle::SetToAutoNightLength(float)	DayNightCycle::SetToAutoNightLength	22	0	8	0
983	0x060003B7	DayNightCycle	DayNightCycle::.ctor()	DayNightCycle::.ctor	47	0	8	0
984	0x060003B8	DayNightCycle/IDaytimeSensitive	DayNightCycle.IDaytimeSensitive::OnDuskEarly()	DayNightCycle/IDaytimeSensitive::OnDuskEarly	0	0	0	0
985	0x060003B9	DayNightCycle/IDaytimeSensitive	DayNightCycle.IDaytimeSensitive::OnDusk()	DayNightCycle/IDaytimeSensitive::OnDusk	0	0	0	0
986	0x060003BA	DayNightCycle/IDaytimeSensitive	DayNightCycle.IDaytimeSensitive::OnDawn_AfterSunrise()	DayNightCycle/IDaytimeSensitive::OnDawn_AfterSunrise	0	0	0	0
987	0x060003BB	DayNightCycle/IDaytimeSensitive	DayNightCycle.IDaytimeSensitive::OnDawn_BeforeSunrise()	DayNightCycle/IDaytimeSensitive::OnDawn_BeforeSunrise	0	0	0	0
988	0x060003BC	DayNightCycle/<SwitchToDayCoroutine>d__40	DayNightCycle.<SwitchToDayCoroutine>d__40::.ctor(int)	DayNightCycle::SwitchToDayCoroutine	14	0	8	0
989	0x060003BD	DayNightCycle/<SwitchToDayCoroutine>d__40	DayNightCycle.<SwitchToDayCoroutine>d__40::System.IDisposable.Dispose()	DayNightCycle::SwitchToDayCoroutine	1	0	8	0
990	0x060003BE	DayNightCycle/<SwitchToDayCoroutine>d__40	DayNightCycle.<SwitchToDayCoroutine>d__40::MoveNext()	DayNightCycle::SwitchToDayCoroutine	171	2	4	0
991	0x060003BF	DayNightCycle/<SwitchToDayCoroutine>d__40	DayNightCycle.<SwitchToDayCoroutine>d__40::System.Collections.Generic.IEnumerator<System.Object>.get_Current()	DayNightCycle::SwitchToDayCoroutine	7	0	8	0
992	0x060003C0	DayNightCycle/<SwitchToDayCoroutine>d__40	DayNightCycle.<SwitchToDayCoroutine>d__40::System.Collections.IEnumerator.Reset()	DayNightCycle::SwitchToDayCoroutine	6	0	8	0
993	0x060003C1	DayNightCycle/<SwitchToDayCoroutine>d__40	DayNightCycle.<SwitchToDayCoroutine>d__40::System.Collections.IEnumerator.get_Current()	DayNightCycle::SwitchToDayCoroutine	7	0	8	0
994	0x060003C2	DaytimeSensitiveActivation	DaytimeSensitiveActivation::OnDawn_AfterSunrise()	DaytimeSensitiveActivation::OnDawn_AfterSunrise	34	0	8	0
995	0x060003C3	DaytimeSensitiveActivation	DaytimeSensitiveActivation::OnDawn_BeforeSunrise()	DaytimeSensitiveActivation::OnDawn_BeforeSunrise	1	0	8	0
996	0x060003C4	DaytimeSensitiveActivation	DaytimeSensitiveActivation::OnDusk()	DaytimeSensitiveActivation::OnDusk	35	0	8	0
997	0x060003C5	DaytimeSensitiveActivation	DaytimeSensitiveActivation::Start()	DaytimeSensitiveActivation::Start	65	0	3	0
998	0x060003C6	DaytimeSensitiveActivation	DaytimeSensitiveActivation::OnDuskEarly()	DaytimeSensitiveActivation::OnDuskEarly	1	0	8	0
999	0x060003C7	DaytimeSensitiveActivation	DaytimeSensitiveActivation::.ctor()	DaytimeSensitiveActivation::.ctor	7	0	8	0
1000	0x060003C8	DaytimeDisplay	DaytimeDisplay::Update()	DaytimeDisplay::Update	48	1	2	0
1001	0x060003C9	DaytimeDisplay	DaytimeDisplay::.ctor()	DaytimeDisplay::.ctor	7	0	8	0
1002	0x060003CA	DebugBuildingDestroyer	DebugBuildingDestroyer::Update()	DebugBuildingDestroyer::Update	184	7	5	0
1003	0x060003CB	DebugBuildingDestroyer	DebugBuildingDestroyer::.ctor()	DebugBuildingDestroyer::.ctor	18	0	8	0
1004	0x060003CC	DebugCoinDisplay	DebugCoinDisplay::Start()	DebugCoinDisplay::Start	12	0	8	0
1005	0x060003CD	DebugCoinDisplay	DebugCoinDisplay::Update()	DebugCoinDisplay::Update	31	1	2	0
1006	0x060003CE	DebugCoinDisplay	DebugCoinDisplay::.ctor()	DebugCoinDisplay::.ctor	7	0	8	0
1007	0x060003CF	DebugController	DebugController::get_StartGameInWave()	DebugController::get_StartGameInWave	2	0	8	0
1008	0x060003D0	DebugController	DebugController::get_SaveLoadModeToUse()	DebugController::get_SaveLoadModeToUse	28	0	8	0
1009	0x060003D1	DebugController	DebugController::get_SaveTheGame()	DebugController::get_SaveTheGame	28	0	8	0
1010	0x060003D2	DebugController	DebugController::Start()	DebugController::Start	18	0	8	0
1011	0x060003D3	DebugController	DebugController::Awake()	DebugController::Awake	43	0	8	0
1012	0x060003D4	DebugController	DebugController::EnableUICanvases()	DebugController::EnableUICanvases	33	0	8	0
1013	0x060003D5	DebugController	DebugController::Update()	DebugController::Update	1	9	5	0
1014	0x060003D6	DebugController	DebugController::LogChoice(Choice)	DebugController::LogChoice	26	0	8	0
1015	0x060003D7	DebugController	DebugController::Mute(float)	DebugController::Mute	29	0	8	0
1016	0x060003D8	DebugController	DebugController::StartNewBoundary()	DebugController::StartNewBoundary	115	0	3	0
1017	0x060003D9	DebugController	DebugController::PlaceBountaryNode()	DebugController::PlaceBountaryNode	111	0	3	0
1018	0x060003DA	DebugController	DebugController::RemoveLastBoundaryNode()	DebugController::RemoveLastBoundaryNode	14	0	8	0
1019	0x060003DB	DebugController	DebugController::.ctor()	DebugController::.ctor	255	0	2	0
1020	0x060003DC	DebugController/<RemoveLastBoundaryNode>d__61	DebugController.<RemoveLastBoundaryNode>d__61::.ctor(int)	DebugController::RemoveLastBoundaryNode	14	0	8	0
1021	0x060003DD	DebugController/<RemoveLastBoundaryNode>d__61	DebugController.<RemoveLastBoundaryNode>d__61::System.IDisposable.Dispose()	DebugController::RemoveLastBoundaryNode	1	0	8	0
1022	0x060003DE	DebugController/<RemoveLastBoundaryNode>d__61	DebugController.<RemoveLastBoundaryNode>d__61::MoveNext()	DebugController::RemoveLastBoundaryNode	133	2	3	0
1023	0x060003DF	DebugController/<RemoveLastBoundaryNode>d__61	DebugController.<RemoveLastBoundaryNode>d__61::System.Collections.Generic.IEnumerator<System.Object>.get_Current()	DebugController::RemoveLastBoundaryNode	7	0	8	0
1024	0x060003E0	DebugController/<RemoveLastBoundaryNode>d__61	DebugController.<RemoveLastBoundaryNode>d__61::System.Collections.IEnumerator.Reset()	DebugController::RemoveLastBoundaryNode	6	0	8	0
1025	0x060003E1	DebugController/<RemoveLastBoundaryNode>d__61	DebugController.<RemoveLastBoundaryNode>d__61::System.Collections.IEnumerator.get_Current()	DebugController::RemoveLastBoundaryNode	7	0	8	0
1026	0x060003E2	DelayManualAttackWhileMoving	DelayManualAttackWhileMoving::Update()	DelayManualAttackWhileMoving::Update	44	0	8	0
1027	0x060003E3	DelayManualAttackWhileMoving	DelayManualAttackWhileMoving::.ctor()	DelayManualAttackWhileMoving::.ctor	18	0	8	0
1028	0x060003E4	DestroyAfter	DestroyAfter::Start()	DestroyAfter::Start	31	0	8	0
1029	0x060003E5	DestroyAfter	DestroyAfter::Update()	DestroyAfter::Update	75	0	3	0
1030	0x060003E6	DestroyAfter	DestroyAfter::.ctor()	DestroyAfter::.ctor	18	0	8	0
1031	0x060003E7	DestroyOrDisableOnEnable	DestroyOrDisableOnEnable::OnEnable()	DestroyOrDisableOnEnable::OnEnable	107	5	5	0
1032	0x060003E8	DestroyOrDisableOnEnable	DestroyOrDisableOnEnable::.ctor()	DestroyOrDisableOnEnable::.ctor	7	0	8	0
1033	0x060003E9	DisableOnStart	DisableOnStart::Start()	DisableOnStart::Start	13	0	8	0
1034	0x060003EA	DisableOnStart	DisableOnStart::.ctor()	DisableOnStart::.ctor	7	0	8	0
1035	0x060003EB	SentinelDlcProvider	SentinelDlcProvider::IsDlcAvailable(IDlcProvider.DlcId)	SentinelDlcProvider::IsDlcAvailable	2	0	8	0
1036	0x060003EC	SentinelDlcProvider	SentinelDlcProvider::.ctor()	SentinelDlcProvider::.ctor	7	0	8	0
1037	0x060003ED	SteamDlcProvider	SteamDlcProvider::IsDlcAvailable(IDlcProvider.DlcId)	SteamDlcProvider::IsDlcAvailable	48	1	2	0
1038	0x060003EE	SteamDlcProvider	SteamDlcProvider::.ctor()	SteamDlcProvider::.ctor	7	0	8	0
1039	0x060003EF	SteamDlcProvider	SteamDlcProvider::.cctor()	SteamDlcProvider::.cctor	21	0	8	0
1040	0x060003F0	AegisSentinelController	AegisSentinelController::Update()	AegisSentinelController::Update	129	0	3	0
1041	0x060003F1	AegisSentinelController	AegisSentinelController::OnDisable()	AegisSentinelController::OnDisable	12	0	8	0
1042	0x060003F2	AegisSentinelController	AegisSentinelController::.ctor()	AegisSentinelController::.ctor	62	0	8	0
1043	0x060003F3	AimbotProjectileExt	AimbotProjectileExt::Update()	AimbotProjectileExt::Update	48	0	8	0
1044	0x060003F4	AimbotProjectileExt	AimbotProjectileExt::ShouldBeDestroyedAheadOfTime()	AimbotProjectileExt::ShouldBeDestroyedAheadOfTime	34	0	8	0
1045	0x060003F5	AimbotProjectileExt	AimbotProjectileExt::.ctor()	AimbotProjectileExt::.ctor	14	0	8	0
1046	0x060003F6	AegisSentinelAnimator	AegisSentinelAnimator::Start()	AegisSentinelAnimator::Start	1	0	8	0
1047	0x060003F7	AegisSentinelAnimator	AegisSentinelAnimator::OnTriggerProtection(bool)	AegisSentinelAnimator::OnTriggerProtection	18	0	8	0
1048	0x060003F8	AegisSentinelAnimator	AegisSentinelAnimator::.ctor()	AegisSentinelAnimator::.ctor	7	0	8	0
1049	0x060003F9	ConstructColossusAnimator	ConstructColossusAnimator::Start()	ConstructColossusAnimator::Start	83	0	3	0
1050	0x060003FA	ConstructColossusAnimator	ConstructColossusAnimator::OnSpearThrust()	ConstructColossusAnimator::OnSpearThrust	17	0	8	0
1051	0x060003FB	ConstructColossusAnimator	ConstructColossusAnimator::OnSpikeAttack()	ConstructColossusAnimator::OnSpikeAttack	17	0	8	0
1052	0x060003FC	ConstructColossusAnimator	ConstructColossusAnimator::.ctor()	ConstructColossusAnimator::.ctor	7	0	8	0
1053	0x060003FD	LocalBoatAnimation	LocalBoatAnimation::Start()	LocalBoatAnimation::Start	52	0	8	0
1054	0x060003FE	LocalBoatAnimation	LocalBoatAnimation::Update()	LocalBoatAnimation::Update	148	1	5	0
1055	0x060003FF	LocalBoatAnimation	LocalBoatAnimation::.ctor()	LocalBoatAnimation::.ctor	7	0	8	0
1056	0x06000400	NonUniformScaleAnimation	NonUniformScaleAnimation::Start()	NonUniformScaleAnimation::Start	43	0	8	0
1057	0x06000401	NonUniformScaleAnimation	NonUniformScaleAnimation::Animate()	NonUniformScaleAnimation::Animate	14	0	8	0
1058	0x06000402	NonUniformScaleAnimation	NonUniformScaleAnimation::Trigger()	NonUniformScaleAnimation::Trigger	34	0	8	0
1059	0x06000403	NonUniformScaleAnimation	NonUniformScaleAnimation::.ctor()	NonUniformScaleAnimation::.ctor	29	0	8	0
1060	0x06000404	NonUniformScaleAnimation/<Animate>d__7	NonUniformScaleAnimation.<Animate>d__7::.ctor(int)	NonUniformScaleAnimation::Animate	14	0	8	0
1061	0x06000405	NonUniformScaleAnimation/<Animate>d__7	NonUniformScaleAnimation.<Animate>d__7::System.IDisposable.Dispose()	NonUniformScaleAnimation::Animate	1	0	8	0
1062	0x06000406	NonUniformScaleAnimation/<Animate>d__7	NonUniformScaleAnimation.<Animate>d__7::MoveNext()	NonUniformScaleAnimation::Animate	236	2	6	0
1063	0x06000407	NonUniformScaleAnimation/<Animate>d__7	NonUniformScaleAnimation.<Animate>d__7::System.Collections.Generic.IEnumerator<System.Object>.get_Current()	NonUniformScaleAnimation::Animate	7	0	8	0
1064	0x06000408	NonUniformScaleAnimation/<Animate>d__7	NonUniformScaleAnimation.<Animate>d__7::System.Collections.IEnumerator.Reset()	NonUniformScaleAnimation::Animate	6	0	8	0
1065	0x06000409	NonUniformScaleAnimation/<Animate>d__7	NonUniformScaleAnimation.<Animate>d__7::System.Collections.IEnumerator.get_Current()	NonUniformScaleAnimation::Animate	7	0	8	0
1066	0x0600040A	RotationPulseAnimation	RotationPulseAnimation::Start()	RotationPulseAnimation::Start	37	0	8	0
1067	0x0600040B	RotationPulseAnimation	RotationPulseAnimation::Update()	RotationPulseAnimation::Update	196	3	4	0
1068	0x0600040C	RotationPulseAnimation	RotationPulseAnimation::.ctor()	RotationPulseAnimation::.ctor	29	0	8	0
1069	0x0600040D	SpinCurveAnimation	SpinCurveAnimation::Start()	SpinCurveAnimation::Start	18	0	8	0
1070	0x0600040E	SpinCurveAnimation	SpinCurveAnimation::Animate()	SpinCurveAnimation::Animate	14	0	8	0
1071	0x0600040F	SpinCurveAnimation	SpinCurveAnimation::Trigger()	SpinCurveAnimation::Trigger	34	0	8	0
1072	0x06000410	SpinCurveAnimation	SpinCurveAnimation::.ctor()	SpinCurveAnimation::.ctor	7	0	8	0
1073	0x06000411	SpinCurveAnimation/<Animate>d__5	SpinCurveAnimation.<Animate>d__5::.ctor(int)	SpinCurveAnimation::Animate	14	0	8	0
1074	0x06000412	SpinCurveAnimation/<Animate>d__5	SpinCurveAnimation.<Animate>d__5::System.IDisposable.Dispose()	SpinCurveAnimation::Animate	1	0	8	0
1075	0x06000413	SpinCurveAnimation/<Animate>d__5	SpinCurveAnimation.<Animate>d__5::MoveNext()	SpinCurveAnimation::Animate	246	2	6	0
1076	0x06000414	SpinCurveAnimation/<Animate>d__5	SpinCurveAnimation.<Animate>d__5::System.Collections.Generic.IEnumerator<System.Object>.get_Current()	SpinCurveAnimation::Animate	7	0	8	0
1077	0x06000415	SpinCurveAnimation/<Animate>d__5	SpinCurveAnimation.<Animate>d__5::System.Collections.IEnumerator.Reset()	SpinCurveAnimation::Animate	6	0	8	0
1078	0x06000416	SpinCurveAnimation/<Animate>d__5	SpinCurveAnimation.<Animate>d__5::System.Collections.IEnumerator.get_Current()	SpinCurveAnimation::Animate	7	0	8	0
1079	0x06000417	ThiefAnimator	ThiefAnimator::Start()	ThiefAnimator::Start	29	0	8	0
1080	0x06000418	ThiefAnimator	ThiefAnimator::OnStealingTarget(bool)	ThiefAnimator::OnStealingTarget	18	0	8	0
1081	0x06000419	ThiefAnimator	ThiefAnimator::.ctor()	ThiefAnimator::.ctor	7	0	8	0
1082	0x0600041A	AutoAttackAncientCannon	AutoAttackAncientCannon::OnAttack(TaggedObject)	AutoAttackAncientCannon::OnAttack	211	2	7	0
1083	0x0600041B	AutoAttackAncientCannon	AutoAttackAncientCannon::.ctor()	AutoAttackAncientCannon::.ctor	29	0	8	0
1084	0x0600041C	AutoAttackDrone	AutoAttackDrone::Start()	AutoAttackDrone::Start	96	0	3	0
1085	0x0600041D	AutoAttackDrone	AutoAttackDrone::OnDestroy()	AutoAttackDrone::OnDestroy	66	0	3	0
1086	0x0600041E	AutoAttackDrone	AutoAttackDrone::OnDeath()	AutoAttackDrone::OnDeath	128	2	2	1
1087	0x0600041F	AutoAttackDrone	AutoAttackDrone::UpdateOrbitState(float)	AutoAttackDrone::UpdateOrbitState	44	0	8	0
1088	0x06000420	AutoAttackDrone	AutoAttackDrone::GetDronePositionAndAngle(int)	AutoAttackDrone::GetDronePositionAndAngle	115	4	4	0
1089	0x06000421	AutoAttackDrone	AutoAttackDrone::UpdateDronePositionsAndAngles()	AutoAttackDrone::UpdateDronePositionsAndAngles	251	5	4	0
1090	0x06000422	AutoAttackDrone	AutoAttackDrone::IncrementNextDroneIndex()	AutoAttackDrone::IncrementNextDroneIndex	22	0	8	0
1091	0x06000423	AutoAttackDrone	AutoAttackDrone::CompleteDroneConstruction()	AutoAttackDrone::CompleteDroneConstruction	52	0	8	0
1092	0x06000424	AutoAttackDrone	AutoAttackDrone::ConstructDrone()	AutoAttackDrone::ConstructDrone	230	1	4	0
1093	0x06000425	AutoAttackDrone	AutoAttackDrone::ConstructAllDronesImmediately()	AutoAttackDrone::ConstructAllDronesImmediately	102	2	2	0
1094	0x06000426	AutoAttackDrone	AutoAttackDrone::ExtractOldestCompletedDrone()	AutoAttackDrone::ExtractOldestCompletedDrone	25	0	8	0
1095	0x06000427	AutoAttackDrone	AutoAttackDrone::Update()	AutoAttackDrone::Update	255	3	7	0
1096	0x06000428	AutoAttackDrone	AutoAttackDrone::GetDroneGameObject()	AutoAttackDrone::GetDroneGameObject	93	0	4	0
1097	0x06000429	AutoAttackDrone	AutoAttackDrone::OnDuskEarly()	AutoAttackDrone::OnDuskEarly	1	0	8	0
1098	0x0600042A	AutoAttackDrone	AutoAttackDrone::OnDusk()	AutoAttackDrone::OnDusk	7	0	8	0
1099	0x0600042B	AutoAttackDrone	AutoAttackDrone::OnDawn_AfterSunrise()	AutoAttackDrone::OnDawn_AfterSunrise	1	0	8	0
1100	0x0600042C	AutoAttackDrone	AutoAttackDrone::OnDawn_BeforeSunrise()	AutoAttackDrone::OnDawn_BeforeSunrise	1	0	8	0
1101	0x0600042D	AutoAttackDrone	AutoAttackDrone::.ctor()	AutoAttackDrone::.ctor	69	0	2	0
1102	0x0600042E	AutoAttackFlamethrower	AutoAttackFlamethrower::get_IsActive()	AutoAttackFlamethrower::get_IsActive	10	0	8	0
1103	0x0600042F	AutoAttackFlamethrower	AutoAttackFlamethrower::Start()	AutoAttackFlamethrower::Start	13	0	8	0
1104	0x06000430	AutoAttackFlamethrower	AutoAttackFlamethrower::Init()	AutoAttackFlamethrower::Init	104	0	4	0
1105	0x06000431	AutoAttackFlamethrower	AutoAttackFlamethrower::SpawnFlameLines()	AutoAttackFlamethrower::SpawnFlameLines	375	8	5	0
1106	0x06000432	AutoAttackFlamethrower	AutoAttackFlamethrower::AddTarget(TaggedObject)	AutoAttackFlamethrower::AddTarget	203	5	4	2
1107	0x06000433	AutoAttackFlamethrower	AutoAttackFlamethrower::RemoveTargetOnKill(TaggedObject)	AutoAttackFlamethrower::RemoveTargetOnKill	13	0	8	0
1108	0x06000434	AutoAttackFlamethrower	AutoAttackFlamethrower::Update()	AutoAttackFlamethrower::Update	111	1	2	0
1109	0x06000435	AutoAttackFlamethrower	AutoAttackFlamethrower::UpdateFlame()	AutoAttackFlamethrower::UpdateFlame	44	0	8	0
1110	0x06000436	AutoAttackFlamethrower	AutoAttackFlamethrower::UpdateInactive()	AutoAttackFlamethrower::UpdateInactive	86	0	3	0
1111	0x06000437	AutoAttackFlamethrower	AutoAttackFlamethrower::ActivateFlame(bool)	AutoAttackFlamethrower::ActivateFlame	68	1	2	1
1112	0x06000438	AutoAttackFlamethrower	AutoAttackFlamethrower::UpdateActive()	AutoAttackFlamethrower::UpdateActive	96	0	7	0
1113	0x06000439	AutoAttackFlamethrower	AutoAttackFlamethrower::AttackTargets()	AutoAttackFlamethrower::AttackTargets	260	4	3	2
1114	0x0600043A	AutoAttackFlamethrower	AutoAttackFlamethrower::.ctor()	AutoAttackFlamethrower::.ctor	113	0	2	0
1115	0x0600043B	AutoAttackFlamethrower/ItemTimer	AutoAttackFlamethrower.ItemTimer::.ctor(float,float)	AutoAttackFlamethrower/ItemTimer::.ctor	21	0	8	0
1116	0x0600043C	AutoAttackHealer	AutoAttackHealer::FindAutoAttackTarget()	AutoAttackHealer::FindAutoAttackTarget	109	2	2	0
1117	0x0600043D	AutoAttackHealer	AutoAttackHealer::.ctor()	AutoAttackHealer::.ctor	18	0	8	0
1118	0x0600043E	AutoAttackLavaRiver	AutoAttackLavaRiver::Start()	AutoAttackLavaRiver::Start	134	0	3	0
1119	0x0600043F	AutoAttackLavaRiver	AutoAttackLavaRiver::RefreshTargets()	AutoAttackLavaRiver::RefreshTargets	117	2	2	1
1120	0x06000440	AutoAttackLavaRiver	AutoAttackLavaRiver::Update()	AutoAttackLavaRiver::Update	204	1	7	0
1121	0x06000441	AutoAttackLavaRiver	AutoAttackLavaRiver::GetTaggedObject(UnityEngine.Collider)	AutoAttackLavaRiver::GetTaggedObject	30	1	2	0
1122	0x06000442	AutoAttackLavaRiver	AutoAttackLavaRiver::IncludeObject(TaggedObject)	AutoAttackLavaRiver::IncludeObject	67	1	3	0
1123	0x06000443	AutoAttackLavaRiver	AutoAttackLavaRiver::OnTriggerEnter(UnityEngine.Collider)	AutoAttackLavaRiver::OnTriggerEnter	54	1	3	0
1124	0x06000444	AutoAttackLavaRiver	AutoAttackLavaRiver::ExcludeObject(TaggedObject)	AutoAttackLavaRiver::ExcludeObject	65	0	3	0
1125	0x06000445	AutoAttackLavaRiver	AutoAttackLavaRiver::OnTriggerExit(UnityEngine.Collider)	AutoAttackLavaRiver::OnTriggerExit	54	1	3	0
1126	0x06000446	AutoAttackLavaRiver	AutoAttackLavaRiver::ClearTargets()	AutoAttackLavaRiver::ClearTargets	96	2	3	1
1127	0x06000447	AutoAttackLavaRiver	AutoAttackLavaRiver::TurnOn()	AutoAttackLavaRiver::TurnOn	28	0	8	0
1128	0x06000448	AutoAttackLavaRiver	AutoAttackLavaRiver::TurnOff()	AutoAttackLavaRiver::TurnOff	28	0	8	0
1129	0x06000449	AutoAttackLavaRiver	AutoAttackLavaRiver::.ctor()	AutoAttackLavaRiver::.ctor	51	0	8	0
1130	0x0600044A	AutoAttackPlayerUnitAdaptiveWeapons	AutoAttackPlayerUnitAdaptiveWeapons::Start()	AutoAttackPlayerUnitAdaptiveWeapons::Start	64	0	2	0
1131	0x0600044B	AutoAttackPlayerUnitAdaptiveWeapons	AutoAttackPlayerUnitAdaptiveWeapons::Update()	AutoAttackPlayerUnitAdaptiveWeapons::Update	481	10	7	0
1132	0x0600044C	AutoAttackPlayerUnitAdaptiveWeapons	AutoAttackPlayerUnitAdaptiveWeapons::.ctor()	AutoAttackPlayerUnitAdaptiveWeapons::.ctor	7	0	8	0
1133	0x0600044D	AutoAttackRailgun	AutoAttackRailgun::Start()	AutoAttackRailgun::Start	170	3	3	0
1134	0x0600044E	AutoAttackRailgun	AutoAttackRailgun::OnAttack(TaggedObject)	AutoAttackRailgun::OnAttack	56	1	2	0
1135	0x0600044F	AutoAttackRailgun	AutoAttackRailgun::.ctor()	AutoAttackRailgun::.ctor	7	0	8	0
1136	0x06000450	AutoAttackTarTrap	AutoAttackTarTrap::Start()	AutoAttackTarTrap::Start	25	0	8	0
1137	0x06000451	AutoAttackTarTrap	AutoAttackTarTrap::Update()	AutoAttackTarTrap::Update	163	4	3	0
1138	0x06000452	AutoAttackTarTrap	AutoAttackTarTrap::.ctor()	AutoAttackTarTrap::.ctor	20	0	8	0
1139	0x06000453	AutoAttackWithDelay	AutoAttackWithDelay::Update()	AutoAttackWithDelay::Update	226	1	7	0
1140	0x06000454	AutoAttackWithDelay	AutoAttackWithDelay::.ctor()	AutoAttackWithDelay::.ctor	18	0	8	0
1141	0x06000455	AutoAttackWithMinRange	AutoAttackWithMinRange::Update()	AutoAttackWithMinRange::Update	199	3	7	1
1142	0x06000456	AutoAttackWithMinRange	AutoAttackWithMinRange::FindAutoAttackTargets()	AutoAttackWithMinRange::FindAutoAttackTargets	99	2	2	0
1143	0x06000457	AutoAttackWithMinRange	AutoAttackWithMinRange::OnAttack(TaggedObject)	AutoAttackWithMinRange::OnAttack	136	1	7	0
1144	0x06000458	AutoAttackWithMinRange	AutoAttackWithMinRange::.ctor()	AutoAttackWithMinRange::.ctor	18	0	8	0
1145	0x06000459	BoomerangProjectile	BoomerangProjectile::Fire(Weapon,Hp,float,UnityEngine.Vector3,TaggedObject,float,float)	BoomerangProjectile::Fire	185	1	4	0
1146	0x0600045A	BoomerangProjectile	BoomerangProjectile::Update()	BoomerangProjectile::Update	105	1	6	0
1147	0x0600045B	BoomerangProjectile	BoomerangProjectile::BeginPhase(BoomerangProjectile.Phase)	BoomerangProjectile::BeginPhase	46	0	8	0
1148	0x0600045C	BoomerangProjectile	BoomerangProjectile::UpdateFly(UnityEngine.Vector3,UnityEngine.Vector3,float,UnityEngine.AnimationCurve,BoomerangProjectile.Phase)	BoomerangProjectile::UpdateFly	205	3	5	0
1149	0x0600045D	BoomerangProjectile	BoomerangProjectile::LingerRoutine()	BoomerangProjectile::LingerRoutine	14	0	8	0
1150	0x0600045E	BoomerangProjectile	BoomerangProjectile::DealDamage()	BoomerangProjectile::DealDamage	344	10	6	1
1151	0x0600045F	BoomerangProjectile	BoomerangProjectile::OnReturnComplete()	BoomerangProjectile::OnReturnComplete	12	0	8	0
1152	0x06000460	BoomerangProjectile	BoomerangProjectile::HasValidTags(System.Collections.Generic.List<TagManager.ETag>,System.Collections.Generic.List<TagManager.ETag>,System.Collections.Generic.List<TagManager.ETag>)	BoomerangProjectile::HasValidTags	123	5	2	2
1153	0x06000461	BoomerangProjectile	BoomerangProjectile::.ctor()	BoomerangProjectile::.ctor	84	0	2	0
1154	0x06000462	BoomerangProjectile/<LingerRoutine>d__26	BoomerangProjectile.<LingerRoutine>d__26::.ctor(int)	BoomerangProjectile::LingerRoutine	14	0	8	0
1155	0x06000463	BoomerangProjectile/<LingerRoutine>d__26	BoomerangProjectile.<LingerRoutine>d__26::System.IDisposable.Dispose()	BoomerangProjectile::LingerRoutine	1	0	8	0
1156	0x06000464	BoomerangProjectile/<LingerRoutine>d__26	BoomerangProjectile.<LingerRoutine>d__26::MoveNext()	BoomerangProjectile::LingerRoutine	72	2	2	0
1157	0x06000465	BoomerangProjectile/<LingerRoutine>d__26	BoomerangProjectile.<LingerRoutine>d__26::System.Collections.Generic.IEnumerator<System.Object>.get_Current()	BoomerangProjectile::LingerRoutine	7	0	8	0
1158	0x06000466	BoomerangProjectile/<LingerRoutine>d__26	BoomerangProjectile.<LingerRoutine>d__26::System.Collections.IEnumerator.Reset()	BoomerangProjectile::LingerRoutine	6	0	8	0
1159	0x06000467	BoomerangProjectile/<LingerRoutine>d__26	BoomerangProjectile.<LingerRoutine>d__26::System.Collections.IEnumerator.get_Current()	BoomerangProjectile::LingerRoutine	7	0	8	0
1160	0x06000468	CrystalDragonAnimationController	CrystalDragonAnimationController::Start()	CrystalDragonAnimationController::Start	253	0	3	0
1161	0x06000469	CrystalDragonAnimationController	CrystalDragonAnimationController::OnFlyEvent()	CrystalDragonAnimationController::OnFlyEvent	1	0	8	0
1162	0x0600046A	CrystalDragonAnimationController	CrystalDragonAnimationController::OnChangePhaseEvent(int)	CrystalDragonAnimationController::OnChangePhaseEvent	1	0	8	0
1163	0x0600046B	CrystalDragonAnimationController	CrystalDragonAnimationController::OnCrystalStompAttackTrigger()	CrystalDragonAnimationController::OnCrystalStompAttackTrigger	1	0	8	0
1164	0x0600046C	CrystalDragonAnimationController	CrystalDragonAnimationController::OnBellySmashAttackTrigger()	CrystalDragonAnimationController::OnBellySmashAttackTrigger	1	0	8	0
1165	0x0600046D	CrystalDragonAnimationController	CrystalDragonAnimationController::OnFlameSpitterBeforeAttackTrigger()	CrystalDragonAnimationController::OnFlameSpitterBeforeAttackTrigger	1	0	8	0
1166	0x0600046E	CrystalDragonAnimationController	CrystalDragonAnimationController::OnFlameSpitterActualAttackTrigger()	CrystalDragonAnimationController::OnFlameSpitterActualAttackTrigger	1	0	8	0
1167	0x0600046F	CrystalDragonAnimationController	CrystalDragonAnimationController::OnFireballAttackTrigger()	CrystalDragonAnimationController::OnFireballAttackTrigger	1	0	8	0
1168	0x06000470	CrystalDragonAnimationController	CrystalDragonAnimationController::OnFireTrailAttackTrigger()	CrystalDragonAnimationController::OnFireTrailAttackTrigger	1	0	8	0
1169	0x06000471	CrystalDragonAnimationController	CrystalDragonAnimationController::OnMinionsSpawnTrigger()	CrystalDragonAnimationController::OnMinionsSpawnTrigger	1	0	8	0
1170	0x06000472	CrystalDragonAnimationController	CrystalDragonAnimationController::.ctor()	CrystalDragonAnimationController::.ctor	7	0	8	0
1171	0x06000473	CrystalDragonPhasing	CrystalDragonPhasing::Start()	CrystalDragonPhasing::Start	300	0	3	0
1172	0x06000474	CrystalDragonPhasing	CrystalDragonPhasing::Update()	CrystalDragonPhasing::Update	29	1	2	0
1173	0x06000475	CrystalDragonPhasing	CrystalDragonPhasing::Validate()	CrystalDragonPhasing::Validate	188	0	2	0
1174	0x06000476	CrystalDragonPhasing	CrystalDragonPhasing::OnEndFly()	CrystalDragonPhasing::OnEndFly	74	0	2	0
1175	0x06000477	CrystalDragonPhasing	CrystalDragonPhasing::OnKillOrKnockoutAction()	CrystalDragonPhasing::OnKillOrKnockoutAction	47	0	8	0
1176	0x06000478	CrystalDragonPhasing	CrystalDragonPhasing::PutToSomePhase()	CrystalDragonPhasing::PutToSomePhase	87	1	2	0
1177	0x06000479	CrystalDragonPhasing	CrystalDragonPhasing::PutToCrystal1()	CrystalDragonPhasing::PutToCrystal1	74	0	2	0
1178	0x0600047A	CrystalDragonPhasing	CrystalDragonPhasing::PutToCrystal2()	CrystalDragonPhasing::PutToCrystal2	74	0	2	0
1179	0x0600047B	CrystalDragonPhasing	CrystalDragonPhasing::PutToAnger()	CrystalDragonPhasing::PutToAnger	240	0	3	0
1180	0x0600047C	CrystalDragonPhasing	CrystalDragonPhasing::PutToJumpState(bool)	CrystalDragonPhasing::PutToJumpState	130	0	3	0
1181	0x0600047D	CrystalDragonPhasing	CrystalDragonPhasing::PutToRegen()	CrystalDragonPhasing::PutToRegen	137	0	3	0
1182	0x0600047E	CrystalDragonPhasing	CrystalDragonPhasing::UpdateRegen()	CrystalDragonPhasing::UpdateRegen	164	0	3	0
1183	0x0600047F	CrystalDragonPhasing	CrystalDragonPhasing::UpdateAngerPhase()	CrystalDragonPhasing::UpdateAngerPhase	342	2	3	0
1184	0x06000480	CrystalDragonPhasing	CrystalDragonPhasing::StartPlayerHunt()	CrystalDragonPhasing::StartPlayerHunt	141	0	2	0
1185	0x06000481	CrystalDragonPhasing	CrystalDragonPhasing::StartCastleHunt()	CrystalDragonPhasing::StartCastleHunt	141	0	2	0
1186	0x06000482	CrystalDragonPhasing	CrystalDragonPhasing::SilenceAttacks()	CrystalDragonPhasing::SilenceAttacks	61	0	8	0
1187	0x06000483	CrystalDragonPhasing	CrystalDragonPhasing::OnStartFly(UnityEngine.Vector3)	CrystalDragonPhasing::OnStartFly	17	0	8	0
1188	0x06000484	CrystalDragonPhasing	CrystalDragonPhasing::OnCrystalStomp()	CrystalDragonPhasing::OnCrystalStomp	17	0	8	0
1189	0x06000485	CrystalDragonPhasing	CrystalDragonPhasing::OnBellySmashTriggered()	CrystalDragonPhasing::OnBellySmashTriggered	45	0	8	0
1190	0x06000486	CrystalDragonPhasing	CrystalDragonPhasing::OnBeforeFlameSpitterAttack()	CrystalDragonPhasing::OnBeforeFlameSpitterAttack	17	0	8	0
1191	0x06000487	CrystalDragonPhasing	CrystalDragonPhasing::OnFlameSpitterActualAttack()	CrystalDragonPhasing::OnFlameSpitterActualAttack	17	0	8	0
1192	0x06000488	CrystalDragonPhasing	CrystalDragonPhasing::OnFireBall()	CrystalDragonPhasing::OnFireBall	17	0	8	0
1193	0x06000489	CrystalDragonPhasing	CrystalDragonPhasing::OnFireTrail()	CrystalDragonPhasing::OnFireTrail	17	0	8	0
1194	0x0600048A	CrystalDragonPhasing	CrystalDragonPhasing::OnPlayerKilled()	CrystalDragonPhasing::OnPlayerKilled	15	0	8	0
1195	0x0600048B	CrystalDragonPhasing	CrystalDragonPhasing::.ctor()	CrystalDragonPhasing::.ctor	117	0	2	0
1196	0x0600048C	FlyBehaviour	FlyBehaviour::RequestFly(UnityEngine.Vector3,bool)	FlyBehaviour::RequestFly	22	0	8	0
1197	0x0600048D	FlyBehaviour	FlyBehaviour::NoFlyWithEvent()	FlyBehaviour::NoFlyWithEvent	17	0	8	0
1198	0x0600048E	FlyBehaviour	FlyBehaviour::SnapFlyWithEvent(UnityEngine.Vector3)	FlyBehaviour::SnapFlyWithEvent	42	1	2	0
1199	0x0600048F	FlyBehaviour	FlyBehaviour::Update()	FlyBehaviour::Update	31	0	8	0
1200	0x06000490	FlyBehaviour	FlyBehaviour::FlyAnimation()	FlyBehaviour::FlyAnimation	14	0	8	0
1201	0x06000491	FlyBehaviour	FlyBehaviour::.ctor()	FlyBehaviour::.ctor	36	0	8	0
1202	0x06000492	FlyBehaviour/<FlyAnimation>d__14	FlyBehaviour.<FlyAnimation>d__14::.ctor(int)	FlyBehaviour::FlyAnimation	14	0	8	0
1203	0x06000493	FlyBehaviour/<FlyAnimation>d__14	FlyBehaviour.<FlyAnimation>d__14::System.IDisposable.Dispose()	FlyBehaviour::FlyAnimation	1	0	8	0
1204	0x06000494	FlyBehaviour/<FlyAnimation>d__14	FlyBehaviour.<FlyAnimation>d__14::MoveNext()	FlyBehaviour::FlyAnimation	386	5	4	0
1205	0x06000495	FlyBehaviour/<FlyAnimation>d__14	FlyBehaviour.<FlyAnimation>d__14::System.Collections.Generic.IEnumerator<System.Object>.get_Current()	FlyBehaviour::FlyAnimation	7	0	8	0
1206	0x06000496	FlyBehaviour/<FlyAnimation>d__14	FlyBehaviour.<FlyAnimation>d__14::System.Collections.IEnumerator.Reset()	FlyBehaviour::FlyAnimation	6	0	8	0
1207	0x06000497	FlyBehaviour/<FlyAnimation>d__14	FlyBehaviour.<FlyAnimation>d__14::System.Collections.IEnumerator.get_Current()	FlyBehaviour::FlyAnimation	7	0	8	0
1208	0x06000498	HpCrystalDragon	HpCrystalDragon::get_CurrentPhase()	HpCrystalDragon::get_CurrentPhase	7	0	8	0
1209	0x06000499	HpCrystalDragon	HpCrystalDragon::SetCurrentPhase(CrystalDragonPhasing.CrystalDragonPhase)	HpCrystalDragon::SetCurrentPhase	8	0	8	0
1210	0x0600049A	HpCrystalDragon	HpCrystalDragon::.ctor()	HpCrystalDragon::.ctor	7	0	8	0
1211	0x0600049B	MapPointCrystalDragon	MapPointCrystalDragon::get_CrystalDragonFlyOffPoint()	MapPointCrystalDragon::get_CrystalDragonFlyOffPoint	6	0	8	0
1212	0x0600049C	MapPointCrystalDragon	MapPointCrystalDragon::set_CrystalDragonFlyOffPoint(UnityEngine.Transform)	MapPointCrystalDragon::set_CrystalDragonFlyOffPoint	7	0	8	0
1213	0x0600049D	MapPointCrystalDragon	MapPointCrystalDragon::get_CrystalDragonCrystal2PhaseSpawn()	MapPointCrystalDragon::get_CrystalDragonCrystal2PhaseSpawn	6	0	8	0
1214	0x0600049E	MapPointCrystalDragon	MapPointCrystalDragon::set_CrystalDragonCrystal2PhaseSpawn(UnityEngine.Transform)	MapPointCrystalDragon::set_CrystalDragonCrystal2PhaseSpawn	7	0	8	0
1215	0x0600049F	MapPointCrystalDragon	MapPointCrystalDragon::Awake()	MapPointCrystalDragon::Awake	23	0	8	0
1216	0x060004A0	MapPointCrystalDragon	MapPointCrystalDragon::.ctor()	MapPointCrystalDragon::.ctor	7	0	8	0
1217	0x060004A1	MovementChecker	MovementChecker::get_IsMoving()	MovementChecker::get_IsMoving	7	0	8	0
1218	0x060004A2	MovementChecker	MovementChecker::set_IsMoving(bool)	MovementChecker::set_IsMoving	8	0	8	0
1219	0x060004A3	MovementChecker	MovementChecker::Update()	MovementChecker::Update	22	0	8	0
1220	0x060004A4	MovementChecker	MovementChecker::CheckMoving()	MovementChecker::CheckMoving	81	3	3	0
1221	0x060004A5	MovementChecker	MovementChecker::.ctor()	MovementChecker::.ctor	18	0	8	0
1222	0x060004A6	AutoAttackLavaGolemPuddle	AutoAttackLavaGolemPuddle::Update()	AutoAttackLavaGolemPuddle::Update	25	0	8	0
1223	0x060004A7	AutoAttackLavaGolemPuddle	AutoAttackLavaGolemPuddle::OnAttack(TaggedObject)	AutoAttackLavaGolemPuddle::OnAttack	133	0	2	0
1224	0x060004A8	AutoAttackLavaGolemPuddle	AutoAttackLavaGolemPuddle::.ctor()	AutoAttackLavaGolemPuddle::.ctor	55	0	8	0
1225	0x060004A9	JumpBehaviour	JumpBehaviour::RequestJump(UnityEngine.Vector3,bool)	JumpBehaviour::RequestJump	22	0	8	0
1226	0x060004AA	JumpBehaviour	JumpBehaviour::NoJumpWithEvent()	JumpBehaviour::NoJumpWithEvent	17	0	8	0
1227	0x060004AB	JumpBehaviour	JumpBehaviour::SnapJumpWithEvent(UnityEngine.Vector3)	JumpBehaviour::SnapJumpWithEvent	42	1	2	0
1228	0x060004AC	JumpBehaviour	JumpBehaviour::Update()	JumpBehaviour::Update	31	0	8	0
1229	0x060004AD	JumpBehaviour	JumpBehaviour::JumpAnimation()	JumpBehaviour::JumpAnimation	14	0	8	0
1230	0x060004AE	JumpBehaviour	JumpBehaviour::.ctor()	JumpBehaviour::.ctor	47	0	8	0
1231	0x060004AF	JumpBehaviour/<JumpAnimation>d__15	JumpBehaviour.<JumpAnimation>d__15::.ctor(int)	JumpBehaviour::JumpAnimation	14	0	8	0
1232	0x060004B0	JumpBehaviour/<JumpAnimation>d__15	JumpBehaviour.<JumpAnimation>d__15::System.IDisposable.Dispose()	JumpBehaviour::JumpAnimation	1	0	8	0
1233	0x060004B1	JumpBehaviour/<JumpAnimation>d__15	JumpBehaviour.<JumpAnimation>d__15::MoveNext()	JumpBehaviour::JumpAnimation	463	5	4	0
1234	0x060004B2	JumpBehaviour/<JumpAnimation>d__15	JumpBehaviour.<JumpAnimation>d__15::System.Collections.Generic.IEnumerator<System.Object>.get_Current()	JumpBehaviour::JumpAnimation	7	0	8	0
1235	0x060004B3	JumpBehaviour/<JumpAnimation>d__15	JumpBehaviour.<JumpAnimation>d__15::System.Collections.IEnumerator.Reset()	JumpBehaviour::JumpAnimation	6	0	8	0
1236	0x060004B4	JumpBehaviour/<JumpAnimation>d__15	JumpBehaviour.<JumpAnimation>d__15::System.Collections.IEnumerator.get_Current()	JumpBehaviour::JumpAnimation	7	0	8	0
1237	0x060004B5	LavaGolemAnimationController	LavaGolemAnimationController::get__currentAnimator()	LavaGolemAnimationController::get__currentAnimator	18	0	8	0
1238	0x060004B6	LavaGolemAnimationController	LavaGolemAnimationController::Start()	LavaGolemAnimationController::Start	146	0	4	0
1239	0x060004B7	LavaGolemAnimationController	LavaGolemAnimationController::Update()	LavaGolemAnimationController::Update	7	0	8	0
1240	0x060004B8	LavaGolemAnimationController	LavaGolemAnimationController::OnComboAttackTrigger(int)	LavaGolemAnimationController::OnComboAttackTrigger	61	0	8	0
1241	0x060004B9	LavaGolemAnimationController	LavaGolemAnimationController::OnPuddleAttackTrigger()	LavaGolemAnimationController::OnPuddleAttackTrigger	1	0	8	0
1242	0x060004BA	LavaGolemAnimationController	LavaGolemAnimationController::OnLavaGolemJump()	LavaGolemAnimationController::OnLavaGolemJump	30	0	8	0
1243	0x060004BB	LavaGolemAnimationController	LavaGolemAnimationController::MovingAnimation()	LavaGolemAnimationController::MovingAnimation	200	3	3	0
1244	0x060004BC	LavaGolemAnimationController	LavaGolemAnimationController::OnEntering()	LavaGolemAnimationController::OnEntering	17	0	8	0
1245	0x060004BD	LavaGolemAnimationController	LavaGolemAnimationController::OnLeaving()	LavaGolemAnimationController::OnLeaving	14	0	8	0
1246	0x060004BE	LavaGolemAnimationController	LavaGolemAnimationController::OnChangePhase(int)	LavaGolemAnimationController::OnChangePhase	41	0	8	0
1247	0x060004BF	LavaGolemAnimationController	LavaGolemAnimationController::.ctor()	LavaGolemAnimationController::.ctor	18	0	8	0
1248	0x060004C0	LavaGolemAnimationController/<OnLeaving>d__26	LavaGolemAnimationController.<OnLeaving>d__26::.ctor(int)	LavaGolemAnimationController::OnLeaving	14	0	8	0
1249	0x060004C1	LavaGolemAnimationController/<OnLeaving>d__26	LavaGolemAnimationController.<OnLeaving>d__26::System.IDisposable.Dispose()	LavaGolemAnimationController::OnLeaving	1	0	8	0
1250	0x060004C2	LavaGolemAnimationController/<OnLeaving>d__26	LavaGolemAnimationController.<OnLeaving>d__26::MoveNext()	LavaGolemAnimationController::OnLeaving	81	2	2	0
1251	0x060004C3	LavaGolemAnimationController/<OnLeaving>d__26	LavaGolemAnimationController.<OnLeaving>d__26::System.Collections.Generic.IEnumerator<System.Object>.get_Current()	LavaGolemAnimationController::OnLeaving	7	0	8	0
1252	0x060004C4	LavaGolemAnimationController/<OnLeaving>d__26	LavaGolemAnimationController.<OnLeaving>d__26::System.Collections.IEnumerator.Reset()	LavaGolemAnimationController::OnLeaving	6	0	8	0
1253	0x060004C5	LavaGolemAnimationController/<OnLeaving>d__26	LavaGolemAnimationController.<OnLeaving>d__26::System.Collections.IEnumerator.get_Current()	LavaGolemAnimationController::OnLeaving	7	0	8	0
1254	0x060004C6	LavaGolemPhasing	LavaGolemPhasing::Start()	LavaGolemPhasing::Start	169	0	3	0
1255	0x060004C7	LavaGolemPhasing	LavaGolemPhasing::Update()	LavaGolemPhasing::Update	16	0	8	0
1256	0x060004C8	LavaGolemPhasing	LavaGolemPhasing::Validate()	LavaGolemPhasing::Validate	134	0	2	0
1257	0x060004C9	LavaGolemPhasing	LavaGolemPhasing::OnEndJump()	LavaGolemPhasing::OnEndJump	74	0	2	0
1258	0x060004CA	LavaGolemPhasing	LavaGolemPhasing::OnKillOrKnockoutAction()	LavaGolemPhasing::OnKillOrKnockoutAction	47	0	8	0
1259	0x060004CB	LavaGolemPhasing	LavaGolemPhasing::PutToSomePhase()	LavaGolemPhasing::PutToSomePhase	109	1	2	0
1260	0x060004CC	LavaGolemPhasing	LavaGolemPhasing::PutToPhase1()	LavaGolemPhasing::PutToPhase1	71	0	2	0
1261	0x060004CD	LavaGolemPhasing	LavaGolemPhasing::PutToPhase2()	LavaGolemPhasing::PutToPhase2	83	0	2	0
1262	0x060004CE	LavaGolemPhasing	LavaGolemPhasing::PutToPhase3()	LavaGolemPhasing::PutToPhase3	50	0	8	0
1263	0x060004CF	LavaGolemPhasing	LavaGolemPhasing::PutToJumpState(bool)	LavaGolemPhasing::PutToJumpState	149	1	4	0
1264	0x060004D0	LavaGolemPhasing	LavaGolemPhasing::PutToRegen()	LavaGolemPhasing::PutToRegen	123	0	3	0
1265	0x060004D1	LavaGolemPhasing	LavaGolemPhasing::UpdateRegen()	LavaGolemPhasing::UpdateRegen	121	0	3	0
1266	0x060004D2	LavaGolemPhasing	LavaGolemPhasing::OnComboAttack()	LavaGolemPhasing::OnComboAttack	198	0	3	0
1267	0x060004D3	LavaGolemPhasing	LavaGolemPhasing::OnPuddleAttack()	LavaGolemPhasing::OnPuddleAttack	17	0	8	0
1268	0x060004D4	LavaGolemPhasing	LavaGolemPhasing::OnStartJump(UnityEngine.Vector3)	LavaGolemPhasing::OnStartJump	17	0	8	0
1269	0x060004D5	LavaGolemPhasing	LavaGolemPhasing::CutsceneCoroutine()	LavaGolemPhasing::CutsceneCoroutine	14	0	8	0
1270	0x060004D6	LavaGolemPhasing	LavaGolemPhasing::.ctor()	LavaGolemPhasing::.ctor	18	0	8	0
1271	0x060004D7	LavaGolemPhasing/<CutsceneCoroutine>d__47	LavaGolemPhasing.<CutsceneCoroutine>d__47::.ctor(int)	LavaGolemPhasing::CutsceneCoroutine	14	0	8	0
1272	0x060004D8	LavaGolemPhasing/<CutsceneCoroutine>d__47	LavaGolemPhasing.<CutsceneCoroutine>d__47::System.IDisposable.Dispose()	LavaGolemPhasing::CutsceneCoroutine	1	0	8	0
1273	0x060004D9	LavaGolemPhasing/<CutsceneCoroutine>d__47	LavaGolemPhasing.<CutsceneCoroutine>d__47::MoveNext()	LavaGolemPhasing::CutsceneCoroutine	72	2	2	0
1274	0x060004DA	LavaGolemPhasing/<CutsceneCoroutine>d__47	LavaGolemPhasing.<CutsceneCoroutine>d__47::System.Collections.Generic.IEnumerator<System.Object>.get_Current()	LavaGolemPhasing::CutsceneCoroutine	7	0	8	0
1275	0x060004DB	LavaGolemPhasing/<CutsceneCoroutine>d__47	LavaGolemPhasing.<CutsceneCoroutine>d__47::System.Collections.IEnumerator.Reset()	LavaGolemPhasing::CutsceneCoroutine	6	0	8	0
1276	0x060004DC	LavaGolemPhasing/<CutsceneCoroutine>d__47	LavaGolemPhasing.<CutsceneCoroutine>d__47::System.Collections.IEnumerator.get_Current()	LavaGolemPhasing::CutsceneCoroutine	7	0	8	0
1277	0x060004DD	LavaGolemPuddle	LavaGolemPuddle::OnEnable()	LavaGolemPuddle::OnEnable	86	1	3	0
1278	0x060004DE	LavaGolemPuddle	LavaGolemPuddle::Update()	LavaGolemPuddle::Update	122	1	3	0
1279	0x060004DF	LavaGolemPuddle	LavaGolemPuddle::DamageTick()	LavaGolemPuddle::DamageTick	162	2	5	0
1280	0x060004E0	LavaGolemPuddle	LavaGolemPuddle::.ctor()	LavaGolemPuddle::.ctor	58	0	8	0
1281	0x060004E1	MapPointsCacher	MapPointsCacher::get_LavaGolemToPhase1JumpPoint()	MapPointsCacher::get_LavaGolemToPhase1JumpPoint	6	0	8	0
1282	0x060004E2	MapPointsCacher	MapPointsCacher::set_LavaGolemToPhase1JumpPoint(UnityEngine.Transform)	MapPointsCacher::set_LavaGolemToPhase1JumpPoint	7	0	8	0
1283	0x060004E3	MapPointsCacher	MapPointsCacher::get_LavaGolemToPhase2JumpPoint()	MapPointsCacher::get_LavaGolemToPhase2JumpPoint	6	0	8	0
1284	0x060004E4	MapPointsCacher	MapPointsCacher::set_LavaGolemToPhase2JumpPoint(UnityEngine.Transform)	MapPointsCacher::set_LavaGolemToPhase2JumpPoint	7	0	8	0
1285	0x060004E5	MapPointsCacher	MapPointsCacher::get_LavaGolemToPhase3JumpPoint()	MapPointsCacher::get_LavaGolemToPhase3JumpPoint	6	0	8	0
1286	0x060004E6	MapPointsCacher	MapPointsCacher::set_LavaGolemToPhase3JumpPoint(UnityEngine.Transform)	MapPointsCacher::set_LavaGolemToPhase3JumpPoint	7	0	8	0
1287	0x060004E7	MapPointsCacher	MapPointsCacher::get_LavaGolemPhase1EndPoint()	MapPointsCacher::get_LavaGolemPhase1EndPoint	6	0	8	0
1288	0x060004E8	MapPointsCacher	MapPointsCacher::set_LavaGolemPhase1EndPoint(UnityEngine.Transform)	MapPointsCacher::set_LavaGolemPhase1EndPoint	7	0	8	0
1289	0x060004E9	MapPointsCacher	MapPointsCacher::get_LavaGolemPhase2EndPoint()	MapPointsCacher::get_LavaGolemPhase2EndPoint	6	0	8	0
1290	0x060004EA	MapPointsCacher	MapPointsCacher::set_LavaGolemPhase2EndPoint(UnityEngine.Transform)	MapPointsCacher::set_LavaGolemPhase2EndPoint	7	0	8	0
1291	0x060004EB	MapPointsCacher	MapPointsCacher::Awake()	MapPointsCacher::Awake	56	0	8	0
1292	0x060004EC	MapPointsCacher	MapPointsCacher::.ctor()	MapPointsCacher::.ctor	7	0	8	0
1293	0x060004ED	TheScrapperAnimatorHandler	TheScrapperAnimatorHandler::OnEnable()	TheScrapperAnimatorHandler::OnEnable	57	0	8	0
1294	0x060004EE	TheScrapperAnimatorHandler	TheScrapperAnimatorHandler::OnDisable()	TheScrapperAnimatorHandler::OnDisable	57	0	8	0
1295	0x060004EF	TheScrapperAnimatorHandler	TheScrapperAnimatorHandler::SwitchPhase()	TheScrapperAnimatorHandler::SwitchPhase	16	0	8	0
1296	0x060004F0	TheScrapperAnimatorHandler	TheScrapperAnimatorHandler::OnGrowthSpurt()	TheScrapperAnimatorHandler::OnGrowthSpurt	17	0	8	0
1297	0x060004F1	TheScrapperAnimatorHandler	TheScrapperAnimatorHandler::OnAttack()	TheScrapperAnimatorHandler::OnAttack	141	2	4	1
1298	0x060004F2	TheScrapperAnimatorHandler	TheScrapperAnimatorHandler::.ctor()	TheScrapperAnimatorHandler::.ctor	18	0	8	0
1299	0x060004F3	TheScrapperAnimatorHandler	TheScrapperAnimatorHandler::.cctor()	TheScrapperAnimatorHandler::.cctor	11	0	8	0
1300	0x060004F4	TheScrapperAutoAttack	TheScrapperAutoAttack::get_CurrentAttackSource()	TheScrapperAutoAttack::get_CurrentAttackSource	7	0	8	0
1301	0x060004F5	TheScrapperAutoAttack	TheScrapperAutoAttack::Start()	TheScrapperAutoAttack::Start	39	0	8	0
1302	0x060004F6	TheScrapperAutoAttack	TheScrapperAutoAttack::SetAttackOrigin(int)	TheScrapperAutoAttack::SetAttackOrigin	71	1	2	0
1303	0x060004F7	TheScrapperAutoAttack	TheScrapperAutoAttack::SetRandomAttackOrigin()	TheScrapperAutoAttack::SetRandomAttackOrigin	101	2	3	0
1304	0x060004F8	TheScrapperAutoAttack	TheScrapperAutoAttack::OnAttack(TaggedObject)	TheScrapperAutoAttack::OnAttack	31	0	8	0
1305	0x060004F9	TheScrapperAutoAttack	TheScrapperAutoAttack::Explode(UnityEngine.Transform)	TheScrapperAutoAttack::Explode	35	0	8	0
1306	0x060004FA	TheScrapperAutoAttack	TheScrapperAutoAttack::PlaySpurtEffect()	TheScrapperAutoAttack::PlaySpurtEffect	12	0	8	0
1307	0x060004FB	TheScrapperAutoAttack	TheScrapperAutoAttack::.ctor()	TheScrapperAutoAttack::.ctor	36	0	8	0
1308	0x060004FC	TheScrapperController	TheScrapperController::Start()	TheScrapperController::Start	397	0	5	0
1309	0x060004FD	TheScrapperController	TheScrapperController::CalculateAccumulatedPhasesChanges()	TheScrapperController::CalculateAccumulatedPhasesChanges	280	4	3	0
1310	0x060004FE	TheScrapperController	TheScrapperController::DeactivatePhaseVisualsExceptCurrent()	TheScrapperController::DeactivatePhaseVisualsExceptCurrent	114	1	2	0
1311	0x060004FF	TheScrapperController	TheScrapperController::HealScrapper(float)	TheScrapperController::HealScrapper	58	1	3	0
1312	0x06000500	TheScrapperController	TheScrapperController::ActivateCurrentPhase()	TheScrapperController::ActivateCurrentPhase	463	2	5	0
1313	0x06000501	TheScrapperController	TheScrapperController::TrackUnit(TaggedObject)	TheScrapperController::TrackUnit	57	0	8	0
1314	0x06000502	TheScrapperController	TheScrapperController::UntrackUnit(TaggedObject)	TheScrapperController::UntrackUnit	57	0	8	0
1315	0x06000503	TheScrapperController	TheScrapperController::UntrackAllUnits()	TheScrapperController::UntrackAllUnits	54	2	3	0
1316	0x06000504	TheScrapperController	TheScrapperController::OnTrackedUnitDied(TaggedObject)	TheScrapperController::OnTrackedUnitDied	343	1	4	0
1317	0x06000505	TheScrapperController	TheScrapperController::DetectUnitsInRadius()	TheScrapperController::DetectUnitsInRadius	226	6	5	1
1318	0x06000506	TheScrapperController	TheScrapperController::HpChangedCallback()	TheScrapperController::HpChangedCallback	120	2	4	0
1319	0x06000507	TheScrapperController	TheScrapperController::NextJumpPosition()	TheScrapperController::NextJumpPosition	33	0	8	0
1320	0x06000508	TheScrapperController	TheScrapperController::Update()	TheScrapperController::Update	66	0	3	0
1321	0x06000509	TheScrapperController	TheScrapperController::.ctor()	TheScrapperController::.ctor	80	0	4	0
1322	0x0600050A	TheScrapperAttackOrigin	TheScrapperAttackOrigin::.ctor()	TheScrapperAttackOrigin::.ctor	7	0	8	0
1323	0x0600050B	TheScrapperPhase	TheScrapperPhase::get_IsValid()	TheScrapperPhase::get_IsValid	29	0	8	0
1324	0x0600050C	TheScrapperPhase	TheScrapperPhase::get_IsActive()	TheScrapperPhase::get_IsActive	28	0	8	0
1325	0x0600050D	TheScrapperPhase	TheScrapperPhase::Start()	TheScrapperPhase::Start	49	0	8	0
1326	0x0600050E	TheScrapperPhase	TheScrapperPhase::ActivateVisuals()	TheScrapperPhase::ActivateVisuals	38	0	8	0
1327	0x0600050F	TheScrapperPhase	TheScrapperPhase::DeactivateVisuals()	TheScrapperPhase::DeactivateVisuals	27	0	8	0
1328	0x06000510	TheScrapperPhase	TheScrapperPhase::.ctor()	TheScrapperPhase::.ctor	29	0	8	0
1329	0x06000511	TheScrapperPhaseData	TheScrapperPhaseData::get_IsValid()	TheScrapperPhaseData::get_IsValid	13	0	8	0
1330	0x06000512	TheScrapperPhaseData	TheScrapperPhaseData::.ctor()	TheScrapperPhaseData::.ctor	29	0	8	0
1331	0x06000513	BossVisualCutsceneHelper	BossVisualCutsceneHelper::Update()	BossVisualCutsceneHelper::Update	51	0	8	0
1332	0x06000514	BossVisualCutsceneHelper	BossVisualCutsceneHelper::.ctor()	BossVisualCutsceneHelper::.ctor	7	0	8	0
1333	0x06000515	BuildSlotExt	BuildSlotExt::Start()	BuildSlotExt::Start	162	0	2	0
1334	0x06000516	BuildSlotExt	BuildSlotExt::OnUpgradeChoiceComplete(Choice)	BuildSlotExt::OnUpgradeChoiceComplete	209	1	3	0
1335	0x06000517	BuildSlotExt	BuildSlotExt::get_CanBeUpgraded()	BuildSlotExt::get_CanBeUpgraded	25	0	8	0
1336	0x06000518	BuildSlotExt	BuildSlotExt::.ctor()	BuildSlotExt::.ctor	7	0	8	0
1337	0x06000519	ClockworkDragoonController	ClockworkDragoonController::OnEnable()	ClockworkDragoonController::OnEnable	86	0	3	0
1338	0x0600051A	ClockworkDragoonController	ClockworkDragoonController::OnDisable()	ClockworkDragoonController::OnDisable	44	0	8	0
1339	0x0600051B	ClockworkDragoonController	ClockworkDragoonController::OnDeathExplosion()	ClockworkDragoonController::OnDeathExplosion	84	1	4	0
1340	0x0600051C	ClockworkDragoonController	ClockworkDragoonController::.ctor()	ClockworkDragoonController::.ctor	7	0	8	0
1341	0x0600051D	ConstructColossusController	ConstructColossusController::GoToNextTarget(ConstructColossusController.TargetItem)	ConstructColossusController::GoToNextTarget	52	0	8	0
1342	0x0600051E	ConstructColossusController	ConstructColossusController::SetNewTarget()	ConstructColossusController::SetNewTarget	189	2	8	0
1343	0x0600051F	ConstructColossusController	ConstructColossusController::Awake()	ConstructColossusController::Awake	134	1	3	1
1344	0x06000520	ConstructColossusController	ConstructColossusController::Update()	ConstructColossusController::Update	122	3	4	0
1345	0x06000521	ConstructColossusController	ConstructColossusController::.ctor()	ConstructColossusController::.ctor	18	0	8	0
1346	0x06000522	ConstructColossusController	ConstructColossusController::<Awake>b__13_0(ConstructColossusController.TargetItem)	ConstructColossusController::Awake	12	0	8	0
1347	0x06000523	ConstructColossusController/TargetItem	ConstructColossusController.TargetItem::.ctor()	ConstructColossusController/TargetItem::.ctor	7	0	8	0
1348	0x06000524	ConstructColossusPickUpHandler	ConstructColossusPickUpHandler::Awake()	ConstructColossusPickUpHandler::Awake	13	0	8	0
1349	0x06000525	ConstructColossusPickUpHandler	ConstructColossusPickUpHandler::PickupStartedHandler(ConstructColossusController.TargetItem)	ConstructColossusPickUpHandler::PickupStartedHandler	20	0	8	0
1350	0x06000526	ConstructColossusPickUpHandler	ConstructColossusPickUpHandler::PickupFinishedHandler(ConstructColossusController.TargetItem)	ConstructColossusPickUpHandler::PickupFinishedHandler	61	1	2	0
1351	0x06000527	ConstructColossusPickUpHandler	ConstructColossusPickUpHandler::SetNewTargetHandler(ConstructColossusController.TargetItem)	ConstructColossusPickUpHandler::SetNewTargetHandler	39	2	2	0
1352	0x06000528	ConstructColossusPickUpHandler	ConstructColossusPickUpHandler::Update()	ConstructColossusPickUpHandler::Update	83	0	3	0
1353	0x06000529	ConstructColossusPickUpHandler	ConstructColossusPickUpHandler::.ctor()	ConstructColossusPickUpHandler::.ctor	29	0	8	0
1354	0x0600052A	ExecutionWeaponEffect	ExecutionWeaponEffect::Effect(Hp,TaggedObject,TaggedObject,Weapon,float,bool,float)	ExecutionWeaponEffect::Effect	42	0	8	0
1355	0x0600052B	ExecutionWeaponEffect	ExecutionWeaponEffect::.ctor()	ExecutionWeaponEffect::.ctor	18	0	8	0
1356	0x0600052C	ExplosionDamageDealer	ExplosionDamageDealer::OnEnable()	ExplosionDamageDealer::OnEnable	57	0	8	0
1357	0x0600052D	ExplosionDamageDealer	ExplosionDamageDealer::PlayAttemptEffect()	ExplosionDamageDealer::PlayAttemptEffect	12	0	8	0
1358	0x0600052E	ExplosionDamageDealer	ExplosionDamageDealer::PlayApplyEffect()	ExplosionDamageDealer::PlayApplyEffect	12	0	8	0
1359	0x0600052F	ExplosionDamageDealer	ExplosionDamageDealer::.ctor()	ExplosionDamageDealer::.ctor	29	0	8	0
1360	0x06000530	ExplosionWeapon	ExplosionWeapon::Explode(UnityEngine.Transform,System.Action,System.Action)	ExplosionWeapon::Explode	194	6	5	0
1361	0x06000531	ExplosionWeapon	ExplosionWeapon::.ctor()	ExplosionWeapon::.ctor	51	0	8	0
1362	0x06000532	FlamethrowerFlameController	FlamethrowerFlameController::Attach(AutoAttackFlamethrower)	FlamethrowerFlameController::Attach	8	0	8	0
1363	0x06000533	FlamethrowerFlameController	FlamethrowerFlameController::OnTriggerEnter(UnityEngine.Collider)	FlamethrowerFlameController::OnTriggerEnter	75	2	3	0
1364	0x06000534	FlamethrowerFlameController	FlamethrowerFlameController::.ctor()	FlamethrowerFlameController::.ctor	7	0	8	0
1365	0x06000535	FlameTowerSmokeFX	FlameTowerSmokeFX::Update()	FlameTowerSmokeFX::Update	113	0	1	0
1366	0x06000536	FlameTowerSmokeFX	FlameTowerSmokeFX::.ctor()	FlameTowerSmokeFX::.ctor	7	0	8	0
1367	0x06000537	LavaScrollFX	LavaScrollFX::Update()	LavaScrollFX::Update	76	1	3	0
1368	0x06000538	LavaScrollFX	LavaScrollFX::.ctor()	LavaScrollFX::.ctor	21	0	8	0
1369	0x06000539	TarTowerPourFX	TarTowerPourFX::Start()	TarTowerPourFX::Start	42	0	8	0
1370	0x0600053A	TarTowerPourFX	TarTowerPourFX::Update()	TarTowerPourFX::Update	237	1	6	0
1371	0x0600053B	TarTowerPourFX	TarTowerPourFX::OnAttack()	TarTowerPourFX::OnAttack	109	1	4	1
1372	0x0600053C	TarTowerPourFX	TarTowerPourFX::TarCauldronAnimate(UnityEngine.Vector3,float)	TarTowerPourFX::TarCauldronAnimate	28	0	8	0
1373	0x0600053D	TarTowerPourFX	TarTowerPourFX::.ctor()	TarTowerPourFX::.ctor	18	0	8	0
1374	0x0600053E	TarTowerPourFX/<TarCauldronAnimate>d__14	TarTowerPourFX.<TarCauldronAnimate>d__14::.ctor(int)	TarTowerPourFX::TarCauldronAnimate	14	0	8	0
1375	0x0600053F	TarTowerPourFX/<TarCauldronAnimate>d__14	TarTowerPourFX.<TarCauldronAnimate>d__14::System.IDisposable.Dispose()	TarTowerPourFX::TarCauldronAnimate	1	0	8	0
1376	0x06000540	TarTowerPourFX/<TarCauldronAnimate>d__14	TarTowerPourFX.<TarCauldronAnimate>d__14::MoveNext()	TarTowerPourFX::TarCauldronAnimate	212	2	5	0
1377	0x06000541	TarTowerPourFX/<TarCauldronAnimate>d__14	TarTowerPourFX.<TarCauldronAnimate>d__14::System.Collections.Generic.IEnumerator<System.Object>.get_Current()	TarTowerPourFX::TarCauldronAnimate	7	0	8	0
1378	0x06000542	TarTowerPourFX/<TarCauldronAnimate>d__14	TarTowerPourFX.<TarCauldronAnimate>d__14::System.Collections.IEnumerator.Reset()	TarTowerPourFX::TarCauldronAnimate	6	0	8	0
1379	0x06000543	TarTowerPourFX/<TarCauldronAnimate>d__14	TarTowerPourFX.<TarCauldronAnimate>d__14::System.Collections.IEnumerator.get_Current()	TarTowerPourFX::TarCauldronAnimate	7	0	8	0
1380	0x06000544	ThiefFX	ThiefFX::Start()	ThiefFX::Start	29	0	8	0
1381	0x06000545	ThiefFX	ThiefFX::OnSteal()	ThiefFX::OnSteal	12	0	8	0
1382	0x06000546	ThiefFX	ThiefFX::.ctor()	ThiefFX::.ctor	7	0	8	0
1383	0x06000547	WeaponUsageFX	WeaponUsageFX::Start()	WeaponUsageFX::Start	43	0	8	0
1384	0x06000548	WeaponUsageFX	WeaponUsageFX::OnAttack()	WeaponUsageFX::OnAttack	12	0	8	0
1385	0x06000549	WeaponUsageFX	WeaponUsageFX::.ctor()	WeaponUsageFX::.ctor	7	0	8	0
1386	0x0600054A	HpThief	HpThief::TakeDamage(float,TaggedObject,bool,bool)	HpThief::TakeDamage	48	0	8	0
1387	0x0600054B	HpThief	HpThief::.ctor()	HpThief::.ctor	7	0	8	0
1388	0x0600054C	HpWithDamageReduction	HpWithDamageReduction::TakeDamage(float,TaggedObject,bool,bool)	HpWithDamageReduction::TakeDamage	41	0	8	0
1389	0x0600054D	HpWithDamageReduction	HpWithDamageReduction::.ctor()	HpWithDamageReduction::.ctor	7	0	8	0
1390	0x0600054E	LaserBeam	LaserBeam::DrawFirstPart(UnityEngine.Vector3,UnityEngine.Vector3)	LaserBeam::DrawFirstPart	51	0	8	0
1391	0x0600054F	LaserBeam	LaserBeam::DrawSecondPart(UnityEngine.Vector3)	LaserBeam::DrawSecondPart	26	0	8	0
1392	0x06000550	LaserBeam	LaserBeam::Update()	LaserBeam::Update	45	0	8	0
1393	0x06000551	LaserBeam	LaserBeam::.ctor()	LaserBeam::.ctor	18	0	8	0
1394	0x06000552	LavaRiverController	LavaRiverController::Start()	LavaRiverController::Start	70	0	2	0
1395	0x06000553	LavaRiverController	LavaRiverController::OnDestroy()	LavaRiverController::OnDestroy	57	0	8	0
1396	0x06000554	LavaRiverController	LavaRiverController::OnDuskEarly()	LavaRiverController::OnDuskEarly	1	0	8	0
1397	0x06000555	LavaRiverController	LavaRiverController::OnDusk()	LavaRiverController::OnDusk	48	0	8	0
1398	0x06000556	LavaRiverController	LavaRiverController::OnDawn_AfterSunrise()	LavaRiverController::OnDawn_AfterSunrise	1	0	8	0
1399	0x06000557	LavaRiverController	LavaRiverController::OnDawn_BeforeSunrise()	LavaRiverController::OnDawn_BeforeSunrise	48	0	8	0
1400	0x06000558	LavaRiverController	LavaRiverController::ToggleObjects(bool)	LavaRiverController::ToggleObjects	108	1	3	2
1401	0x06000559	LavaRiverController	LavaRiverController::ToggleVFX(bool)	LavaRiverController::ToggleVFX	129	3	1	2
1402	0x0600055A	LavaRiverController	LavaRiverController::.ctor()	LavaRiverController::.ctor	7	0	8	0
1403	0x0600055B	MapJumpEntries	MapJumpEntries::Start()	MapJumpEntries::Start	48	2	2	0
1404	0x0600055C	MapJumpEntries	MapJumpEntries::NextJumpPoint()	MapJumpEntries::NextJumpPoint	146	1	3	0
1405	0x0600055D	MapJumpEntries	MapJumpEntries::FindFarthestPoint(UnityEngine.Vector3)	MapJumpEntries::FindFarthestPoint	73	5	2	0
1406	0x0600055E	MapJumpEntries	MapJumpEntries::GetJumpPoint(int)	MapJumpEntries::GetJumpPoint	42	0	8	0
1407	0x0600055F	MapJumpEntries	MapJumpEntries::.ctor()	MapJumpEntries::.ctor	32	0	8	0
1408	0x06000560	Docker	Docker::get_DockPosition()	Docker::get_DockPosition	38	0	8	0
1409	0x06000561	Docker	Docker::Open()	Docker::Open	13	0	8	0
1410	0x06000562	Docker	Docker::Close()	Docker::Close	13	0	8	0
1411	0x06000563	Docker	Docker::InitialClose()	Docker::InitialClose	13	0	8	0
1412	0x06000564	Docker	Docker::InitialOpen()	Docker::InitialOpen	13	0	8	0
1413	0x06000565	Docker	Docker::GetTeleportPoint()	Docker::GetTeleportPoint	7	0	8	0
1414	0x06000566	Docker	Docker::.ctor()	Docker::.ctor	7	0	8	0
1415	0x06000567	PlatformFollower	PlatformFollower::Start()	PlatformFollower::Start	72	0	3	0
1416	0x06000568	PlatformFollower	PlatformFollower::OnEnable()	PlatformFollower::OnEnable	83	0	4	0
1417	0x06000569	PlatformFollower	PlatformFollower::LateUpdate()	PlatformFollower::LateUpdate	83	0	4	0
1418	0x0600056A	PlatformFollower	PlatformFollower::.ctor()	PlatformFollower::.ctor	7	0	8	0
1419	0x0600056B	RouteClip	RouteClip::.ctor()	RouteClip::.ctor	7	0	8	0
1420	0x0600056C	PlatformManager	PlatformManager::OnEnable()	PlatformManager::OnEnable	18	0	8	0
1421	0x0600056D	PlatformManager	PlatformManager::OnDisable()	PlatformManager::OnDisable	18	0	8	0
1422	0x0600056E	PlatformManager	PlatformManager::Start()	PlatformManager::Start	7	0	8	0
1423	0x0600056F	PlatformManager	PlatformManager::InitialState()	PlatformManager::InitialState	132	3	2	1
1424	0x06000570	PlatformManager	PlatformManager::OnSunrise(int)	PlatformManager::OnSunrise	1	0	8	0
1425	0x06000571	PlatformManager	PlatformManager::OpenDocksAfterBuffer(int)	PlatformManager::OpenDocksAfterBuffer	21	0	8	0
1426	0x06000572	PlatformManager	PlatformManager::OnPlatformLeaving(int)	PlatformManager::OnPlatformLeaving	18	0	8	0
1427	0x06000573	PlatformManager	PlatformManager::GetDocker(int)	PlatformManager::GetDocker	37	1	3	0
1428	0x06000574	PlatformManager	PlatformManager::GetOccupiedDocks(int)	PlatformManager::GetOccupiedDocks	91	5	2	1
1429	0x06000575	PlatformManager	PlatformManager::OnDuskEarly()	PlatformManager::OnDuskEarly	1	0	8	0
1430	0x06000576	PlatformManager	PlatformManager::OnDusk()	PlatformManager::OnDusk	1	0	8	0
1431	0x06000577	PlatformManager	PlatformManager::OnDawn_AfterSunrise()	PlatformManager::OnDawn_AfterSunrise	26	0	8	0
1432	0x06000578	PlatformManager	PlatformManager::OnDawn_BeforeSunrise()	PlatformManager::OnDawn_BeforeSunrise	21	0	8	0
1433	0x06000579	PlatformManager	PlatformManager::GetClip(int,int)	PlatformManager::GetClip	55	1	3	0
1434	0x0600057A	PlatformManager	PlatformManager::MovePlatforms()	PlatformManager::MovePlatforms	190	6	4	1
1435	0x0600057B	PlatformManager	PlatformManager::TeleportUnits(Docker,PlatformMover)	PlatformManager::TeleportUnits	86	3	3	0
1436	0x0600057C	PlatformManager	PlatformManager::TeleportOnEndFrame(System.Collections.Generic.List<TaggedObject>)	PlatformManager::TeleportOnEndFrame	14	0	8	0
1437	0x0600057D	PlatformManager	PlatformManager::OnBeforeMainLoadPass(string)	PlatformManager::OnBeforeMainLoadPass	1	0	8	0
1438	0x0600057E	PlatformManager	PlatformManager::OnLoad(string)	PlatformManager::OnLoad	38	0	8	0
1439	0x0600057F	PlatformManager	PlatformManager::OnAfterMainLoadPass(string)	PlatformManager::OnAfterMainLoadPass	1	0	8	0
1440	0x06000580	PlatformManager	PlatformManager::OnSave(string)	PlatformManager::OnSave	24	0	8	0
1441	0x06000581	PlatformManager	PlatformManager::InitializeFromSchedule(int)	PlatformManager::InitializeFromSchedule	111	4	3	1
1442	0x06000582	PlatformManager	PlatformManager::GetPlatformDockAtNight(PlatformMover,int)	PlatformManager::GetPlatformDockAtNight	77	3	2	1
1443	0x06000583	PlatformManager	PlatformManager::UpdateDockers()	PlatformManager::UpdateDockers	124	3	3	1
1444	0x06000584	PlatformManager	PlatformManager::.ctor()	PlatformManager::.ctor	18	0	8	0
1445	0x06000585	PlatformManager/<>c	PlatformManager.<>c::.cctor()	PlatformManager::.cctor	11	0	8	0
1446	0x06000586	PlatformManager/<>c	PlatformManager.<>c::.ctor()	PlatformManager::.ctor	7	0	8	0
1447	0x06000587	PlatformManager/<>c	PlatformManager.<>c::<UpdateDockers>b__29_0(PlatformMover)	PlatformManager::UpdateDockers	7	0	8	0
1448	0x06000588	PlatformManager/<>c__DisplayClass13_0	PlatformManager.<>c__DisplayClass13_0::.ctor()	PlatformManager::.ctor	7	0	8	0
1449	0x06000589	PlatformManager/<>c__DisplayClass13_0	PlatformManager.<>c__DisplayClass13_0::<GetDocker>b__0(Docker)	PlatformManager::GetDocker	15	0	8	0
1450	0x0600058A	PlatformManager/<>c__DisplayClass19_0	PlatformManager.<>c__DisplayClass19_0::.ctor()	PlatformManager::.ctor	7	0	8	0
1451	0x0600058B	PlatformManager/<>c__DisplayClass19_0	PlatformManager.<>c__DisplayClass19_0::<GetClip>b__0(RouteClip)	PlatformManager::GetClip	31	0	8	0
1452	0x0600058C	PlatformManager/<OpenDocksAfterBuffer>d__11	PlatformManager.<OpenDocksAfterBuffer>d__11::.ctor(int)	PlatformManager::OpenDocksAfterBuffer	14	0	8	0
1453	0x0600058D	PlatformManager/<OpenDocksAfterBuffer>d__11	PlatformManager.<OpenDocksAfterBuffer>d__11::System.IDisposable.Dispose()	PlatformManager::OpenDocksAfterBuffer	1	0	8	0
1454	0x0600058E	PlatformManager/<OpenDocksAfterBuffer>d__11	PlatformManager.<OpenDocksAfterBuffer>d__11::MoveNext()	PlatformManager::OpenDocksAfterBuffer	157	5	2	1
1455	0x0600058F	PlatformManager/<OpenDocksAfterBuffer>d__11	PlatformManager.<OpenDocksAfterBuffer>d__11::System.Collections.Generic.IEnumerator<System.Object>.get_Current()	PlatformManager::OpenDocksAfterBuffer	7	0	8	0
1456	0x06000590	PlatformManager/<OpenDocksAfterBuffer>d__11	PlatformManager.<OpenDocksAfterBuffer>d__11::System.Collections.IEnumerator.Reset()	PlatformManager::OpenDocksAfterBuffer	6	0	8	0
1457	0x06000591	PlatformManager/<OpenDocksAfterBuffer>d__11	PlatformManager.<OpenDocksAfterBuffer>d__11::System.Collections.IEnumerator.get_Current()	PlatformManager::OpenDocksAfterBuffer	7	0	8	0
1458	0x06000592	PlatformManager/<TeleportOnEndFrame>d__22	PlatformManager.<TeleportOnEndFrame>d__22::.ctor(int)	PlatformManager::TeleportOnEndFrame	14	0	8	0
1459	0x06000593	PlatformManager/<TeleportOnEndFrame>d__22	PlatformManager.<TeleportOnEndFrame>d__22::System.IDisposable.Dispose()	PlatformManager::TeleportOnEndFrame	1	0	8	0
1460	0x06000594	PlatformManager/<TeleportOnEndFrame>d__22	PlatformManager.<TeleportOnEndFrame>d__22::MoveNext()	PlatformManager::TeleportOnEndFrame	158	3	3	1
1461	0x06000595	PlatformManager/<TeleportOnEndFrame>d__22	PlatformManager.<TeleportOnEndFrame>d__22::System.Collections.Generic.IEnumerator<System.Object>.get_Current()	PlatformManager::TeleportOnEndFrame	7	0	8	0
1462	0x06000596	PlatformManager/<TeleportOnEndFrame>d__22	PlatformManager.<TeleportOnEndFrame>d__22::System.Collections.IEnumerator.Reset()	PlatformManager::TeleportOnEndFrame	6	0	8	0
1463	0x06000597	PlatformManager/<TeleportOnEndFrame>d__22	PlatformManager.<TeleportOnEndFrame>d__22::System.Collections.IEnumerator.get_Current()	PlatformManager::TeleportOnEndFrame	7	0	8	0
1464	0x06000598	ScheduleEntry	ScheduleEntry::.ctor()	ScheduleEntry::.ctor	7	0	8	0
1465	0x06000599	PlatformMover	PlatformMover::add_OnPlatformLeaving(System.Action<int>)	PlatformMover::add_OnPlatformLeaving	39	3	3	0
1466	0x0600059A	PlatformMover	PlatformMover::remove_OnPlatformLeaving(System.Action<int>)	PlatformMover::remove_OnPlatformLeaving	39	3	3	0
1467	0x0600059B	PlatformMover	PlatformMover::get_StartingDockId()	PlatformMover::get_StartingDockId	7	0	8	0
1468	0x0600059C	PlatformMover	PlatformMover::get_CurrentDockId()	PlatformMover::get_CurrentDockId	7	0	8	0
1469	0x0600059D	PlatformMover	PlatformMover::set_CurrentDockId(int)	PlatformMover::set_CurrentDockId	8	0	8	0
1470	0x0600059E	PlatformMover	PlatformMover::get_CurrentDockPosition()	PlatformMover::get_CurrentDockPosition	7	0	8	0
1471	0x0600059F	PlatformMover	PlatformMover::set_CurrentDockPosition(UnityEngine.Vector3)	PlatformMover::set_CurrentDockPosition	8	0	8	0
1472	0x060005A0	PlatformMover	PlatformMover::Start()	PlatformMover::Start	127	0	3	0
1473	0x060005A1	PlatformMover	PlatformMover::GetEntryAfterNight(int)	PlatformMover::GetEntryAfterNight	37	1	3	0
1474	0x060005A2	PlatformMover	PlatformMover::SetStartDockId()	PlatformMover::SetStartDockId	13	0	8	0
1475	0x060005A3	PlatformMover	PlatformMover::SetCurrentDockId(int)	PlatformMover::SetCurrentDockId	8	0	8	0
1476	0x060005A4	PlatformMover	PlatformMover::SetCurrentDockPosition(UnityEngine.Vector3)	PlatformMover::SetCurrentDockPosition	8	0	8	0
1477	0x060005A5	PlatformMover	PlatformMover::SnapToDock(UnityEngine.Vector3)	PlatformMover::SnapToDock	13	0	8	0
1478	0x060005A6	PlatformMover	PlatformMover::MoveTo(int,UnityEngine.Vector3,UnityEngine.AnimationClip)	PlatformMover::MoveTo	115	0	4	0
1479	0x060005A7	PlatformMover	PlatformMover::GetOccupants(ref PlayerMovement,ref System.Collections.Generic.List<TaggedObject>)	PlatformMover::GetOccupants	266	6	6	0
1480	0x060005A8	PlatformMover	PlatformMover::.ctor()	PlatformMover::.ctor	7	0	8	0
1481	0x060005A9	PlatformMover/<>c__DisplayClass22_0	PlatformMover.<>c__DisplayClass22_0::.ctor()	PlatformMover::.ctor	7	0	8	0
1482	0x060005AA	PlatformMover/<>c__DisplayClass22_0	PlatformMover.<>c__DisplayClass22_0::<GetEntryAfterNight>b__0(ScheduleEntry)	PlatformMover::GetEntryAfterNight	15	0	8	0
1483	0x060005AB	PathfindMovementBoss	PathfindMovementBoss::GetRvoPriority(float)	PathfindMovementBoss::GetRvoPriority	7	0	8	0
1484	0x060005AC	PathfindMovementBoss	PathfindMovementBoss::Update()	PathfindMovementBoss::Update	58	2	3	0
1485	0x060005AD	PathfindMovementBoss	PathfindMovementBoss::.ctor()	PathfindMovementBoss::.ctor	18	0	8	0
1486	0x060005AE	PathfindMovementPlayerunitHealer	PathfindMovementPlayerunitHealer::get_HealingTarget()	PathfindMovementPlayerunitHealer::get_HealingTarget	7	0	8	0
1487	0x060005AF	PathfindMovementPlayerunitHealer	PathfindMovementPlayerunitHealer::Start()	PathfindMovementPlayerunitHealer::Start	65	2	3	0
1488	0x060005B0	PathfindMovementPlayerunitHealer	PathfindMovementPlayerunitHealer::FindTargetPosition()	PathfindMovementPlayerunitHealer::FindTargetPosition	363	8	5	0
1489	0x060005B1	PathfindMovementPlayerunitHealer	PathfindMovementPlayerunitHealer::.ctor()	PathfindMovementPlayerunitHealer::.ctor	29	0	8	0
1490	0x060005B2	PathfindMovementPlayerunitShieldBearer	PathfindMovementPlayerunitShieldBearer::get_HoldPosition()	PathfindMovementPlayerunitShieldBearer::get_HoldPosition	7	0	8	0
1491	0x060005B3	PathfindMovementPlayerunitShieldBearer	PathfindMovementPlayerunitShieldBearer::set_HoldPosition(bool)	PathfindMovementPlayerunitShieldBearer::set_HoldPosition	57	1	2	0
1492	0x060005B4	PathfindMovementPlayerunitShieldBearer	PathfindMovementPlayerunitShieldBearer::.ctor()	PathfindMovementPlayerunitShieldBearer::.ctor	7	0	8	0
1493	0x060005B5	PathfindMovementThief	PathfindMovementThief::AtTarget()	PathfindMovementThief::AtTarget	105	1	2	0
1494	0x060005B6	PathfindMovementThief	PathfindMovementThief::AtHome()	PathfindMovementThief::AtHome	47	1	2	0
1495	0x060005B7	PathfindMovementThief	PathfindMovementThief::Awake()	PathfindMovementThief::Awake	13	0	8	0
1496	0x060005B8	PathfindMovementThief	PathfindMovementThief::Update()	PathfindMovementThief::Update	68	0	2	0
1497	0x060005B9	PathfindMovementThief	PathfindMovementThief::ForcePathRecalculation()	PathfindMovementThief::ForcePathRecalculation	12	0	8	0
1498	0x060005BA	PathfindMovementThief	PathfindMovementThief::FindMoveToTarget()	PathfindMovementThief::FindMoveToTarget	479	14	5	0
1499	0x060005BB	PathfindMovementThief	PathfindMovementThief::.ctor()	PathfindMovementThief::.ctor	29	0	8	0
1500	0x060005BC	PerkKnockbackOnDestroy	PerkKnockbackOnDestroy::OnEnable()	PerkKnockbackOnDestroy::OnEnable	34	0	8	0
1501	0x060005BD	PerkKnockbackOnDestroy	PerkKnockbackOnDestroy::Start()	PerkKnockbackOnDestroy::Start	20	0	8	0
1502	0x060005BE	PerkKnockbackOnDestroy	PerkKnockbackOnDestroy::OnDisable()	PerkKnockbackOnDestroy::OnDisable	29	0	8	0
1503	0x060005BF	PerkKnockbackOnDestroy	PerkKnockbackOnDestroy::ApplyKnockback()	PerkKnockbackOnDestroy::ApplyKnockback	97	0	12	0
1504	0x060005C0	PerkKnockbackOnDestroy	PerkKnockbackOnDestroy::ApplyEffects()	PerkKnockbackOnDestroy::ApplyEffects	149	1	4	0
1505	0x060005C1	PerkKnockbackOnDestroy	PerkKnockbackOnDestroy::.ctor()	PerkKnockbackOnDestroy::.ctor	48	0	8	0
1506	0x060005C2	PoweredAttackController	PoweredAttackController::Start()	PoweredAttackController::Start	68	0	3	0
1507	0x060005C3	PoweredAttackController	PoweredAttackController::DoOnUpgrade()	PoweredAttackController::DoOnUpgrade	12	0	8	0
1508	0x060005C4	PoweredAttackController	PoweredAttackController::OnDuskEarly()	PoweredAttackController::OnDuskEarly	1	0	8	0
1509	0x060005C5	PoweredAttackController	PoweredAttackController::OnDusk()	PoweredAttackController::OnDusk	59	0	8	0
1510	0x060005C6	PoweredAttackController	PoweredAttackController::OnDawn_AfterSunrise()	PoweredAttackController::OnDawn_AfterSunrise	24	0	8	0
1511	0x060005C7	PoweredAttackController	PoweredAttackController::OnDawn_BeforeSunrise()	PoweredAttackController::OnDawn_BeforeSunrise	1	0	8	0
1512	0x060005C8	PoweredAttackController	PoweredAttackController::.ctor()	PoweredAttackController::.ctor	7	0	8	0
1513	0x060005C9	ProjectileSphereArea	ProjectileSphereArea::get_R2()	ProjectileSphereArea::get_R2	14	0	8	0
1514	0x060005CA	ProjectileSphereArea	ProjectileSphereArea::Inside(UnityEngine.Transform)	ProjectileSphereArea::Inside	42	1	2	0
1515	0x060005CB	ProjectileSphereArea	ProjectileSphereArea::.ctor()	ProjectileSphereArea::.ctor	7	0	8	0
1516	0x060005CC	ProjectileBlock	ProjectileBlock::AddSphereArea(UnityEngine.Transform,float)	ProjectileBlock::AddSphereArea	82	0	3	0
1517	0x060005CD	ProjectileBlock	ProjectileBlock::RemoveSphereArea(UnityEngine.Transform)	ProjectileBlock::RemoveSphereArea	26	0	8	0
1518	0x060005CE	ProjectileBlock	ProjectileBlock::Inside(UnityEngine.Transform)	ProjectileBlock::Inside	73	3	2	1
1519	0x060005CF	ProjectileBlock	ProjectileBlock::.ctor()	ProjectileBlock::.ctor	7	0	8	0
1520	0x060005D0	ProjectileBlock	ProjectileBlock::.cctor()	ProjectileBlock::.cctor	11	0	8	0
1521	0x060005D1	RailgunBeam	RailgunBeam::.ctor(RailgunBeam.Config)	RailgunBeam::.ctor	56	0	8	0
1522	0x060005D2	RailgunBeam	RailgunBeam::GetRoot(UnityEngine.Transform)	RailgunBeam::GetRoot	54	1	2	0
1523	0x060005D3	RailgunBeam	RailgunBeam::Fire(UnityEngine.Vector3)	RailgunBeam::Fire	273	5	5	0
1524	0x060005D4	RailgunBeam	RailgunBeam::FireBeam(UnityEngine.Vector3,UnityEngine.Vector3,float,bool)	RailgunBeam::FireBeam	354	8	7	0
1525	0x060005D5	RailgunBeam	RailgunBeam::FilterHit(UnityEngine.RaycastHit)	RailgunBeam::FilterHit	36	1	2	0
1526	0x060005D6	RailgunBeam	RailgunBeam::.cctor()	RailgunBeam::.cctor	57	0	8	0
1527	0x060005D7	RailgunBeam/Config	RailgunBeam.Config::Validate()	RailgunBeam/Config::Validate	124	0	2	0
1528	0x060005D8	RailgunBeam/Config	RailgunBeam.Config::.ctor()	RailgunBeam/Config::.ctor	7	0	8	0
1529	0x060005D9	RailgunBeam/RaycastHitComparer	RailgunBeam.RaycastHitComparer::Compare(UnityEngine.RaycastHit,UnityEngine.RaycastHit)	RailgunBeam/RaycastHitComparer::Compare	23	1	2	0
1530	0x060005DA	RailgunBeam/RaycastHitComparer	RailgunBeam.RaycastHitComparer::.ctor()	RailgunBeam/RaycastHitComparer::.ctor	7	0	8	0
1531	0x060005DB	RotateToAttackTarget	RotateToAttackTarget::ReInitWithAttack(AutoAttack)	RotateToAttackTarget::ReInitWithAttack	92	0	3	0
1532	0x060005DC	RotateToAttackTarget	RotateToAttackTarget::Start()	RotateToAttackTarget::Start	60	0	8	0
1533	0x060005DD	RotateToAttackTarget	RotateToAttackTarget::Update()	RotateToAttackTarget::Update	191	2	5	0
1534	0x060005DE	RotateToAttackTarget	RotateToAttackTarget::OnAttack()	RotateToAttackTarget::OnAttack	75	1	2	0
1535	0x060005DF	RotateToAttackTarget	RotateToAttackTarget::.ctor()	RotateToAttackTarget::.ctor	40	0	8	0
1536	0x060005E0	AllowUpgrade	AllowUpgrade::Start()	AllowUpgrade::Start	14	0	8	0
1537	0x060005E1	AllowUpgrade	AllowUpgrade::.ctor()	AllowUpgrade::.ctor	7	0	8	0
1538	0x060005E2	RubblesInteractionHelper	RubblesInteractionHelper::OnEnable()	RubblesInteractionHelper::OnEnable	29	0	8	0
1539	0x060005E3	RubblesInteractionHelper	RubblesInteractionHelper::OnDisable()	RubblesInteractionHelper::OnDisable	29	0	8	0
1540	0x060005E4	RubblesInteractionHelper	RubblesInteractionHelper::Start()	RubblesInteractionHelper::Start	86	0	2	0
1541	0x060005E5	RubblesInteractionHelper	RubblesInteractionHelper::OnBuildSlotUpgrade()	RubblesInteractionHelper::OnBuildSlotUpgrade	41	0	8	0
1542	0x060005E6	RubblesInteractionHelper	RubblesInteractionHelper::OnDuskEarly()	RubblesInteractionHelper::OnDuskEarly	1	0	8	0
1543	0x060005E7	RubblesInteractionHelper	RubblesInteractionHelper::OnDusk()	RubblesInteractionHelper::OnDusk	1	0	8	0
1544	0x060005E8	RubblesInteractionHelper	RubblesInteractionHelper::OnDawn_AfterSunrise()	RubblesInteractionHelper::OnDawn_AfterSunrise	1	0	8	0
1545	0x060005E9	RubblesInteractionHelper	RubblesInteractionHelper::OnDawn_BeforeSunrise()	RubblesInteractionHelper::OnDawn_BeforeSunrise	13	0	8	0
1546	0x060005EA	RubblesInteractionHelper	RubblesInteractionHelper::OnBeforeMainLoadPass(string)	RubblesInteractionHelper::OnBeforeMainLoadPass	1	0	8	0
1547	0x060005EB	RubblesInteractionHelper	RubblesInteractionHelper::OnLoad(string)	RubblesInteractionHelper::OnLoad	55	0	8	0
1548	0x060005EC	RubblesInteractionHelper	RubblesInteractionHelper::OnAfterMainLoadPass(string)	RubblesInteractionHelper::OnAfterMainLoadPass	1	0	8	0
1549	0x060005ED	RubblesInteractionHelper	RubblesInteractionHelper::OnSave(string)	RubblesInteractionHelper::OnSave	40	0	8	0
1550	0x060005EE	RubblesInteractionHelper	RubblesInteractionHelper::.ctor()	RubblesInteractionHelper::.ctor	7	0	8	0
1551	0x060005EF	ScheduledActivationInteractor	ScheduledActivationInteractor::get_IsPoweredUp()	ScheduledActivationInteractor::get_IsPoweredUp	7	0	8	0
1552	0x060005F0	ScheduledActivationInteractor	ScheduledActivationInteractor::get_CanInteractBySchedule()	ScheduledActivationInteractor::get_CanInteractBySchedule	31	0	8	0
1553	0x060005F1	ScheduledActivationInteractor	ScheduledActivationInteractor::get_CanBeInteractedWith()	ScheduledActivationInteractor::get_CanBeInteractedWith	35	0	8	0
1554	0x060005F2	ScheduledActivationInteractor	ScheduledActivationInteractor::SetReadyVisuals(bool)	ScheduledActivationInteractor::SetReadyVisuals	27	0	8	0
1555	0x060005F3	ScheduledActivationInteractor	ScheduledActivationInteractor::SetPoweredUpVisuals(bool)	ScheduledActivationInteractor::SetPoweredUpVisuals	27	0	8	0
1556	0x060005F4	ScheduledActivationInteractor	ScheduledActivationInteractor::UpdateScheduledVisuals()	ScheduledActivationInteractor::UpdateScheduledVisuals	30	0	8	0
1557	0x060005F5	ScheduledActivationInteractor	ScheduledActivationInteractor::SpendPower()	ScheduledActivationInteractor::SpendPower	15	0	8	0
1558	0x060005F6	ScheduledActivationInteractor	ScheduledActivationInteractor::SetIsTrueDay(bool)	ScheduledActivationInteractor::SetIsTrueDay	8	0	8	0
1559	0x060005F7	ScheduledActivationInteractor	ScheduledActivationInteractor::Focus(PlayerInteraction)	ScheduledActivationInteractor::Focus	51	0	8	0
1560	0x060005F8	ScheduledActivationInteractor	ScheduledActivationInteractor::InteractionBegin(PlayerInteraction)	ScheduledActivationInteractor::InteractionBegin	45	0	8	0
1561	0x060005F9	ScheduledActivationInteractor	ScheduledActivationInteractor::InteractionHold(PlayerInteraction)	ScheduledActivationInteractor::InteractionHold	167	0	2	0
1562	0x060005FA	ScheduledActivationInteractor	ScheduledActivationInteractor::InteractionEnd(PlayerInteraction)	ScheduledActivationInteractor::InteractionEnd	69	0	2	0
1563	0x060005FB	ScheduledActivationInteractor	ScheduledActivationInteractor::Unfocus(PlayerInteraction)	ScheduledActivationInteractor::Unfocus	76	0	2	0
1564	0x060005FC	ScheduledActivationInteractor	ScheduledActivationInteractor::OnKnockOut()	ScheduledActivationInteractor::OnKnockOut	14	0	8	0
1565	0x060005FD	ScheduledActivationInteractor	ScheduledActivationInteractor::ToggleComplete()	ScheduledActivationInteractor::ToggleComplete	58	0	8	0
1566	0x060005FE	ScheduledActivationInteractor	ScheduledActivationInteractor::ActivateCostDisplay()	ScheduledActivationInteractor::ActivateCostDisplay	36	0	8	0
1567	0x060005FF	ScheduledActivationInteractor	ScheduledActivationInteractor::SetupEnergyCoreCost()	ScheduledActivationInteractor::SetupEnergyCoreCost	53	0	8	0
1568	0x06000600	ScheduledActivationInteractor	ScheduledActivationInteractor::.ctor()	ScheduledActivationInteractor::.ctor	21	0	8	0
1569	0x06000601	TargetPriorityExt	TargetPriorityExt::.ctor()	TargetPriorityExt::.ctor	40	0	8	0
1570	0x06000602	ThiefController	ThiefController::get_IsComingHome()	ThiefController::get_IsComingHome	14	0	8	0
1571	0x06000603	ThiefController	ThiefController::get_IsStealing()	ThiefController::get_IsStealing	14	0	8	0
1572	0x06000604	ThiefController	ThiefController::Awake()	ThiefController::Awake	77	0	3	0
1573	0x06000605	ThiefController	ThiefController::ReturnStolen()	ThiefController::ReturnStolen	173	3	4	0
1574	0x06000606	ThiefController	ThiefController::Eliminate()	ThiefController::Eliminate	12	0	8	0
1575	0x06000607	ThiefController	ThiefController::Update()	ThiefController::Update	187	0	3	0
1576	0x06000608	ThiefController	ThiefController::Steal()	ThiefController::Steal	85	1	3	0
1577	0x06000609	ThiefController	ThiefController::DisableKnockback()	ThiefController::DisableKnockback	39	0	8	0
1578	0x0600060A	ThiefController	ThiefController::EnableKnockback()	ThiefController::EnableKnockback	39	0	8	0
1579	0x0600060B	ThiefController	ThiefController::.ctor()	ThiefController::.ctor	47	0	8	0
1580	0x0600060C	AutoAttackTrap	AutoAttackTrap::get_State()	AutoAttackTrap::get_State	7	0	8	0
1581	0x0600060D	AutoAttackTrap	AutoAttackTrap::get_Targets()	AutoAttackTrap::get_Targets	7	0	8	0
1582	0x0600060E	AutoAttackTrap	AutoAttackTrap::get_AttackTimer()	AutoAttackTrap::get_AttackTimer	7	0	8	0
1583	0x0600060F	AutoAttackTrap	AutoAttackTrap::Start()	AutoAttackTrap::Start	41	0	8	0
1584	0x06000610	AutoAttackTrap	AutoAttackTrap::OnDestroy()	AutoAttackTrap::OnDestroy	18	0	8	0
1585	0x06000611	AutoAttackTrap	AutoAttackTrap::PrepareTargetPriorities()	AutoAttackTrap::PrepareTargetPriorities	104	3	3	1
1586	0x06000612	AutoAttackTrap	AutoAttackTrap::AttachTraps()	AutoAttackTrap::AttachTraps	53	1	2	1
1587	0x06000613	AutoAttackTrap	AutoAttackTrap::DetachTraps()	AutoAttackTrap::DetachTraps	52	1	1	1
1588	0x06000614	AutoAttackTrap	AutoAttackTrap::MatchTags(TaggedObject)	AutoAttackTrap::MatchTags	75	3	3	1
1589	0x06000615	AutoAttackTrap	AutoAttackTrap::AddTarget(TaggedObject)	AutoAttackTrap::AddTarget	42	0	8	0
1590	0x06000616	AutoAttackTrap	AutoAttackTrap::RemoveTarget(TaggedObject)	AutoAttackTrap::RemoveTarget	42	0	8	0
1591	0x06000617	AutoAttackTrap	AutoAttackTrap::Activate()	AutoAttackTrap::Activate	71	1	3	1
1592	0x06000618	AutoAttackTrap	AutoAttackTrap::Deactivate()	AutoAttackTrap::Deactivate	54	1	3	1
1593	0x06000619	AutoAttackTrap	AutoAttackTrap::TransferTo(AutoAttackTrap.EState)	AutoAttackTrap::TransferTo	59	0	8	0
1594	0x0600061A	AutoAttackTrap	AutoAttackTrap::TransferToDisabled()	AutoAttackTrap::TransferToDisabled	14	0	8	0
1595	0x0600061B	AutoAttackTrap	AutoAttackTrap::TransferToIdle()	AutoAttackTrap::TransferToIdle	19	0	8	0
1596	0x0600061C	AutoAttackTrap	AutoAttackTrap::TransferToActive()	AutoAttackTrap::TransferToActive	38	0	8	0
1597	0x0600061D	AutoAttackTrap	AutoAttackTrap::TransferToCooldown()	AutoAttackTrap::TransferToCooldown	64	0	7	0
1598	0x0600061E	AutoAttackTrap	AutoAttackTrap::OnDuskEarly()	AutoAttackTrap::OnDuskEarly	1	0	8	0
1599	0x0600061F	AutoAttackTrap	AutoAttackTrap::OnDusk()	AutoAttackTrap::OnDusk	8	0	8	0
1600	0x06000620	AutoAttackTrap	AutoAttackTrap::OnDawn_AfterSunrise()	AutoAttackTrap::OnDawn_AfterSunrise	1	0	8	0
1601	0x06000621	AutoAttackTrap	AutoAttackTrap::OnDawn_BeforeSunrise()	AutoAttackTrap::OnDawn_BeforeSunrise	8	0	8	0
1602	0x06000622	AutoAttackTrap	AutoAttackTrap::Update()	AutoAttackTrap::Update	75	1	3	0
1603	0x06000623	AutoAttackTrap	AutoAttackTrap::UpdateActive()	AutoAttackTrap::UpdateActive	91	0	3	0
1604	0x06000624	AutoAttackTrap	AutoAttackTrap::UpdateCooldown()	AutoAttackTrap::UpdateCooldown	21	0	8	0
1605	0x06000625	AutoAttackTrap	AutoAttackTrap::AttackAllTargets()	AutoAttackTrap::AttackAllTargets	169	3	2	2
1606	0x06000626	AutoAttackTrap	AutoAttackTrap::ApplySideEffect()	AutoAttackTrap::ApplySideEffect	200	2	8	1
1607	0x06000627	AutoAttackTrap	AutoAttackTrap::.ctor()	AutoAttackTrap::.ctor	51	0	8	0
1608	0x06000628	AutoAttackTrapTower	AutoAttackTrapTower::get_TrapActive()	AutoAttackTrapTower::get_TrapActive	12	0	8	0
1609	0x06000629	AutoAttackTrapTower	AutoAttackTrapTower::get_Cooldown()	AutoAttackTrapTower::get_Cooldown	7	0	8	0
1610	0x0600062A	AutoAttackTrapTower	AutoAttackTrapTower::Start()	AutoAttackTrapTower::Start	115	0	3	0
1611	0x0600062B	AutoAttackTrapTower	AutoAttackTrapTower::DisableTrapOnDeath()	AutoAttackTrapTower::DisableTrapOnDeath	29	0	8	0
1612	0x0600062C	AutoAttackTrapTower	AutoAttackTrapTower::Update()	AutoAttackTrapTower::Update	290	1	7	0
1613	0x0600062D	AutoAttackTrapTower	AutoAttackTrapTower::Attack()	AutoAttackTrapTower::Attack	60	2	2	1
1614	0x0600062E	AutoAttackTrapTower	AutoAttackTrapTower::.ctor()	AutoAttackTrapTower::.ctor	7	0	8	0
1615	0x0600062F	AutoAttackTrapTriggerWithDelay	AutoAttackTrapTriggerWithDelay::Update()	AutoAttackTrapTriggerWithDelay::Update	91	0	2	0
1616	0x06000630	AutoAttackTrapTriggerWithDelay	AutoAttackTrapTriggerWithDelay::ActivateWithDelay()	AutoAttackTrapTriggerWithDelay::ActivateWithDelay	14	0	8	0
1617	0x06000631	AutoAttackTrapTriggerWithDelay	AutoAttackTrapTriggerWithDelay::UpdateActive()	AutoAttackTrapTriggerWithDelay::UpdateActive	80	0	3	0
1618	0x06000632	AutoAttackTrapTriggerWithDelay	AutoAttackTrapTriggerWithDelay::TransferToCooldown()	AutoAttackTrapTriggerWithDelay::TransferToCooldown	14	0	8	0
1619	0x06000633	AutoAttackTrapTriggerWithDelay	AutoAttackTrapTriggerWithDelay::.ctor()	AutoAttackTrapTriggerWithDelay::.ctor	18	0	8	0
1620	0x06000634	AutoAttackTrapTriggerWithDelay/<ActivateWithDelay>d__3	AutoAttackTrapTriggerWithDelay.<ActivateWithDelay>d__3::.ctor(int)	AutoAttackTrapTriggerWithDelay::ActivateWithDelay	14	0	8	0
1621	0x06000635	AutoAttackTrapTriggerWithDelay/<ActivateWithDelay>d__3	AutoAttackTrapTriggerWithDelay.<ActivateWithDelay>d__3::System.IDisposable.Dispose()	AutoAttackTrapTriggerWithDelay::ActivateWithDelay	1	0	8	0
1622	0x06000636	AutoAttackTrapTriggerWithDelay/<ActivateWithDelay>d__3	AutoAttackTrapTriggerWithDelay.<ActivateWithDelay>d__3::MoveNext()	AutoAttackTrapTriggerWithDelay::ActivateWithDelay	71	2	2	0
1623	0x06000637	AutoAttackTrapTriggerWithDelay/<ActivateWithDelay>d__3	AutoAttackTrapTriggerWithDelay.<ActivateWithDelay>d__3::System.Collections.Generic.IEnumerator<System.Object>.get_Current()	AutoAttackTrapTriggerWithDelay::ActivateWithDelay	7	0	8	0
1624	0x06000638	AutoAttackTrapTriggerWithDelay/<ActivateWithDelay>d__3	AutoAttackTrapTriggerWithDelay.<ActivateWithDelay>d__3::System.Collections.IEnumerator.Reset()	AutoAttackTrapTriggerWithDelay::ActivateWithDelay	6	0	8	0
1625	0x06000639	AutoAttackTrapTriggerWithDelay/<ActivateWithDelay>d__3	AutoAttackTrapTriggerWithDelay.<ActivateWithDelay>d__3::System.Collections.IEnumerator.get_Current()	AutoAttackTrapTriggerWithDelay::ActivateWithDelay	7	0	8	0
1626	0x0600063A	SlowDownSideEffect	SlowDownSideEffect::Effect(Hp,TaggedObject,TaggedObject,Weapon,float,bool,float)	SlowDownSideEffect::Effect	44	0	8	0
1627	0x0600063B	SlowDownSideEffect	SlowDownSideEffect::SpawnEffectFx(UnityEngine.GameObject,TaggedObject)	SlowDownSideEffect::SpawnEffectFx	126	3	2	0
1628	0x0600063C	SlowDownSideEffect	SlowDownSideEffect::.ctor()	SlowDownSideEffect::.ctor	18	0	8	0
1629	0x0600063D	TrapController	TrapController::Attach(AutoAttackTrap)	TrapController::Attach	8	0	8	0
1630	0x0600063E	TrapController	TrapController::Detach()	TrapController::Detach	8	0	8	0
1631	0x0600063F	TrapController	TrapController::OnTriggerEnter(UnityEngine.Collider)	TrapController::OnTriggerEnter	82	1	2	0
1632	0x06000640	TrapController	TrapController::OnTriggerExit(UnityEngine.Collider)	TrapController::OnTriggerExit	42	1	2	0
1633	0x06000641	TrapController	TrapController::Activate(bool,bool)	TrapController::Activate	39	0	8	0
1634	0x06000642	TrapController	TrapController::PlayAttackVFX()	TrapController::PlayAttackVFX	48	0	8	0
1635	0x06000643	TrapController	TrapController::.ctor()	TrapController::.ctor	7	0	8	0
1636	0x06000644	Tunnel	Tunnel::Start()	Tunnel::Start	94	0	3	0
1637	0x06000645	Tunnel	Tunnel::Update()	Tunnel::Update	409	7	5	0
1638	0x06000646	Tunnel	Tunnel::SetCooldown(float)	Tunnel::SetCooldown	8	0	8	0
1639	0x06000647	Tunnel	Tunnel::BuildMeToo()	Tunnel::BuildMeToo	18	0	8	0
1640	0x06000648	Tunnel	Tunnel::DestroyMeToo()	Tunnel::DestroyMeToo	27	0	8	0
1641	0x06000649	Tunnel	Tunnel::IsBuilt()	Tunnel::IsBuilt	18	0	8	0
1642	0x0600064A	Tunnel	Tunnel::Initialize()	Tunnel::Initialize	51	0	8	0
1643	0x0600064B	Tunnel	Tunnel::OnBuildThis()	Tunnel::OnBuildThis	12	0	8	0
1644	0x0600064C	Tunnel	Tunnel::OnDestroyThis()	Tunnel::OnDestroyThis	12	0	8	0
1645	0x0600064D	Tunnel	Tunnel::.ctor()	Tunnel::.ctor	40	0	8	0
1646	0x0600064E	AssignVisibleAreaToPlayer	AssignVisibleAreaToPlayer::Start()	AssignVisibleAreaToPlayer::Start	108	2	3	0
1647	0x0600064F	AssignVisibleAreaToPlayer	AssignVisibleAreaToPlayer::.ctor()	AssignVisibleAreaToPlayer::.ctor	7	0	8	0
1648	0x06000650	AssignVisibleAreaToPlayer/<>c	AssignVisibleAreaToPlayer.<>c::.cctor()	AssignVisibleAreaToPlayer::.cctor	11	0	8	0
1649	0x06000651	AssignVisibleAreaToPlayer/<>c	AssignVisibleAreaToPlayer.<>c::.ctor()	AssignVisibleAreaToPlayer::.ctor	7	0	8	0
1650	0x06000652	AssignVisibleAreaToPlayer/<>c	AssignVisibleAreaToPlayer.<>c::<Start>b__1_0(TaggedObject)	AssignVisibleAreaToPlayer::Start	23	0	8	0
1651	0x06000653	AttachVisionSourceToAllBuildParents	AttachVisionSourceToAllBuildParents::Start()	AttachVisionSourceToAllBuildParents::Start	176	5	4	0
1652	0x06000654	AttachVisionSourceToAllBuildParents	AttachVisionSourceToAllBuildParents::.ctor()	AttachVisionSourceToAllBuildParents::.ctor	7	0	8	0
1653	0x06000655	RandomiseUnitMesh	RandomiseUnitMesh::Start()	RandomiseUnitMesh::Start	78	2	3	0
1654	0x06000656	RandomiseUnitMesh	RandomiseUnitMesh::.ctor()	RandomiseUnitMesh::.ctor	7	0	8	0
1655	0x06000657	EliteTowers	EliteTowers::Start()	EliteTowers::Start	65	0	3	0
1656	0x06000658	EliteTowers	EliteTowers::PutIntoEliteMode()	EliteTowers::PutIntoEliteMode	131	3	3	0
1657	0x06000659	EliteTowers	EliteTowers::GoOutOfEliteMode()	EliteTowers::GoOutOfEliteMode	131	3	3	0
1658	0x0600065A	EliteTowers	EliteTowers::OnDuskEarly()	EliteTowers::OnDuskEarly	1	0	8	0
1659	0x0600065B	EliteTowers	EliteTowers::OnDusk()	EliteTowers::OnDusk	1	0	8	0
1660	0x0600065C	EliteTowers	EliteTowers::OnDawn_AfterSunrise()	EliteTowers::OnDawn_AfterSunrise	1	0	8	0
1661	0x0600065D	EliteTowers	EliteTowers::OnDawn_BeforeSunrise()	EliteTowers::OnDawn_BeforeSunrise	7	0	8	0
1662	0x0600065E	EliteTowers	EliteTowers::.ctor()	EliteTowers::.ctor	7	0	8	0
1663	0x0600065F	EmergencyRepairs	EmergencyRepairs::Start()	EmergencyRepairs::Start	57	0	8	0
1664	0x06000660	EmergencyRepairs	EmergencyRepairs::Update()	EmergencyRepairs::Update	283	5	5	2
1665	0x06000661	EmergencyRepairs	EmergencyRepairs::.ctor()	EmergencyRepairs::.ctor	62	0	8	0
1666	0x06000662	EmpireUpgrade	EmpireUpgrade::OnEnable()	EmpireUpgrade::OnEnable	196	2	4	0
1667	0x06000663	EmpireUpgrade	EmpireUpgrade::OnDusk()	EmpireUpgrade::OnDusk	135	3	3	0
1668	0x06000664	EmpireUpgrade	EmpireUpgrade::OnDawn_AfterSunrise()	EmpireUpgrade::OnDawn_AfterSunrise	1	0	8	0
1669	0x06000665	EmpireUpgrade	EmpireUpgrade::OnDawn_BeforeSunrise()	EmpireUpgrade::OnDawn_BeforeSunrise	1	0	8	0
1670	0x06000666	EmpireUpgrade	EmpireUpgrade::OnDuskEarly()	EmpireUpgrade::OnDuskEarly	1	0	8	0
1671	0x06000667	EmpireUpgrade	EmpireUpgrade::.ctor()	EmpireUpgrade::.ctor	69	0	2	0
1672	0x06000668	EnableAllChildren	EnableAllChildren::Start()	EnableAllChildren::Start	46	1	2	0
1673	0x06000669	EnableAllChildren	EnableAllChildren::.ctor()	EnableAllChildren::.ctor	7	0	8	0
1674	0x0600066A	EnableObjects	EnableObjects::OnEnable()	EnableObjects::OnEnable	91	4	2	0
1675	0x0600066B	EnableObjects	EnableObjects::.ctor()	EnableObjects::.ctor	7	0	8	0
1676	0x0600066C	EnemySpawner	EnemySpawner::get_SpawningInProgress()	EnemySpawner::get_SpawningInProgress	7	0	8	0
1677	0x0600066D	EnemySpawner	EnemySpawner::get_WaveCount()	EnemySpawner::get_WaveCount	12	0	8	0
1678	0x0600066E	EnemySpawner	EnemySpawner::get_Wavenumber()	EnemySpawner::get_Wavenumber	7	0	8	0
1679	0x0600066F	EnemySpawner	EnemySpawner::get_MatchOver()	EnemySpawner::get_MatchOver	33	0	8	0
1680	0x06000670	EnemySpawner	EnemySpawner::get_LevelBeatenAsSoonAsWaveFinished()	EnemySpawner::get_LevelBeatenAsSoonAsWaveFinished	22	0	8	0
1681	0x06000671	EnemySpawner	EnemySpawner::TwoWavesBeforeFinalWaveComingUp(int)	EnemySpawner::TwoWavesBeforeFinalWaveComingUp	17	0	8	0
1682	0x06000672	EnemySpawner	EnemySpawner::WaveBeforeFinalWaveComingUp(int)	EnemySpawner::WaveBeforeFinalWaveComingUp	17	0	8	0
1683	0x06000673	EnemySpawner	EnemySpawner::FinalWaveComingUp(int)	EnemySpawner::FinalWaveComingUp	17	0	8	0
1684	0x06000674	EnemySpawner	EnemySpawner::get_PreFinalWaveComingUp()	EnemySpawner::get_PreFinalWaveComingUp	22	0	8	0
1685	0x06000675	EnemySpawner	EnemySpawner::get_LastSpawnPeriodDuration()	EnemySpawner::get_LastSpawnPeriodDuration	7	0	8	0
1686	0x06000676	EnemySpawner	EnemySpawner::get_LastSpawnPeriodClock()	EnemySpawner::get_LastSpawnPeriodClock	7	0	8	0
1687	0x06000677	EnemySpawner	EnemySpawner::get_InfinitelySpawning()	EnemySpawner::get_InfinitelySpawning	7	0	8	0
1688	0x06000678	EnemySpawner	EnemySpawner::set_InfinitelySpawning(bool)	EnemySpawner::set_InfinitelySpawning	8	0	8	0
1689	0x06000679	EnemySpawner	EnemySpawner::get_isInClassicMode()	EnemySpawner::get_isInClassicMode	10	0	8	0
1690	0x0600067A	EnemySpawner	EnemySpawner::get_isInEternalTrialMode()	EnemySpawner::get_isInEternalTrialMode	10	0	8	0
1691	0x0600067B	EnemySpawner	EnemySpawner::get_NumberOfEnemiesOnTheMap()	EnemySpawner::get_NumberOfEnemiesOnTheMap	7	0	8	0
1692	0x0600067C	EnemySpawner	EnemySpawner::Refresh()	EnemySpawner::Refresh	13	0	8	0
1693	0x0600067D	EnemySpawner	EnemySpawner::GetValidSpawnPointForEnemy(bool,bool,UnityEngine.Vector3)	EnemySpawner::GetValidSpawnPointForEnemy	59	1	3	0
1694	0x0600067E	EnemySpawner	EnemySpawner::OnDuskEarly()	EnemySpawner::OnDuskEarly	1	0	8	0
1695	0x0600067F	EnemySpawner	EnemySpawner::DebugSkipWave()	EnemySpawner::DebugSkipWave	57	0	8	0
1696	0x06000680	EnemySpawner	EnemySpawner::EnemySpawnersHornFocussed()	EnemySpawner::EnemySpawnersHornFocussed	263	4	2	0
1697	0x06000681	EnemySpawner	EnemySpawner::EnemySpawnersHornUnFocussed()	EnemySpawner::EnemySpawnersHornUnFocussed	263	4	2	0
1698	0x06000682	EnemySpawner	EnemySpawner::OnBeforeMainLoadPass(string)	EnemySpawner::OnBeforeMainLoadPass	1	0	8	0
1699	0x06000683	EnemySpawner	EnemySpawner::OnAfterMainLoadPass(string)	EnemySpawner::OnAfterMainLoadPass	1	0	8	0
1700	0x06000684	EnemySpawner	EnemySpawner::OnLoad(string)	EnemySpawner::OnLoad	38	0	8	0
1701	0x06000685	EnemySpawner	EnemySpawner::OnSave(string)	EnemySpawner::OnSave	35	0	8	0
1702	0x06000686	EnemySpawner	EnemySpawner::Awake()	EnemySpawner::Awake	7	0	8	0
1703	0x06000687	EnemySpawner	EnemySpawner::Start()	EnemySpawner::Start	1447	17	8	6
1704	0x06000688	EnemySpawner	EnemySpawner::get_TimeSinceSpawningEnded()	EnemySpawner::get_TimeSinceSpawningEnded	7	0	8	0
1705	0x06000689	EnemySpawner	EnemySpawner::Update()	EnemySpawner::Update	288	1	3	1
1706	0x0600068A	EnemySpawner	EnemySpawner::OnStartOfTheDay()	EnemySpawner::OnStartOfTheDay	119	3	3	0
1707	0x0600068B	EnemySpawner	EnemySpawner::PlaceMarkersForNextWave()	EnemySpawner::PlaceMarkersForNextWave	631	13	4	2
1708	0x0600068C	EnemySpawner	EnemySpawner::GetTreasureHunterBonus(int,ref int)	EnemySpawner::GetTreasureHunterBonus	74	0	2	0
1709	0x0600068D	EnemySpawner	EnemySpawner::OnStartOfTheNight()	EnemySpawner::OnStartOfTheNight	37	0	8	0
1710	0x0600068E	EnemySpawner	EnemySpawner::DestroyMarkers()	EnemySpawner::DestroyMarkers	115	2	2	0
1711	0x0600068F	EnemySpawner	EnemySpawner::StartSpawning()	EnemySpawner::StartSpawning	242	4	5	2
1712	0x06000690	EnemySpawner	EnemySpawner::StopSpawnAfterWaveAndReset()	EnemySpawner::StopSpawnAfterWaveAndReset	17	0	8	0
1713	0x06000691	EnemySpawner	EnemySpawner::OnDusk()	EnemySpawner::OnDusk	7	0	8	0
1714	0x06000692	EnemySpawner	EnemySpawner::OnDawn_AfterSunrise()	EnemySpawner::OnDawn_AfterSunrise	7	0	8	0
1715	0x06000693	EnemySpawner	EnemySpawner::OnDawn_BeforeSunrise()	EnemySpawner::OnDawn_BeforeSunrise	1	0	8	0
1716	0x06000694	EnemySpawner	EnemySpawner::GetWaveInfoForNextWave()	EnemySpawner::GetWaveInfoForNextWave	76	0	3	0
1717	0x06000695	EnemySpawner	EnemySpawner::GetWaveInfoByNumber(int)	EnemySpawner::GetWaveInfoByNumber	31	0	8	0
1718	0x06000696	EnemySpawner	EnemySpawner::GetNextWave()	EnemySpawner::GetNextWave	130	0	4	0
1719	0x06000697	EnemySpawner	EnemySpawner::GetWaveInfo(int)	EnemySpawner::GetWaveInfo	895	21	3	3
1720	0x06000698	EnemySpawner	EnemySpawner::.ctor()	EnemySpawner::.ctor	113	0	2	0
1721	0x06000699	Wave	Wave::.ctor()	Wave::.ctor	29	0	8	0
1722	0x0600069A	Wave	Wave::.ctor(System.Collections.Generic.List<Spawn>)	Wave::.ctor	36	0	8	0
1723	0x0600069B	Wave	Wave::.ctor(Spawn)	Wave::.ctor	52	0	8	0
1724	0x0600069C	Wave	Wave::Reset(bool)	Wave::Reset	41	1	2	0
1725	0x0600069D	Wave	Wave::Update()	Wave::Update	46	1	2	0
1726	0x0600069E	Wave	Wave::HasFinished()	Wave::HasFinished	65	2	2	0
1727	0x0600069F	Wave	Wave::ReduceMaxDelayTillNextSpawn()	Wave::ReduceMaxDelayTillNextSpawn	170	6	3	2
1728	0x060006A0	Wave	Wave::AddInfoToExisting(ref WaveInfo)	Wave::AddInfoToExisting	362	9	3	2
1729	0x060006A1	Wave	Wave::GetWaveInfo()	Wave::GetWaveInfo	369	10	3	2
1730	0x060006A2	Spawn	Spawn::get_SpawnedUnits()	Spawn::get_SpawnedUnits	7	0	8	0
1731	0x060006A3	Spawn	Spawn::get_Finished()	Spawn::get_Finished	7	0	8	0
1732	0x060006A4	Spawn	Spawn::.ctor()	Spawn::.ctor	7	0	8	0
1733	0x060006A5	Spawn	Spawn::.ctor(UnityEngine.GameObject,UnityEngine.Transform,int,float,int,float,bool)	Spawn::.ctor	60	0	8	0
1734	0x060006A6	Spawn	Spawn::Reset(bool)	Spawn::Reset	391	3	6	0
1735	0x060006A7	Spawn	Spawn::Update(float)	Spawn::Update	1514	25	7	1
1736	0x060006A8	Spawn	Spawn::GetRandomPointOnSpawnLine(bool,Pathfinding.NNConstraint)	Spawn::GetRandomPointOnSpawnLine	258	7	4	0
1737	0x060006A9	Spawn	Spawn::GetTotalSpawnLineLength()	Spawn::GetTotalSpawnLineLength	84	3	5	0
1738	0x060006AA	Spawn	Spawn::AdjustEnemyParametersAfterSpawn(UnityEngine.GameObject,bool)	Spawn::AdjustEnemyParametersAfterSpawn	920	24	5	1
1739	0x060006AB	WaveInfo	WaveInfo::ToDebugString()	WaveInfo::ToDebugString	146	3	4	1
1740	0x060006AC	WaveInfo	WaveInfo::DistributeEvenly(int,int)	WaveInfo::DistributeEvenly	42	4	5	0
1741	0x060006AD	WaveInfo	WaveInfo::.ctor()	WaveInfo::.ctor	29	0	8	0
1742	0x060006AE	WaveEnemyInfo	WaveEnemyInfo::.ctor()	WaveEnemyInfo::.ctor	7	0	8	0
1743	0x060006AF	EnergyCore	EnergyCore::Start()	EnergyCore::Start	233	1	5	0
1744	0x060006B0	EnergyCore	EnergyCore::Update()	EnergyCore::Update	543	1	7	0
1745	0x060006B1	EnergyCore	EnergyCore::OnDestroy()	EnergyCore::OnDestroy	67	0	2	0
1746	0x060006B2	EnergyCore	EnergyCore::.ctor()	EnergyCore::.ctor	7	0	8	0
1747	0x060006B3	EnergyCoreSpawner	EnergyCoreSpawner::get_EnergyCoresLeft()	EnergyCoreSpawner::get_EnergyCoresLeft	7	0	8	0
1748	0x060006B4	EnergyCoreSpawner	EnergyCoreSpawner::OnEnable()	EnergyCoreSpawner::OnEnable	12	0	8	0
1749	0x060006B5	EnergyCoreSpawner	EnergyCoreSpawner::OnDisable()	EnergyCoreSpawner::OnDisable	13	0	8	0
1750	0x060006B6	EnergyCoreSpawner	EnergyCoreSpawner::get_AllAllEnergyCoresLeftToBeSpawned()	EnergyCoreSpawner::get_AllAllEnergyCoresLeftToBeSpawned	78	2	3	0
1751	0x060006B7	EnergyCoreSpawner	EnergyCoreSpawner::TriggerEnergyCoreSpawn(int,PlayerInteraction)	EnergyCoreSpawner::TriggerEnergyCoreSpawn	48	0	8	0
1752	0x060006B8	EnergyCoreSpawner	EnergyCoreSpawner::SpawnEnergyCores(int,float,PlayerInteraction)	EnergyCoreSpawner::SpawnEnergyCores	35	0	8	0
1753	0x060006B9	EnergyCoreSpawner	EnergyCoreSpawner::.ctor()	EnergyCoreSpawner::.ctor	18	0	8	0
1754	0x060006BA	EnergyCoreSpawner	EnergyCoreSpawner::.cctor()	EnergyCoreSpawner::.cctor	11	0	8	0
1755	0x060006BB	EnergyCoreSpawner/<SpawnEnergyCores>d__11	EnergyCoreSpawner.<SpawnEnergyCores>d__11::.ctor(int)	EnergyCoreSpawner::SpawnEnergyCores	14	0	8	0
1756	0x060006BC	EnergyCoreSpawner/<SpawnEnergyCores>d__11	EnergyCoreSpawner.<SpawnEnergyCores>d__11::System.IDisposable.Dispose()	EnergyCoreSpawner::SpawnEnergyCores	1	0	8	0
1757	0x060006BD	EnergyCoreSpawner/<SpawnEnergyCores>d__11	EnergyCoreSpawner.<SpawnEnergyCores>d__11::MoveNext()	EnergyCoreSpawner::SpawnEnergyCores	216	3	3	0
1758	0x060006BE	EnergyCoreSpawner/<SpawnEnergyCores>d__11	EnergyCoreSpawner.<SpawnEnergyCores>d__11::System.Collections.Generic.IEnumerator<System.Object>.get_Current()	EnergyCoreSpawner::SpawnEnergyCores	7	0	8	0
1759	0x060006BF	EnergyCoreSpawner/<SpawnEnergyCores>d__11	EnergyCoreSpawner.<SpawnEnergyCores>d__11::System.Collections.IEnumerator.Reset()	EnergyCoreSpawner::SpawnEnergyCores	6	0	8	0
1760	0x060006C0	EnergyCoreSpawner/<SpawnEnergyCores>d__11	EnergyCoreSpawner.<SpawnEnergyCores>d__11::System.Collections.IEnumerator.get_Current()	EnergyCoreSpawner::SpawnEnergyCores	7	0	8	0
1761	0x060006C1	EconomySimulator	EconomySimulator::get_VirtualBuildings()	EconomySimulator::get_VirtualBuildings	6	0	8	0
1762	0x060006C2	EconomySimulator	EconomySimulator::SimulateEconomy(ref System.Collections.Generic.List<int>,ref System.Collections.Generic.List<int>,ref System.Collections.Generic.List<int>,ref System.Collections.Generic.List<int>,ref System.Collections.Generic.List<int>,ref System.Collections.Generic.List<string>,ref System.Collections.Generic.List<int>,System.Collections.Generic.List<VirtualBuilding>,int,float,int,int,int)	EconomySimulator::SimulateEconomy	616	15	14	4
1763	0x060006C3	EconomySimulator	EconomySimulator::FindBestBuilding(int,System.Collections.Generic.List<VirtualBuilding>,bool)	EconomySimulator::FindBestBuilding	97	4	3	1
1764	0x060006C4	EconomySimulator	EconomySimulator::SimulateSpending(ref int,ref int,System.Collections.Generic.List<VirtualBuilding>,bool)	EconomySimulator::SimulateSpending	129	3	4	0
1765	0x060006C5	EconomySimulator	EconomySimulator::AllBuildingsBuilt(System.Collections.Generic.List<VirtualBuilding>)	EconomySimulator::AllBuildingsBuilt	56	2	1	1
1766	0x060006C6	EconomySimulator	EconomySimulator::.ctor()	EconomySimulator::.ctor	7	0	8	0
1767	0x060006C7	EconomySimulator	EconomySimulator::.cctor()	EconomySimulator::.cctor	11	0	8	0
1768	0x060006C8	VirtualBuilding	VirtualBuilding::get_RepresentingBuildSlot()	VirtualBuilding::get_RepresentingBuildSlot	7	0	8	0
1769	0x060006C9	VirtualBuilding	VirtualBuilding::set_RepresentingBuildSlot(BuildSlot)	VirtualBuilding::set_RepresentingBuildSlot	8	0	8	0
1770	0x060006CA	VirtualBuilding	VirtualBuilding::Reset()	VirtualBuilding::Reset	49	0	8	0
1771	0x060006CB	VirtualBuilding	VirtualBuilding::IsBuildable(int,System.Collections.Generic.List<VirtualBuilding>)	VirtualBuilding::IsBuildable	136	4	4	2
1772	0x060006CC	VirtualBuilding	VirtualBuilding::.ctor()	VirtualBuilding::.ctor	101	0	3	0
1773	0x060006CD	VirtualBuilding	VirtualBuilding::MillLowerIncome()	VirtualBuilding::MillLowerIncome	21	0	8	0
1774	0x060006CE	VirtualBuilding	VirtualBuilding::SetIncomToZero()	VirtualBuilding::SetIncomToZero	8	0	8	0
1775	0x060006CF	VirtualBuilding	VirtualBuilding::ShrineActivate()	VirtualBuilding::ShrineActivate	21	0	8	0
1776	0x060006D0	VirtualBuilding	VirtualBuilding::HarborIncreaseIncomeLvl1()	VirtualBuilding::HarborIncreaseIncomeLvl1	160	2	4	1
1777	0x060006D1	EnemySpawnLine	EnemySpawnLine::get_DifficultyBudgetMultiplyer()	EnemySpawnLine::get_DifficultyBudgetMultiplyer	35	1	2	0
1778	0x060006D2	EnemySpawnLine	EnemySpawnLine::get_SpawnLine()	EnemySpawnLine::get_SpawnLine	7	0	8	0
1779	0x060006D3	EnemySpawnLine	EnemySpawnLine::.ctor()	EnemySpawnLine::.ctor	29	0	8	0
1780	0x060006D4	EternalTrialEnemySet	EternalTrialEnemySet::ListAllFlying()	EternalTrialEnemySet::ListAllFlying	70	3	2	1
1781	0x060006D5	EternalTrialEnemySet	EternalTrialEnemySet::ListAllGroundSmall()	EternalTrialEnemySet::ListAllGroundSmall	70	3	2	1
1782	0x060006D6	EternalTrialEnemySet	EternalTrialEnemySet::ListAllGroundBig()	EternalTrialEnemySet::ListAllGroundBig	70	3	2	1
1783	0x060006D7	EternalTrialEnemySet	EternalTrialEnemySet::.ctor()	EternalTrialEnemySet::.ctor	7	0	8	0
1784	0x060006D8	EternalTrialEnemy	EternalTrialEnemy::get_DifficultyValueTemp()	EternalTrialEnemy::get_DifficultyValueTemp	7	0	8	0
1785	0x060006D9	EternalTrialEnemy	EternalTrialEnemy::set_DifficultyValueTemp(float)	EternalTrialEnemy::set_DifficultyValueTemp	8	0	8	0
1786	0x060006DA	EternalTrialEnemy	EternalTrialEnemy::get_TempSpawnLineList()	EternalTrialEnemy::get_TempSpawnLineList	7	0	8	0
1787	0x060006DB	EternalTrialEnemy	EternalTrialEnemy::get_TempSpawnLineSpawnDuration()	EternalTrialEnemy::get_TempSpawnLineSpawnDuration	7	0	8	0
1788	0x060006DC	EternalTrialEnemy	EternalTrialEnemy::get_TempSpawnLineTargetDifficulty()	EternalTrialEnemy::get_TempSpawnLineTargetDifficulty	7	0	8	0
1789	0x060006DD	EternalTrialEnemy	EternalTrialEnemy::get_TempSpawnLineActualDifficulty()	EternalTrialEnemy::get_TempSpawnLineActualDifficulty	7	0	8	0
1790	0x060006DE	EternalTrialEnemy	EternalTrialEnemy::get_TempTargetDifficulty()	EternalTrialEnemy::get_TempTargetDifficulty	7	0	8	0
1791	0x060006DF	EternalTrialEnemy	EternalTrialEnemy::set_TempTargetDifficulty(float)	EternalTrialEnemy::set_TempTargetDifficulty	8	0	8	0
1792	0x060006E0	EternalTrialEnemy	EternalTrialEnemy::get_TempActualDifficulty()	EternalTrialEnemy::get_TempActualDifficulty	7	0	8	0
1793	0x060006E1	EternalTrialEnemy	EternalTrialEnemy::set_TempActualDifficulty(float)	EternalTrialEnemy::set_TempActualDifficulty	8	0	8	0
1794	0x060006E2	EternalTrialEnemy	EternalTrialEnemy::get_TempSpawnAmount()	EternalTrialEnemy::get_TempSpawnAmount	7	0	8	0
1795	0x060006E3	EternalTrialEnemy	EternalTrialEnemy::get_TempDropGold()	EternalTrialEnemy::get_TempDropGold	7	0	8	0
1796	0x060006E4	EternalTrialEnemy	EternalTrialEnemy::get_desiredGroupSize()	EternalTrialEnemy::get_desiredGroupSize	2	0	8	0
1797	0x060006E5	EternalTrialEnemy	EternalTrialEnemy::get_flying()	EternalTrialEnemy::get_flying	23	0	8	0
1798	0x060006E6	EternalTrialEnemy	EternalTrialEnemy::get_smallGround()	EternalTrialEnemy::get_smallGround	49	0	8	0
1799	0x060006E7	EternalTrialEnemy	EternalTrialEnemy::get_bigGround()	EternalTrialEnemy::get_bigGround	23	0	8	0
1800	0x060006E8	EternalTrialEnemy	EternalTrialEnemy::.ctor()	EternalTrialEnemy::.ctor	95	0	2	0
1801	0x060006E9	EternalTrialsRunManager	EternalTrialsRunManager::get_SavePath()	EternalTrialsRunManager::get_SavePath	6	0	8	0
1802	0x060006EA	EternalTrialsRunManager	EternalTrialsRunManager::get_CurrentRun()	EternalTrialsRunManager::get_CurrentRun	35	0	8	0
1803	0x060006EB	EternalTrialsRunManager	EternalTrialsRunManager::get_LastDiscardedRun()	EternalTrialsRunManager::get_LastDiscardedRun	6	0	8	0
1804	0x060006EC	EternalTrialsRunManager	EternalTrialsRunManager::get_HasOngoingRun()	EternalTrialsRunManager::get_HasOngoingRun	41	0	8	0
1805	0x060006ED	EternalTrialsRunManager	EternalTrialsRunManager::SaveRun(EternalTrialsRun)	EternalTrialsRunManager::SaveRun	59	1	3	1
1806	0x060006EE	EternalTrialsRunManager	EternalTrialsRunManager::TryLoadRun()	EternalTrialsRunManager::TryLoadRun	125	1	3	1
1807	0x060006EF	EternalTrialsRunManager	EternalTrialsRunManager::GenerateNewFreshRunSeed()	EternalTrialsRunManager::GenerateNewFreshRunSeed	41	0	8	0
1808	0x060006F0	EternalTrialsRunManager	EternalTrialsRunManager::DiscardActiveRun()	EternalTrialsRunManager::DiscardActiveRun	19	0	8	0
1809	0x060006F1	EternalTrialsRunManager	EternalTrialsRunManager::TurnLastDiscardedRunIntoCurrentRun()	EternalTrialsRunManager::TurnLastDiscardedRunIntoCurrentRun	45	0	8	0
1810	0x060006F2	EternalTrialsRunManager	EternalTrialsRunManager::OnVictory()	EternalTrialsRunManager::OnVictory	211	3	4	0
1811	0x060006F3	EternalTrialsRunManager	EternalTrialsRunManager::OnDefeat()	EternalTrialsRunManager::OnDefeat	49	0	8	0
1812	0x060006F4	EternalTrialsRunManager	EternalTrialsRunManager::LoadNextMap(EternalTrialsRun)	EternalTrialsRunManager::LoadNextMap	185	3	2	1
1813	0x060006F5	EternalTrialsRunManager	EternalTrialsRunManager::CreateFreshRun()	EternalTrialsRunManager::CreateFreshRun	25	0	8	0
1814	0x060006F6	EternalTrialsRunManager	EternalTrialsRunManager::GetMapChoices()	EternalTrialsRunManager::GetMapChoices	115	4	7	0
1815	0x060006F7	EternalTrialsRunManager	EternalTrialsRunManager::ConfirmChoice(MapChoice)	EternalTrialsRunManager::ConfirmChoice	103	0	3	0
1816	0x060006F8	EternalTrialsRunManager	EternalTrialsRunManager::AddScore(int)	EternalTrialsRunManager::AddScore	29	0	8	0
1817	0x060006F9	EternalTrialsRunManager	EternalTrialsRunManager::.ctor()	EternalTrialsRunManager::.ctor	7	0	8	0
1818	0x060006FA	EternalTrialsRunManager	EternalTrialsRunManager::.cctor()	EternalTrialsRunManager::.cctor	91	0	4	0
1819	0x060006FB	EternalTrialsRun	EternalTrialsRun::get_StageBonusScore()	EternalTrialsRun::get_StageBonusScore	20	0	8	0
1820	0x060006FC	EternalTrialsRun	EternalTrialsRun::get_OverallScore()	EternalTrialsRun::get_OverallScore	14	0	8	0
1821	0x060006FD	EternalTrialsRun	EternalTrialsRun::.ctor(string,int,int,bool)	EternalTrialsRun::.ctor	102	0	2	0
1822	0x060006FE	EternalTrialsRun	EternalTrialsRun::LoadoutToStringsForSaving()	EternalTrialsRun::LoadoutToStringsForSaving	193	3	2	2
1823	0x060006FF	EternalTrialsRun	EternalTrialsRun::SavedStringsToLoadout()	EternalTrialsRun::SavedStringsToLoadout	455	12	2	6
1824	0x06000700	MapChoice	MapChoice::GenerateNewMapChoice(int,string,System.Random,int)	MapChoice::GenerateNewMapChoice	421	12	8	2
1825	0x06000701	MapChoice	MapChoice::.ctor()	MapChoice::.ctor	40	0	8	0
1826	0x06000702	RandomizeExtensionsForLists	RandomizeExtensionsForLists::ETShuffle(System.Collections.Generic.IList<!!0>,System.Random)	RandomizeExtensionsForLists::ETShuffle	58	3	4	0
1827	0x06000703	EternalWaveGenerator	EternalWaveGenerator::GenerateWaves(EnemySpawnLine[],LevelInfo,int,ref int,int,int)	EternalWaveGenerator::GenerateWaves	11	0	8	0
1828	0x06000704	EternalWaveGenerator	EternalWaveGenerator::ReturnDebugInfoAboutWave(int)	EternalWaveGenerator::ReturnDebugInfoAboutWave	6	0	8	0
1829	0x06000705	EternalWaveGenerator	EternalWaveGenerator::.ctor()	EternalWaveGenerator::.ctor	7	0	8	0
1830	0x06000706	EndlessModeWaveGen	EndlessModeWaveGen::GenerateWaves(EnemySpawnLine[],LevelInfo,int,ref int,int,int)	EndlessModeWaveGen::GenerateWaves	2920	83	6	4
1831	0x06000707	EndlessModeWaveGen	EndlessModeWaveGen::.ctor()	EndlessModeWaveGen::.ctor	48	0	8	0
1832	0x06000708	EndlessModeWaveGen/<>c__DisplayClass7_0	EndlessModeWaveGen.<>c__DisplayClass7_0::.ctor()	EndlessModeWaveGen::.ctor	7	0	8	0
1833	0x06000709	EndlessModeWaveGen/<>c__DisplayClass7_0	EndlessModeWaveGen.<>c__DisplayClass7_0::<GenerateWaves>b__0(int,int)	EndlessModeWaveGen::GenerateWaves	43	1	3	0
1834	0x0600070A	PaulsWaveGenerator	PaulsWaveGenerator::OnValidate()	PaulsWaveGenerator::OnValidate	7	0	8	0
1835	0x0600070B	PaulsWaveGenerator	PaulsWaveGenerator::RecalculateWaveParameters()	PaulsWaveGenerator::RecalculateWaveParameters	19	0	8	0
1836	0x0600070C	PaulsWaveGenerator	PaulsWaveGenerator::RecalculateStrengthPerWave()	PaulsWaveGenerator::RecalculateStrengthPerWave	92	1	8	0
1837	0x0600070D	PaulsWaveGenerator	PaulsWaveGenerator::RecalculateGoldPerWave()	PaulsWaveGenerator::RecalculateGoldPerWave	99	1	8	0
1838	0x0600070E	PaulsWaveGenerator	PaulsWaveGenerator::RecalculateEnemyTypeLimitPerWave()	PaulsWaveGenerator::RecalculateEnemyTypeLimitPerWave	99	1	8	0
1839	0x0600070F	PaulsWaveGenerator	PaulsWaveGenerator::GenerateWaves(EnemySpawnLine[],LevelInfo,int,ref int,int,int)	PaulsWaveGenerator::GenerateWaves	940	28	4	4
1840	0x06000710	PaulsWaveGenerator	PaulsWaveGenerator::TryAddEnemyToGroup(EternalTrialEnemy,ref System.Collections.Generic.Dictionary<EternalTrialEnemy, int>,ref System.Collections.Generic.List<PaulsWaveGenerator.EnemySpawnGroup>)	PaulsWaveGenerator::TryAddEnemyToGroup	90	2	4	0
1841	0x06000711	PaulsWaveGenerator	PaulsWaveGenerator::.ctor()	PaulsWaveGenerator::.ctor	254	0	5	0
1842	0x06000712	PaulsWaveGenerator/EnemySpawnGroup	PaulsWaveGenerator.EnemySpawnGroup::.ctor(EternalTrialEnemy,int)	PaulsWaveGenerator/EnemySpawnGroup::.ctor	21	0	8	0
1843	0x06000713	SeasonTwoWaveGen	SeasonTwoWaveGen::GenerateWaves(EnemySpawnLine[],LevelInfo,int,ref int,int,int)	SeasonTwoWaveGen::GenerateWaves	3701	95	13	6
1844	0x06000714	SeasonTwoWaveGen	SeasonTwoWaveGen::.ctor()	SeasonTwoWaveGen::.ctor	95	0	2	0
1845	0x06000715	WaveDraft	WaveDraft::.ctor()	WaveDraft::.ctor	84	0	2	0
1846	0x06000716	SuperWaveGen	SuperWaveGen::RandomizeAllMetaParameters(int)	SuperWaveGen::RandomizeAllMetaParameters	272	0	2	0
1847	0x06000717	SuperWaveGen	SuperWaveGen::ReturnDebugInfoAboutWave(int)	SuperWaveGen::ReturnDebugInfoAboutWave	91	3	3	1
1848	0x06000718	SuperWaveGen	SuperWaveGen::GenerateWaves(EnemySpawnLine[],LevelInfo,int,ref int,int,int)	SuperWaveGen::GenerateWaves	783	14	13	1
1849	0x06000719	SuperWaveGen	SuperWaveGen::GenerateWave(int,System.Collections.Generic.List<Wave>,int,ref bool,bool,System.Random)	SuperWaveGen::GenerateWave	6859	125	9	33
1850	0x0600071A	SuperWaveGen	SuperWaveGen::FirstPossibleEnemyForWave(int,int,ref int)	SuperWaveGen::FirstPossibleEnemyForWave	101	1	3	0
1851	0x0600071B	SuperWaveGen	SuperWaveGen::FirstPossibleSpawnFor(EternalTrialEnemy,int,ref int)	SuperWaveGen::FirstPossibleSpawnFor	158	4	3	0
1852	0x0600071C	SuperWaveGen	SuperWaveGen::IsPossibleSpawnLineFor(EternalTrialEnemy,EnemySpawnLine)	SuperWaveGen::IsPossibleSpawnLineFor	52	0	8	0
1853	0x0600071D	SuperWaveGen	SuperWaveGen::AdjustSpawnDifficulty(EternalTrialEnemy,float,float)	SuperWaveGen::AdjustSpawnDifficulty	76	2	3	0
1854	0x0600071E	SuperWaveGen	SuperWaveGen::AdjustGoldAllocation(EternalTrialEnemy,System.Collections.Generic.List<EternalTrialEnemy>)	SuperWaveGen::AdjustGoldAllocation	430	10	4	1
1855	0x0600071F	SuperWaveGen	SuperWaveGen::CalculateActualDifficulty(EternalTrialEnemy)	SuperWaveGen::CalculateActualDifficulty	53	2	3	0
1856	0x06000720	SuperWaveGen	SuperWaveGen::CalculateTotalGoldDropped(EternalTrialEnemy)	SuperWaveGen::CalculateTotalGoldDropped	41	2	3	0
1857	0x06000721	SuperWaveGen	SuperWaveGen::RemoveRandomInstances(ref System.Collections.Generic.List<!!0>,System.Random)	SuperWaveGen::RemoveRandomInstances	61	3	3	0
1858	0x06000722	SuperWaveGen	SuperWaveGen::RemoveInvalidEnemiesFromShuffeledEnemeisAndShuffle(ref System.Collections.Generic.List<EternalTrialEnemy>,System.Random)	SuperWaveGen::RemoveInvalidEnemiesFromShuffeledEnemeisAndShuffle	1387	15	3	2
1859	0x06000723	SuperWaveGen	SuperWaveGen::CalculateSpawnParameters(int,float,ref float,ref float,ref float)	SuperWaveGen::CalculateSpawnParameters	54	0	8	0
1860	0x06000724	SuperWaveGen	SuperWaveGen::DistributeEvenly(int,int)	SuperWaveGen::DistributeEvenly	42	4	5	0
1861	0x06000725	SuperWaveGen	SuperWaveGen::SplitSpawns(System.Collections.Generic.List<Spawn>,Spawn,int,float,ref float,float,float)	SuperWaveGen::SplitSpawns	317	9	7	0
1862	0x06000726	SuperWaveGen	SuperWaveGen::GetRandomEnumValue()	SuperWaveGen::GetRandomEnumValue	40	1	3	0
1863	0x06000727	SuperWaveGen	SuperWaveGen::GetRandomEnumValueWithDistribution()	SuperWaveGen::GetRandomEnumValueWithDistribution	174	9	3	1
1864	0x06000728	SuperWaveGen	SuperWaveGen::.ctor()	SuperWaveGen::.ctor	106	0	2	0
1865	0x06000729	SuperWaveGen/<>c	SuperWaveGen.<>c::.cctor()	SuperWaveGen::.cctor	11	0	8	0
1866	0x0600072A	SuperWaveGen/<>c	SuperWaveGen.<>c::.ctor()	SuperWaveGen::.ctor	7	0	8	0
1867	0x0600072B	SuperWaveGen/<>c	SuperWaveGen.<>c::<GenerateWave>b__45_0(EternalTrialEnemy)	SuperWaveGen::GenerateWave	7	0	8	0
1868	0x0600072C	SuperWaveGen/<>c	SuperWaveGen.<>c::<GenerateWave>b__45_1(Spawn)	SuperWaveGen::GenerateWave	22	0	8	0
1869	0x0600072D	SuperWaveGen/<>c	SuperWaveGen.<>c::<AdjustGoldAllocation>b__50_0(int)	SuperWaveGen::AdjustGoldAllocation	5	0	8	0
1870	0x0600072E	SuperWaveGen/<>c	SuperWaveGen.<>c::<AdjustGoldAllocation>b__50_1(int)	SuperWaveGen::AdjustGoldAllocation	5	0	8	0
1871	0x0600072F	WaveGenUtility	WaveGenUtility::GetRandomElements(System.Collections.Generic.List<!!0>,int,System.Random)	WaveGenUtility::GetRandomElements	43	1	3	0
1872	0x06000730	WaveGenUtility	WaveGenUtility::DistributeEnemies(int,int)	WaveGenUtility::DistributeEnemies	189	10	4	0
1873	0x06000731	WaveGenUtility	WaveGenUtility::.ctor()	WaveGenUtility::.ctor	7	0	8	0
1874	0x06000732	WaveGenUtility/<>c	WaveGenUtility.<>c::.cctor()	WaveGenUtility::.cctor	11	0	8	0
1875	0x06000733	WaveGenUtility/<>c	WaveGenUtility.<>c::.ctor()	WaveGenUtility::.ctor	7	0	8	0
1876	0x06000734	WaveGenUtility/<>c	WaveGenUtility.<>c::<DistributeEnemies>b__1_0(float,float)	WaveGenUtility::DistributeEnemies	9	0	8	0
1877	0x06000735	WaveGenUtility/<>c__DisplayClass0_0`1	WaveGenUtility.<>c__DisplayClass0_0::.ctor()	WaveGenUtility::.ctor	7	0	8	0
1878	0x06000736	WaveGenUtility/<>c__DisplayClass0_0`1	WaveGenUtility.<>c__DisplayClass0_0::<GetRandomElements>b__0(!0)	WaveGenUtility::GetRandomElements	12	0	8	0
1879	0x06000737	EternalTrialsOnlyBuilding	EternalTrialsOnlyBuilding::get_IsGoingToBeDestroyed()	EternalTrialsOnlyBuilding::get_IsGoingToBeDestroyed	12	0	8	0
1880	0x06000738	EternalTrialsOnlyBuilding	EternalTrialsOnlyBuilding::Start()	EternalTrialsOnlyBuilding::Start	20	0	8	0
1881	0x06000739	EternalTrialsOnlyBuilding	EternalTrialsOnlyBuilding::.ctor()	EternalTrialsOnlyBuilding::.ctor	7	0	8	0
1882	0x0600073A	FakeChildTo	FakeChildTo::Start()	FakeChildTo::Start	53	0	8	0
1883	0x0600073B	FakeChildTo	FakeChildTo::Update()	FakeChildTo::Update	85	0	3	0
1884	0x0600073C	FakeChildTo	FakeChildTo::.ctor()	FakeChildTo::.ctor	21	0	8	0
1885	0x0600073D	FinalBossDragon	FinalBossDragon::Start()	FinalBossDragon::Start	80	0	3	0
1886	0x0600073E	FinalBossDragon	FinalBossDragon::Update()	FinalBossDragon::Update	138	3	4	0
1887	0x0600073F	FinalBossDragon	FinalBossDragon::EnablePuke()	FinalBossDragon::EnablePuke	33	1	2	0
1888	0x06000740	FinalBossDragon	FinalBossDragon::DisablePuke()	FinalBossDragon::DisablePuke	33	1	2	0
1889	0x06000741	FinalBossDragon	FinalBossDragon::OnLoseHealthSegment(int,bool)	FinalBossDragon::OnLoseHealthSegment	181	0	4	0
1890	0x06000742	FinalBossDragon	FinalBossDragon::SpawnWave(Wave)	FinalBossDragon::SpawnWave	14	0	8	0
1891	0x06000743	FinalBossDragon	FinalBossDragon::SpawnSecondBossStage()	FinalBossDragon::SpawnSecondBossStage	232	1	4	0
1892	0x06000744	FinalBossDragon	FinalBossDragon::.ctor()	FinalBossDragon::.ctor	18	0	8	0
1893	0x06000745	FinalBossDragon/<SpawnWave>d__21	FinalBossDragon.<SpawnWave>d__21::.ctor(int)	FinalBossDragon::SpawnWave	14	0	8	0
1894	0x06000746	FinalBossDragon/<SpawnWave>d__21	FinalBossDragon.<SpawnWave>d__21::System.IDisposable.Dispose()	FinalBossDragon::SpawnWave	1	0	8	0
1895	0x06000747	FinalBossDragon/<SpawnWave>d__21	FinalBossDragon.<SpawnWave>d__21::MoveNext()	FinalBossDragon::SpawnWave	86	1	2	0
1896	0x06000748	FinalBossDragon/<SpawnWave>d__21	FinalBossDragon.<SpawnWave>d__21::System.Collections.Generic.IEnumerator<System.Object>.get_Current()	FinalBossDragon::SpawnWave	7	0	8	0
1897	0x06000749	FinalBossDragon/<SpawnWave>d__21	FinalBossDragon.<SpawnWave>d__21::System.Collections.IEnumerator.Reset()	FinalBossDragon::SpawnWave	6	0	8	0
1898	0x0600074A	FinalBossDragon/<SpawnWave>d__21	FinalBossDragon.<SpawnWave>d__21::System.Collections.IEnumerator.get_Current()	FinalBossDragon::SpawnWave	7	0	8	0
1899	0x0600074B	FinalBossSpellThrower	FinalBossSpellThrower::OnAttack(TaggedObject)	FinalBossSpellThrower::OnAttack	143	1	7	0
1900	0x0600074C	FinalBossSpellThrower	FinalBossSpellThrower::.ctor()	FinalBossSpellThrower::.ctor	7	0	8	0
1901	0x0600074D	FireArcherBurn	FireArcherBurn::Start()	FireArcherBurn::Start	80	1	3	0
1902	0x0600074E	FireArcherBurn	FireArcherBurn::Update()	FireArcherBurn::Update	165	1	3	0
1903	0x0600074F	FireArcherBurn	FireArcherBurn::DamageTick()	FireArcherBurn::DamageTick	162	2	5	0
1904	0x06000750	FireArcherBurn	FireArcherBurn::.ctor()	FireArcherBurn::.ctor	69	0	2	0
1905	0x06000751	FishingHarbour	FishingHarbour::Start()	FishingHarbour::Start	213	2	3	1
1906	0x06000752	FishingHarbour	FishingHarbour::OnDawn()	FishingHarbour::OnDawn	43	0	8	0
1907	0x06000753	FishingHarbour	FishingHarbour::IncreaseIncomeAndBuildShip()	FishingHarbour::IncreaseIncomeAndBuildShip	14	0	8	0
1908	0x06000754	FishingHarbour	FishingHarbour::BatchBuildShipsOnLoad(int)	FishingHarbour::BatchBuildShipsOnLoad	21	0	8	0
1909	0x06000755	FishingHarbour	FishingHarbour::OnBeforeMainLoadPass(string)	FishingHarbour::OnBeforeMainLoadPass	1	0	8	0
1910	0x06000756	FishingHarbour	FishingHarbour::OnAfterMainLoadPass(string)	FishingHarbour::OnAfterMainLoadPass	1	0	8	0
1911	0x06000757	FishingHarbour	FishingHarbour::OnLoad(string)	FishingHarbour::OnLoad	35	1	3	0
1912	0x06000758	FishingHarbour	FishingHarbour::OnSave(string)	FishingHarbour::OnSave	18	0	8	0
1913	0x06000759	FishingHarbour	FishingHarbour::.ctor()	FishingHarbour::.ctor	21	0	8	0
1914	0x0600075A	FishingHarbour/<BatchBuildShipsOnLoad>d__11	FishingHarbour.<BatchBuildShipsOnLoad>d__11::.ctor(int)	FishingHarbour::BatchBuildShipsOnLoad	14	0	8	0
1915	0x0600075B	FishingHarbour/<BatchBuildShipsOnLoad>d__11	FishingHarbour.<BatchBuildShipsOnLoad>d__11::System.IDisposable.Dispose()	FishingHarbour::BatchBuildShipsOnLoad	1	0	8	0
1916	0x0600075C	FishingHarbour/<BatchBuildShipsOnLoad>d__11	FishingHarbour.<BatchBuildShipsOnLoad>d__11::MoveNext()	FishingHarbour::BatchBuildShipsOnLoad	105	3	3	0
1917	0x0600075D	FishingHarbour/<BatchBuildShipsOnLoad>d__11	FishingHarbour.<BatchBuildShipsOnLoad>d__11::System.Collections.Generic.IEnumerator<System.Object>.get_Current()	FishingHarbour::BatchBuildShipsOnLoad	7	0	8	0
1918	0x0600075E	FishingHarbour/<BatchBuildShipsOnLoad>d__11	FishingHarbour.<BatchBuildShipsOnLoad>d__11::System.Collections.IEnumerator.Reset()	FishingHarbour::BatchBuildShipsOnLoad	6	0	8	0
1919	0x0600075F	FishingHarbour/<BatchBuildShipsOnLoad>d__11	FishingHarbour.<BatchBuildShipsOnLoad>d__11::System.Collections.IEnumerator.get_Current()	FishingHarbour::BatchBuildShipsOnLoad	7	0	8	0
1920	0x06000760	FishingHarbour/<IncreaseIncomeAndBuildShip>d__10	FishingHarbour.<IncreaseIncomeAndBuildShip>d__10::.ctor(int)	FishingHarbour::IncreaseIncomeAndBuildShip	14	0	8	0
1921	0x06000761	FishingHarbour/<IncreaseIncomeAndBuildShip>d__10	FishingHarbour.<IncreaseIncomeAndBuildShip>d__10::System.IDisposable.Dispose()	FishingHarbour::IncreaseIncomeAndBuildShip	1	0	8	0
1922	0x06000762	FishingHarbour/<IncreaseIncomeAndBuildShip>d__10	FishingHarbour.<IncreaseIncomeAndBuildShip>d__10::MoveNext()	FishingHarbour::IncreaseIncomeAndBuildShip	259	2	3	0
1923	0x06000763	FishingHarbour/<IncreaseIncomeAndBuildShip>d__10	FishingHarbour.<IncreaseIncomeAndBuildShip>d__10::System.Collections.Generic.IEnumerator<System.Object>.get_Current()	FishingHarbour::IncreaseIncomeAndBuildShip	7	0	8	0
1924	0x06000764	FishingHarbour/<IncreaseIncomeAndBuildShip>d__10	FishingHarbour.<IncreaseIncomeAndBuildShip>d__10::System.Collections.IEnumerator.Reset()	FishingHarbour::IncreaseIncomeAndBuildShip	6	0	8	0
1925	0x06000765	FishingHarbour/<IncreaseIncomeAndBuildShip>d__10	FishingHarbour.<IncreaseIncomeAndBuildShip>d__10::System.Collections.IEnumerator.get_Current()	FishingHarbour::IncreaseIncomeAndBuildShip	7	0	8	0
1926	0x06000766	FishingHarbourUpgrade	FishingHarbourUpgrade::OnEnable()	FishingHarbourUpgrade::OnEnable	56	0	8	0
1927	0x06000767	FishingHarbourUpgrade	FishingHarbourUpgrade::.ctor()	FishingHarbourUpgrade::.ctor	7	0	8	0
1928	0x06000768	FollowTransform	FollowTransform::Update()	FollowTransform::Update	36	0	8	0
1929	0x06000769	FollowTransform	FollowTransform::.ctor()	FollowTransform::.ctor	7	0	8	0
1930	0x0600076A	ForceCameraPosOnEnable	ForceCameraPosOnEnable::Update()	ForceCameraPosOnEnable::Update	101	0	3	0
1931	0x0600076B	ForceCameraPosOnEnable	ForceCameraPosOnEnable::.ctor()	ForceCameraPosOnEnable::.ctor	18	0	8	0
1932	0x0600076C	FreezePositionOnEnable	FreezePositionOnEnable::OnEnable()	FreezePositionOnEnable::OnEnable	88	0	2	0
1933	0x0600076D	FreezePositionOnEnable	FreezePositionOnEnable::Update()	FreezePositionOnEnable::Update	36	0	8	0
1934	0x0600076E	FreezePositionOnEnable	FreezePositionOnEnable::.ctor()	FreezePositionOnEnable::.ctor	7	0	8	0
1935	0x0600076F	BattleAxeShieldFX	BattleAxeShieldFX::Play(float)	BattleAxeShieldFX::Play	34	0	8	0
1936	0x06000770	BattleAxeShieldFX	BattleAxeShieldFX::AnimationRoutine()	BattleAxeShieldFX::AnimationRoutine	14	0	8	0
1937	0x06000771	BattleAxeShieldFX	BattleAxeShieldFX::.ctor()	BattleAxeShieldFX::.ctor	18	0	8	0
1938	0x06000772	BattleAxeShieldFX/<AnimationRoutine>d__4	BattleAxeShieldFX.<AnimationRoutine>d__4::.ctor(int)	BattleAxeShieldFX::AnimationRoutine	14	0	8	0
1939	0x06000773	BattleAxeShieldFX/<AnimationRoutine>d__4	BattleAxeShieldFX.<AnimationRoutine>d__4::System.IDisposable.Dispose()	BattleAxeShieldFX::AnimationRoutine	1	0	8	0
1940	0x06000774	BattleAxeShieldFX/<AnimationRoutine>d__4	BattleAxeShieldFX.<AnimationRoutine>d__4::MoveNext()	BattleAxeShieldFX::AnimationRoutine	158	4	3	0
1941	0x06000775	BattleAxeShieldFX/<AnimationRoutine>d__4	BattleAxeShieldFX.<AnimationRoutine>d__4::System.Collections.Generic.IEnumerator<System.Object>.get_Current()	BattleAxeShieldFX::AnimationRoutine	7	0	8	0
1942	0x06000776	BattleAxeShieldFX/<AnimationRoutine>d__4	BattleAxeShieldFX.<AnimationRoutine>d__4::System.Collections.IEnumerator.Reset()	BattleAxeShieldFX::AnimationRoutine	6	0	8	0
1943	0x06000777	BattleAxeShieldFX/<AnimationRoutine>d__4	BattleAxeShieldFX.<AnimationRoutine>d__4::System.Collections.IEnumerator.get_Current()	BattleAxeShieldFX::AnimationRoutine	7	0	8	0
1944	0x06000778	BoarChargeFX	BoarChargeFX::Update()	BoarChargeFX::Update	140	0	3	0
1945	0x06000779	BoarChargeFX	BoarChargeFX::WindTextureScroll()	BoarChargeFX::WindTextureScroll	68	0	3	0
1946	0x0600077A	BoarChargeFX	BoarChargeFX::.ctor()	BoarChargeFX::.ctor	7	0	8	0
1947	0x0600077B	HideMeshRendOnPlay	HideMeshRendOnPlay::Start()	HideMeshRendOnPlay::Start	82	2	2	0
1948	0x0600077C	HideMeshRendOnPlay	HideMeshRendOnPlay::.ctor()	HideMeshRendOnPlay::.ctor	7	0	8	0
1949	0x0600077D	LoadingPulse	LoadingPulse::Start()	LoadingPulse::Start	13	0	8	0
1950	0x0600077E	LoadingPulse	LoadingPulse::Update()	LoadingPulse::Update	66	1	3	0
1951	0x0600077F	LoadingPulse	LoadingPulse::.ctor()	LoadingPulse::.ctor	7	0	8	0
1952	0x06000780	MaterialFlasherFX	MaterialFlasherFX::SetSelected(bool)	MaterialFlasherFX::SetSelected	88	2	2	1
1953	0x06000781	MaterialFlasherFX	MaterialFlasherFX::Start()	MaterialFlasherFX::Start	74	2	2	1
1954	0x06000782	MaterialFlasherFX	MaterialFlasherFX::FlashAnimation(float,UnityEngine.Material)	MaterialFlasherFX::FlashAnimation	28	0	8	0
1955	0x06000783	MaterialFlasherFX	MaterialFlasherFX::TriggerFlash(bool,float)	MaterialFlasherFX::TriggerFlash	51	0	8	0
1956	0x06000784	MaterialFlasherFX	MaterialFlasherFX::.ctor()	MaterialFlasherFX::.ctor	18	0	8	0
1957	0x06000785	MaterialFlasherFX/RendererMaterialPair	MaterialFlasherFX.RendererMaterialPair::.ctor(UnityEngine.Renderer)	MaterialFlasherFX/RendererMaterialPair::.ctor	31	0	8	0
1958	0x06000786	MaterialFlasherFX/<FlashAnimation>d__9	MaterialFlasherFX.<FlashAnimation>d__9::.ctor(int)	MaterialFlasherFX::FlashAnimation	14	0	8	0
1959	0x06000787	MaterialFlasherFX/<FlashAnimation>d__9	MaterialFlasherFX.<FlashAnimation>d__9::System.IDisposable.Dispose()	MaterialFlasherFX::FlashAnimation	1	0	8	0
1960	0x06000788	MaterialFlasherFX/<FlashAnimation>d__9	MaterialFlasherFX.<FlashAnimation>d__9::MoveNext()	MaterialFlasherFX::FlashAnimation	207	4	2	2
1961	0x06000789	MaterialFlasherFX/<FlashAnimation>d__9	MaterialFlasherFX.<FlashAnimation>d__9::System.Collections.Generic.IEnumerator<System.Object>.get_Current()	MaterialFlasherFX::FlashAnimation	7	0	8	0
1962	0x0600078A	MaterialFlasherFX/<FlashAnimation>d__9	MaterialFlasherFX.<FlashAnimation>d__9::System.Collections.IEnumerator.Reset()	MaterialFlasherFX::FlashAnimation	6	0	8	0
1963	0x0600078B	MaterialFlasherFX/<FlashAnimation>d__9	MaterialFlasherFX.<FlashAnimation>d__9::System.Collections.IEnumerator.get_Current()	MaterialFlasherFX::FlashAnimation	7	0	8	0
1964	0x0600078C	OnDamageFeedbackHandler	OnDamageFeedbackHandler::Start()	OnDamageFeedbackHandler::Start	29	0	8	0
1965	0x0600078D	OnDamageFeedbackHandler	OnDamageFeedbackHandler::TakeDamage(bool)	OnDamageFeedbackHandler::TakeDamage	111	0	4	0
1966	0x0600078E	OnDamageFeedbackHandler	OnDamageFeedbackHandler::.ctor()	OnDamageFeedbackHandler::.ctor	18	0	8	0
1967	0x0600078F	ParticleColorSchemeSync	ParticleColorSchemeSync::Awake()	ParticleColorSchemeSync::Awake	135	2	3	0
1968	0x06000790	ParticleColorSchemeSync	ParticleColorSchemeSync::.ctor()	ParticleColorSchemeSync::.ctor	7	0	8	0
1969	0x06000791	PlayerDeath	PlayerDeath::OnEnable()	PlayerDeath::OnEnable	20	0	8	0
1970	0x06000792	PlayerDeath	PlayerDeath::Play()	PlayerDeath::Play	14	0	8	0
1971	0x06000793	PlayerDeath	PlayerDeath::.ctor()	PlayerDeath::.ctor	18	0	8	0
1972	0x06000794	PlayerDeath/<Play>d__6	PlayerDeath.<Play>d__6::.ctor(int)	PlayerDeath::Play	14	0	8	0
1973	0x06000795	PlayerDeath/<Play>d__6	PlayerDeath.<Play>d__6::System.IDisposable.Dispose()	PlayerDeath::Play	1	0	8	0
1974	0x06000796	PlayerDeath/<Play>d__6	PlayerDeath.<Play>d__6::MoveNext()	PlayerDeath::Play	290	2	6	0
1975	0x06000797	PlayerDeath/<Play>d__6	PlayerDeath.<Play>d__6::System.Collections.Generic.IEnumerator<System.Object>.get_Current()	PlayerDeath::Play	7	0	8	0
1976	0x06000798	PlayerDeath/<Play>d__6	PlayerDeath.<Play>d__6::System.Collections.IEnumerator.Reset()	PlayerDeath::Play	6	0	8	0
1977	0x06000799	PlayerDeath/<Play>d__6	PlayerDeath.<Play>d__6::System.Collections.IEnumerator.get_Current()	PlayerDeath::Play	7	0	8	0
1978	0x0600079A	PlayerTrapIntensityHelper	PlayerTrapIntensityHelper::Awake()	PlayerTrapIntensityHelper::Awake	80	3	4	0
1979	0x0600079B	PlayerTrapIntensityHelper	PlayerTrapIntensityHelper::.ctor()	PlayerTrapIntensityHelper::.ctor	7	0	8	0
1980	0x0600079C	PotionVialCircle	PotionVialCircle::Start()	PotionVialCircle::Start	30	0	8	0
1981	0x0600079D	PotionVialCircle	PotionVialCircle::Update()	PotionVialCircle::Update	110	1	4	0
1982	0x0600079E	PotionVialCircle	PotionVialCircle::.ctor()	PotionVialCircle::.ctor	7	0	8	0
1983	0x0600079F	ProtectionDomeVisualControl	ProtectionDomeVisualControl::Update()	ProtectionDomeVisualControl::Update	109	0	2	0
1984	0x060007A0	ProtectionDomeVisualControl	ProtectionDomeVisualControl::DestroyDomeVFX()	ProtectionDomeVisualControl::DestroyDomeVFX	40	0	8	0
1985	0x060007A1	ProtectionDomeVisualControl	ProtectionDomeVisualControl::.ctor()	ProtectionDomeVisualControl::.ctor	14	0	8	0
1986	0x060007A2	ShapeGroupFader	ShapeGroupFader::Update()	ShapeGroupFader::Update	177	2	5	0
1987	0x060007A3	ShapeGroupFader	ShapeGroupFader::.ctor()	ShapeGroupFader::.ctor	36	0	8	0
1988	0x060007A4	UnparentAndDestroyDelayedOnDeath	UnparentAndDestroyDelayedOnDeath::Start()	UnparentAndDestroyDelayedOnDeath::Start	29	0	8	0
1989	0x060007A5	UnparentAndDestroyDelayedOnDeath	UnparentAndDestroyDelayedOnDeath::Trigger()	UnparentAndDestroyDelayedOnDeath::Trigger	30	0	8	0
1990	0x060007A6	UnparentAndDestroyDelayedOnDeath	UnparentAndDestroyDelayedOnDeath::.ctor()	UnparentAndDestroyDelayedOnDeath::.ctor	18	0	8	0
1991	0x060007A7	EGSManager	EGSManager::get_Instance()	EGSManager::get_Instance	35	0	8	0
1992	0x060007A8	EGSManager	EGSManager::get_Initialized()	EGSManager::get_Initialized	11	0	8	0
1993	0x060007A9	EGSManager	EGSManager::Awake()	EGSManager::Awake	60	0	8	0
1994	0x060007AA	EGSManager	EGSManager::UploadHighscore(int,string)	EGSManager::UploadHighscore	1	0	8	0
1995	0x060007AB	EGSManager	EGSManager::DownloadFriendsHighscores(string)	EGSManager::DownloadFriendsHighscores	17	0	8	0
1996	0x060007AC	EGSManager	EGSManager::SetAchievement(string)	EGSManager::SetAchievement	1	0	8	0
1997	0x060007AD	EGSManager	EGSManager::ClearAchievement(string)	EGSManager::ClearAchievement	1	0	8	0
1998	0x060007AE	EGSManager	EGSManager::StoreStats()	EGSManager::StoreStats	1	0	8	0
1999	0x060007AF	EGSManager	EGSManager::GetPersonaName()	EGSManager::GetPersonaName	6	0	8	0
2000	0x060007B0	EGSManager	EGSManager::.ctor()	EGSManager::.ctor	29	0	8	0
2001	0x060007B1	MainThreadDispatcher	MainThreadDispatcher::Awake()	MainThreadDispatcher::Awake	43	0	8	0
2002	0x060007B2	MainThreadDispatcher	MainThreadDispatcher::Update()	MainThreadDispatcher::Update	62	2	2	1
2003	0x060007B3	MainThreadDispatcher	MainThreadDispatcher::Enqueue(System.Action)	MainThreadDispatcher::Enqueue	42	2	2	1
2004	0x060007B4	MainThreadDispatcher	MainThreadDispatcher::.ctor()	MainThreadDispatcher::.ctor	18	0	8	0
2005	0x060007B5	SteamManager	SteamManager::get_Instance()	SteamManager::get_Instance	35	0	8	0
2006	0x060007B6	SteamManager	SteamManager::get_Initialized()	SteamManager::get_Initialized	11	0	8	0
2007	0x060007B7	SteamManager	SteamManager::SteamAPIDebugTextHook(int,System.Text.StringBuilder)	SteamManager::SteamAPIDebugTextHook	7	0	8	0
2008	0x060007B8	SteamManager	SteamManager::InitOnPlayMode()	SteamManager::InitOnPlayMode	13	0	8	0
2009	0x060007B9	SteamManager	SteamManager::Awake()	SteamManager::Awake	219	1	3	1
2010	0x060007BA	SteamManager	SteamManager::OnEnable()	SteamManager::OnEnable	66	0	3	0
2011	0x060007BB	SteamManager	SteamManager::OnDestroy()	SteamManager::OnDestroy	35	0	8	0
2012	0x060007BC	SteamManager	SteamManager::Update()	SteamManager::Update	15	0	8	0
2013	0x060007BD	SteamManager	SteamManager::UploadHighscore(int,string)	SteamManager::UploadHighscore	66	1	4	0
2014	0x060007BE	SteamManager	SteamManager::OnFindLeaderboardForUploadingScore(Steamworks.LeaderboardFindResult_t,bool)	SteamManager::OnFindLeaderboardForUploadingScore	42	0	8	0
2015	0x060007BF	SteamManager	SteamManager::DownloadFriendsHighscores(string)	SteamManager::DownloadFriendsHighscores	50	1	4	0
2016	0x060007C0	SteamManager	SteamManager::OnFindLeaderboardFodDownloadingFriendsScore(Steamworks.LeaderboardFindResult_t,bool)	SteamManager::OnFindLeaderboardFodDownloadingFriendsScore	44	1	4	0
2017	0x060007C1	SteamManager	SteamManager::OnDownloadedScores(Steamworks.LeaderboardScoresDownloaded_t,bool)	SteamManager::OnDownloadedScores	131	4	5	0
2018	0x060007C2	SteamManager	SteamManager::.ctor()	SteamManager::.ctor	40	0	8	0
2019	0x060007C3	SteamManager	SteamManager::.cctor()	SteamManager::.cctor	35	0	8	0
2020	0x060007C4	SwitchManager	SwitchManager::get_Instance()	SwitchManager::get_Instance	35	0	8	0
2021	0x060007C5	SwitchManager	SwitchManager::get_Initialized()	SwitchManager::get_Initialized	11	0	8	0
2022	0x060007C6	SwitchManager	SwitchManager::Awake()	SwitchManager::Awake	60	0	8	0
2023	0x060007C7	SwitchManager	SwitchManager::UploadHighscore(int,string)	SwitchManager::UploadHighscore	1	0	8	0
2024	0x060007C8	SwitchManager	SwitchManager::DownloadFriendsHighscores(string)	SwitchManager::DownloadFriendsHighscores	17	0	8	0
2025	0x060007C9	SwitchManager	SwitchManager::SetAchievement(string)	SwitchManager::SetAchievement	1	0	8	0
2026	0x060007CA	SwitchManager	SwitchManager::ClearAchievement(string)	SwitchManager::ClearAchievement	1	0	8	0
2027	0x060007CB	SwitchManager	SwitchManager::StoreStats()	SwitchManager::StoreStats	1	0	8	0
2028	0x060007CC	SwitchManager	SwitchManager::GetPersonaName()	SwitchManager::GetPersonaName	6	0	8	0
2029	0x060007CD	SwitchManager	SwitchManager::.ctor()	SwitchManager::.ctor	40	0	8	0
2030	0x060007CE	GateOpener	GateOpener::get_isDoor()	GateOpener::get_isDoor	10	0	8	0
2031	0x060007CF	GateOpener	GateOpener::get_isBars()	GateOpener::get_isBars	10	0	8	0
2032	0x060007D0	GateOpener	GateOpener::Start()	GateOpener::Start	167	1	2	0
2033	0x060007D1	GateOpener	GateOpener::Update()	GateOpener::Update	935	11	5	0
2034	0x060007D2	GateOpener	GateOpener::Close()	GateOpener::Close	8	0	8	0
2035	0x060007D3	GateOpener	GateOpener::Open()	GateOpener::Open	8	0	8	0
2036	0x060007D4	GateOpener	GateOpener::OnDrawGizmosSelected()	GateOpener::OnDrawGizmosSelected	65	0	2	0
2037	0x060007D5	GateOpener	GateOpener::.ctor()	GateOpener::.ctor	91	0	5	0
2038	0x060007D6	Ghostqueen	Ghostqueen::Start()	Ghostqueen::Start	101	0	2	0
2039	0x060007D7	Ghostqueen	Ghostqueen::Update()	Ghostqueen::Update	194	0	5	0
2040	0x060007D8	Ghostqueen	Ghostqueen::FullBossBehaviour()	Ghostqueen::FullBossBehaviour	14	0	8	0
2041	0x060007D9	Ghostqueen	Ghostqueen::FireStorm(float)	Ghostqueen::FireStorm	21	0	8	0
2042	0x060007DA	Ghostqueen	Ghostqueen::SpawnGhosts()	Ghostqueen::SpawnGhosts	14	0	8	0
2043	0x060007DB	Ghostqueen	Ghostqueen::SpawnFireBolts(float,float)	Ghostqueen::SpawnFireBolts	28	0	8	0
2044	0x060007DC	Ghostqueen	Ghostqueen::SpawnFireBolt(UnityEngine.Vector3)	Ghostqueen::SpawnFireBolt	69	1	3	0
2045	0x060007DD	Ghostqueen	Ghostqueen::.ctor()	Ghostqueen::.ctor	92	0	2	0
2046	0x060007DE	Ghostqueen/<FireStorm>d__30	Ghostqueen.<FireStorm>d__30::.ctor(int)	Ghostqueen::FireStorm	14	0	8	0
2047	0x060007DF	Ghostqueen/<FireStorm>d__30	Ghostqueen.<FireStorm>d__30::System.IDisposable.Dispose()	Ghostqueen::FireStorm	1	0	8	0
2048	0x060007E0	Ghostqueen/<FireStorm>d__30	Ghostqueen.<FireStorm>d__30::MoveNext()	Ghostqueen::FireStorm	523	2	3	0
2049	0x060007E1	Ghostqueen/<FireStorm>d__30	Ghostqueen.<FireStorm>d__30::System.Collections.Generic.IEnumerator<System.Object>.get_Current()	Ghostqueen::FireStorm	7	0	8	0
2050	0x060007E2	Ghostqueen/<FireStorm>d__30	Ghostqueen.<FireStorm>d__30::System.Collections.IEnumerator.Reset()	Ghostqueen::FireStorm	6	0	8	0
2051	0x060007E3	Ghostqueen/<FireStorm>d__30	Ghostqueen.<FireStorm>d__30::System.Collections.IEnumerator.get_Current()	Ghostqueen::FireStorm	7	0	8	0
2052	0x060007E4	Ghostqueen/<FullBossBehaviour>d__29	Ghostqueen.<FullBossBehaviour>d__29::.ctor(int)	Ghostqueen::FullBossBehaviour	14	0	8	0
2053	0x060007E5	Ghostqueen/<FullBossBehaviour>d__29	Ghostqueen.<FullBossBehaviour>d__29::System.IDisposable.Dispose()	Ghostqueen::FullBossBehaviour	1	0	8	0
2054	0x060007E6	Ghostqueen/<FullBossBehaviour>d__29	Ghostqueen.<FullBossBehaviour>d__29::MoveNext()	Ghostqueen::FullBossBehaviour	240	2	4	0
2055	0x060007E7	Ghostqueen/<FullBossBehaviour>d__29	Ghostqueen.<FullBossBehaviour>d__29::System.Collections.Generic.IEnumerator<System.Object>.get_Current()	Ghostqueen::FullBossBehaviour	7	0	8	0
2056	0x060007E8	Ghostqueen/<FullBossBehaviour>d__29	Ghostqueen.<FullBossBehaviour>d__29::System.Collections.IEnumerator.Reset()	Ghostqueen::FullBossBehaviour	6	0	8	0
2057	0x060007E9	Ghostqueen/<FullBossBehaviour>d__29	Ghostqueen.<FullBossBehaviour>d__29::System.Collections.IEnumerator.get_Current()	Ghostqueen::FullBossBehaviour	7	0	8	0
2058	0x060007EA	Ghostqueen/<SpawnFireBolts>d__32	Ghostqueen.<SpawnFireBolts>d__32::.ctor(int)	Ghostqueen::SpawnFireBolts	14	0	8	0
2059	0x060007EB	Ghostqueen/<SpawnFireBolts>d__32	Ghostqueen.<SpawnFireBolts>d__32::System.IDisposable.Dispose()	Ghostqueen::SpawnFireBolts	1	0	8	0
2060	0x060007EC	Ghostqueen/<SpawnFireBolts>d__32	Ghostqueen.<SpawnFireBolts>d__32::MoveNext()	Ghostqueen::SpawnFireBolts	352	3	6	0
2061	0x060007ED	Ghostqueen/<SpawnFireBolts>d__32	Ghostqueen.<SpawnFireBolts>d__32::System.Collections.Generic.IEnumerator<System.Object>.get_Current()	Ghostqueen::SpawnFireBolts	7	0	8	0
2062	0x060007EE	Ghostqueen/<SpawnFireBolts>d__32	Ghostqueen.<SpawnFireBolts>d__32::System.Collections.IEnumerator.Reset()	Ghostqueen::SpawnFireBolts	6	0	8	0
2063	0x060007EF	Ghostqueen/<SpawnFireBolts>d__32	Ghostqueen.<SpawnFireBolts>d__32::System.Collections.IEnumerator.get_Current()	Ghostqueen::SpawnFireBolts	7	0	8	0
2064	0x060007F0	Ghostqueen/<SpawnGhosts>d__31	Ghostqueen.<SpawnGhosts>d__31::.ctor(int)	Ghostqueen::SpawnGhosts	14	0	8	0
2065	0x060007F1	Ghostqueen/<SpawnGhosts>d__31	Ghostqueen.<SpawnGhosts>d__31::System.IDisposable.Dispose()	Ghostqueen::SpawnGhosts	1	0	8	0
2066	0x060007F2	Ghostqueen/<SpawnGhosts>d__31	Ghostqueen.<SpawnGhosts>d__31::MoveNext()	Ghostqueen::SpawnGhosts	98	2	2	0
2067	0x060007F3	Ghostqueen/<SpawnGhosts>d__31	Ghostqueen.<SpawnGhosts>d__31::System.Collections.Generic.IEnumerator<System.Object>.get_Current()	Ghostqueen::SpawnGhosts	7	0	8	0
2068	0x060007F4	Ghostqueen/<SpawnGhosts>d__31	Ghostqueen.<SpawnGhosts>d__31::System.Collections.IEnumerator.Reset()	Ghostqueen::SpawnGhosts	6	0	8	0
2069	0x060007F5	Ghostqueen/<SpawnGhosts>d__31	Ghostqueen.<SpawnGhosts>d__31::System.Collections.IEnumerator.get_Current()	Ghostqueen::SpawnGhosts	7	0	8	0
2070	0x060007F6	GhostQueenDeath	GhostQueenDeath::Start()	GhostQueenDeath::Start	29	0	8	0
2071	0x060007F7	GhostQueenDeath	GhostQueenDeath::Update()	GhostQueenDeath::Update	150	1	4	0
2072	0x060007F8	GhostQueenDeath	GhostQueenDeath::.ctor()	GhostQueenDeath::.ctor	7	0	8	0
2073	0x060007F9	GlobalHealing	GlobalHealing::Start()	GlobalHealing::Start	132	0	3	0
2074	0x060007FA	GlobalHealing	GlobalHealing::Update()	GlobalHealing::Update	331	2	4	2
2075	0x060007FB	GlobalHealing	GlobalHealing::.ctor()	GlobalHealing::.ctor	40	0	8	0
2076	0x060007FC	GodlyCurseEffect	GodlyCurseEffect::Effect(Hp,TaggedObject,TaggedObject,Weapon,float,bool,float)	GodlyCurseEffect::Effect	34	0	8	0
2077	0x060007FD	GodlyCurseEffect	GodlyCurseEffect::.ctor()	GodlyCurseEffect::.ctor	7	0	8	0
2078	0x060007FE	HealOnKillWeaponEffect	HealOnKillWeaponEffect::Effect(Hp,TaggedObject,TaggedObject,Weapon,float,bool,float)	HealOnKillWeaponEffect::Effect	59	0	8	0
2079	0x060007FF	HealOnKillWeaponEffect	HealOnKillWeaponEffect::.ctor()	HealOnKillWeaponEffect::.ctor	18	0	8	0
2080	0x06000800	Healthbar	Healthbar::get_Target()	Healthbar::get_Target	7	0	8	0
2081	0x06000801	Healthbar	Healthbar::Start()	Healthbar::Start	173	0	3	0
2082	0x06000802	Healthbar	Healthbar::UpdateColor()	Healthbar::UpdateColor	30	0	8	0
2083	0x06000803	Healthbar	Healthbar::Update()	Healthbar::Update	620	2	7	0
2084	0x06000804	Healthbar	Healthbar::UpdateDisplay()	Healthbar::UpdateDisplay	167	0	2	0
2085	0x06000805	Healthbar	Healthbar::UnparentItself()	Healthbar::UnparentItself	13	0	8	0
2086	0x06000806	Healthbar	Healthbar::.ctor()	Healthbar::.ctor	62	0	8	0
2087	0x06000807	HealthbarMulti	HealthbarMulti::UpdateDisplay()	HealthbarMulti::UpdateDisplay	307	3	3	0
2088	0x06000808	HealthbarMulti	HealthbarMulti::.ctor()	HealthbarMulti::.ctor	15	0	8	0
2089	0x06000809	HealthStealWeaponEffect	HealthStealWeaponEffect::Effect(Hp,TaggedObject,TaggedObject,Weapon,float,bool,float)	HealthStealWeaponEffect::Effect	18	0	8	0
2090	0x0600080A	HealthStealWeaponEffect	HealthStealWeaponEffect::.ctor()	HealthStealWeaponEffect::.ctor	18	0	8	0
2091	0x0600080B	HotOilTower	HotOilTower::Start()	HotOilTower::Start	23	0	8	0
2092	0x0600080C	HotOilTower	HotOilTower::ReduceCooldownBy(float)	HotOilTower::ReduceCooldownBy	15	0	8	0
2093	0x0600080D	HotOilTower	HotOilTower::Update()	HotOilTower::Update	219	2	3	0
2094	0x0600080E	HotOilTower	HotOilTower::DamageTick()	HotOilTower::DamageTick	206	3	5	0
2095	0x0600080F	HotOilTower	HotOilTower::.ctor()	HotOilTower::.ctor	91	0	2	0
2096	0x06000810	Hp	Hp::get_Elite()	Hp::get_Elite	7	0	8	0
2097	0x06000811	Hp	Hp::set_Elite(bool)	Hp::set_Elite	8	0	8	0
2098	0x06000812	Hp	Hp::get_HpValue()	Hp::get_HpValue	7	0	8	0
2099	0x06000813	Hp	Hp::get_HpPercentage()	Hp::get_HpPercentage	14	0	8	0
2100	0x06000814	Hp	Hp::set_HpPercentage(float)	Hp::set_HpPercentage	15	0	8	0
2101	0x06000815	Hp	Hp::get_KnockedOut()	Hp::get_KnockedOut	17	0	8	0
2102	0x06000816	Hp	Hp::get_TaggedObj()	Hp::get_TaggedObj	7	0	8	0
2103	0x06000817	Hp	Hp::get_AutoAttacks()	Hp::get_AutoAttacks	7	0	8	0
2104	0x06000818	Hp	Hp::get_PathfindMovement()	Hp::get_PathfindMovement	7	0	8	0
2105	0x06000819	Hp	Hp::get_SpwanAttackOnDeath()	Hp::get_SpwanAttackOnDeath	7	0	8	0
2106	0x0600081A	Hp	Hp::set_SpwanAttackOnDeath(Weapon)	Hp::set_SpwanAttackOnDeath	8	0	8	0
2107	0x0600081B	Hp	Hp::get_DamageMultiplyer()	Hp::get_DamageMultiplyer	7	0	8	0
2108	0x0600081C	Hp	Hp::set_DamageMultiplyer(float)	Hp::set_DamageMultiplyer	8	0	8	0
2109	0x0600081D	Hp	Hp::get_Alive()	Hp::get_Alive	17	0	8	0
2110	0x0600081E	Hp	Hp::get_HpOriginal()	Hp::get_HpOriginal	7	0	8	0
2111	0x0600081F	Hp	Hp::set_HpOriginal(float)	Hp::set_HpOriginal	8	0	8	0
2112	0x06000820	Hp	Hp::OnBeforeMainLoadPass(string)	Hp::OnBeforeMainLoadPass	1	0	8	0
2113	0x06000821	Hp	Hp::OnAfterMainLoadPass(string)	Hp::OnAfterMainLoadPass	1	0	8	0
2114	0x06000822	Hp	Hp::OnLoad(string)	Hp::OnLoad	46	1	4	0
2115	0x06000823	Hp	Hp::OnSave(string)	Hp::OnSave	39	0	8	0
2116	0x06000824	Hp	Hp::ScaleHp(float)	Hp::ScaleHp	29	0	8	0
2117	0x06000825	Hp	Hp::SetHpToMaxHp()	Hp::SetHpToMaxHp	13	0	8	0
2118	0x06000826	Hp	Hp::Initialize()	Hp::Initialize	146	0	2	0
2119	0x06000827	Hp	Hp::Start()	Hp::Start	136	0	3	0
2120	0x06000828	Hp	Hp::OnScreen()	Hp::OnScreen	79	1	2	0
2121	0x06000829	Hp	Hp::ActivateAndDeactivateChildrenAndCompements(bool)	Hp::ActivateAndDeactivateChildrenAndCompements	310	4	3	0
2122	0x0600082A	Hp	Hp::Revive(bool,float)	Hp::Revive	229	0	4	0
2123	0x0600082B	Hp	Hp::MakeInvulerable(bool)	Hp::MakeInvulerable	8	0	8	0
2124	0x0600082C	Hp	Hp::TakeDamageSelfDrained(float)	Hp::TakeDamageSelfDrained	56	1	5	0
2125	0x0600082D	Hp	Hp::TakeDamage(float,TaggedObject,bool,bool)	Hp::TakeDamage	685	1	7	0
2126	0x0600082E	Hp	Hp::Heal(float)	Hp::Heal	82	0	4	0
2127	0x0600082F	Hp	Hp::SetHpTo(float)	Hp::SetHpTo	19	0	8	0
2128	0x06000830	Hp	Hp::ReviveAllUnitsWithTag(System.Collections.Generic.List<TagManager.ETag>,System.Collections.Generic.List<TagManager.ETag>,float)	Hp::ReviveAllUnitsWithTag	56	2	4	0
2129	0x06000831	Hp	Hp::SetAllUnitsWithTagInvulnerable(System.Collections.Generic.List<TagManager.ETag>,System.Collections.Generic.List<TagManager.ETag>,bool)	Hp::SetAllUnitsWithTagInvulnerable	55	2	4	0
2130	0x06000832	Hp	Hp::MarkDestroyedBuildingsAsDontRevive(System.Collections.Generic.List<TagManager.ETag>,System.Collections.Generic.List<TagManager.ETag>,float)	Hp::MarkDestroyedBuildingsAsDontRevive	142	2	4	0
2131	0x06000833	Hp	Hp::KillAllUnitsWithTag(System.Collections.Generic.List<TagManager.ETag>,System.Collections.Generic.List<TagManager.ETag>)	Hp::KillAllUnitsWithTag	63	2	5	0
2132	0x06000834	Hp	Hp::ReviveAllKnockedOutPlayerUnitsAndBuildings()	Hp::ReviveAllKnockedOutPlayerUnitsAndBuildings	193	2	4	0
2133	0x06000835	Hp	Hp::KillAllEnemyUnits()	Hp::KillAllEnemyUnits	25	1	3	0
2134	0x06000836	Hp	Hp::KillAllPlayerUnits()	Hp::KillAllPlayerUnits	25	1	3	0
2135	0x06000837	Hp	Hp::.ctor()	Hp::.ctor	106	0	2	0
2136	0x06000838	IDlcProvider	IDlcProvider::IsDlcAvailable(IDlcProvider.DlcId)	IDlcProvider::IsDlcAvailable	0	0	0	0
2137	0x06000839	IncomeModifyer	IncomeModifyer::Start()	IncomeModifyer::Start	18	0	8	0
2138	0x0600083A	IncomeModifyer	IncomeModifyer::OnDawn()	IncomeModifyer::OnDawn	1	0	8	0
2139	0x0600083B	IncomeModifyer	IncomeModifyer::.ctor()	IncomeModifyer::.ctor	7	0	8	0
2140	0x0600083C	IncreaseAttackSpeedOverTime	IncreaseAttackSpeedOverTime::Start()	IncreaseAttackSpeedOverTime::Start	12	0	8	0
2141	0x0600083D	IncreaseAttackSpeedOverTime	IncreaseAttackSpeedOverTime::Update()	IncreaseAttackSpeedOverTime::Update	109	0	4	0
2142	0x0600083E	IncreaseAttackSpeedOverTime	IncreaseAttackSpeedOverTime::OnDawn_AfterSunrise()	IncreaseAttackSpeedOverTime::OnDawn_AfterSunrise	1	0	8	0
2143	0x0600083F	IncreaseAttackSpeedOverTime	IncreaseAttackSpeedOverTime::OnDawn_BeforeSunrise()	IncreaseAttackSpeedOverTime::OnDawn_BeforeSunrise	1	0	8	0
2144	0x06000840	IncreaseAttackSpeedOverTime	IncreaseAttackSpeedOverTime::OnDusk()	IncreaseAttackSpeedOverTime::OnDusk	12	0	8	0
2145	0x06000841	IncreaseAttackSpeedOverTime	IncreaseAttackSpeedOverTime::OnDuskEarly()	IncreaseAttackSpeedOverTime::OnDuskEarly	1	0	8	0
2146	0x06000842	IncreaseAttackSpeedOverTime	IncreaseAttackSpeedOverTime::.ctor()	IncreaseAttackSpeedOverTime::.ctor	40	0	8	0
2147	0x06000843	IncreaseIncomeDaily	IncreaseIncomeDaily::Initialize()	IncreaseIncomeDaily::Initialize	51	0	8	0
2148	0x06000844	IncreaseIncomeDaily	IncreaseIncomeDaily::Start()	IncreaseIncomeDaily::Start	7	0	8	0
2149	0x06000845	IncreaseIncomeDaily	IncreaseIncomeDaily::OnDawn()	IncreaseIncomeDaily::OnDawn	34	0	8	0
2150	0x06000846	IncreaseIncomeDaily	IncreaseIncomeDaily::OnBeforeMainLoadPass(string)	IncreaseIncomeDaily::OnBeforeMainLoadPass	1	0	8	0
2151	0x06000847	IncreaseIncomeDaily	IncreaseIncomeDaily::OnLoad(string)	IncreaseIncomeDaily::OnLoad	60	0	8	0
2152	0x06000848	IncreaseIncomeDaily	IncreaseIncomeDaily::ExecuteDelayedLoad()	IncreaseIncomeDaily::ExecuteDelayedLoad	31	0	8	0
2153	0x06000849	IncreaseIncomeDaily	IncreaseIncomeDaily::OnSave(string)	IncreaseIncomeDaily::OnSave	18	0	8	0
2154	0x0600084A	IncreaseIncomeDaily	IncreaseIncomeDaily::OnAfterMainLoadPass(string)	IncreaseIncomeDaily::OnAfterMainLoadPass	1	0	8	0
2155	0x0600084B	IncreaseIncomeDaily	IncreaseIncomeDaily::.ctor()	IncreaseIncomeDaily::.ctor	7	0	8	0
2156	0x0600084C	InitialSceneLoad	InitialSceneLoad::Start()	InitialSceneLoad::Start	14	0	8	0
2157	0x0600084D	InitialSceneLoad	InitialSceneLoad::LoadFirstScene()	InitialSceneLoad::LoadFirstScene	7	0	8	0
2158	0x0600084E	InitialSceneLoad	InitialSceneLoad::.ctor()	InitialSceneLoad::.ctor	7	0	8	0
2159	0x0600084F	InitialSceneLoad/<LoadFirstScene>d__1	InitialSceneLoad.<LoadFirstScene>d__1::.ctor(int)	InitialSceneLoad::LoadFirstScene	14	0	8	0
2160	0x06000850	InitialSceneLoad/<LoadFirstScene>d__1	InitialSceneLoad.<LoadFirstScene>d__1::System.IDisposable.Dispose()	InitialSceneLoad::LoadFirstScene	1	0	8	0
2161	0x06000851	InitialSceneLoad/<LoadFirstScene>d__1	InitialSceneLoad.<LoadFirstScene>d__1::MoveNext()	InitialSceneLoad::LoadFirstScene	151	1	2	0
2162	0x06000852	InitialSceneLoad/<LoadFirstScene>d__1	InitialSceneLoad.<LoadFirstScene>d__1::System.Collections.Generic.IEnumerator<System.Object>.get_Current()	InitialSceneLoad::LoadFirstScene	7	0	8	0
2163	0x06000853	InitialSceneLoad/<LoadFirstScene>d__1	InitialSceneLoad.<LoadFirstScene>d__1::System.Collections.IEnumerator.Reset()	InitialSceneLoad::LoadFirstScene	6	0	8	0
2164	0x06000854	InitialSceneLoad/<LoadFirstScene>d__1	InitialSceneLoad.<LoadFirstScene>d__1::System.Collections.IEnumerator.get_Current()	InitialSceneLoad::LoadFirstScene	7	0	8	0
2165	0x06000855	NintendoSwitchGamepadDisconnectionHandler	NintendoSwitchGamepadDisconnectionHandler::.ctor()	NintendoSwitchGamepadDisconnectionHandler::.ctor	7	0	8	0
2166	0x06000856	InputStyleSwitcher	InputStyleSwitcher::Start()	InputStyleSwitcher::Start	18	0	8	0
2167	0x06000857	InputStyleSwitcher	InputStyleSwitcher::Update()	InputStyleSwitcher::Update	74	1	2	0
2168	0x06000858	InputStyleSwitcher	InputStyleSwitcher::.ctor()	InputStyleSwitcher::.ctor	7	0	8	0
2169	0x06000859	InstantEnemySpawn	InstantEnemySpawn::SpawnWave()	InstantEnemySpawn::SpawnWave	23	0	8	0
2170	0x0600085A	InstantEnemySpawn	InstantEnemySpawn::SpawningWave()	InstantEnemySpawn::SpawningWave	14	0	8	0
2171	0x0600085B	InstantEnemySpawn	InstantEnemySpawn::.ctor()	InstantEnemySpawn::.ctor	7	0	8	0
2172	0x0600085C	InstantEnemySpawn/<SpawningWave>d__3	InstantEnemySpawn.<SpawningWave>d__3::.ctor(int)	InstantEnemySpawn::SpawningWave	14	0	8	0
2173	0x0600085D	InstantEnemySpawn/<SpawningWave>d__3	InstantEnemySpawn.<SpawningWave>d__3::System.IDisposable.Dispose()	InstantEnemySpawn::SpawningWave	1	0	8	0
2174	0x0600085E	InstantEnemySpawn/<SpawningWave>d__3	InstantEnemySpawn.<SpawningWave>d__3::MoveNext()	InstantEnemySpawn::SpawningWave	107	2	2	0
2175	0x0600085F	InstantEnemySpawn/<SpawningWave>d__3	InstantEnemySpawn.<SpawningWave>d__3::System.Collections.Generic.IEnumerator<System.Object>.get_Current()	InstantEnemySpawn::SpawningWave	7	0	8	0
2176	0x06000860	InstantEnemySpawn/<SpawningWave>d__3	InstantEnemySpawn.<SpawningWave>d__3::System.Collections.IEnumerator.Reset()	InstantEnemySpawn::SpawningWave	6	0	8	0
2177	0x06000861	InstantEnemySpawn/<SpawningWave>d__3	InstantEnemySpawn.<SpawningWave>d__3::System.Collections.IEnumerator.get_Current()	InstantEnemySpawn::SpawningWave	7	0	8	0
2178	0x06000862	InterestPerk	InterestPerk::Awake()	InterestPerk::Awake	7	0	8	0
2179	0x06000863	InterestPerk	InterestPerk::Start()	InterestPerk::Start	32	0	8	0
2180	0x06000864	InterestPerk	InterestPerk::Update()	InterestPerk::Update	1	0	8	0
2181	0x06000865	InterestPerk	InterestPerk::OnDawn_AfterSunrise()	InterestPerk::OnDawn_AfterSunrise	1	0	8	0
2182	0x06000866	InterestPerk	InterestPerk::OnDawn_BeforeSunrise()	InterestPerk::OnDawn_BeforeSunrise	1	0	8	0
2183	0x06000867	InterestPerk	InterestPerk::OnDusk()	InterestPerk::OnDusk	17	0	8	0
2184	0x06000868	InterestPerk	InterestPerk::OnDuskEarly()	InterestPerk::OnDuskEarly	1	0	8	0
2185	0x06000869	InterestPerk	InterestPerk::InterestAmount()	InterestPerk::InterestAmount	51	0	8	0
2186	0x0600086A	InterestPerk	InterestPerk::.ctor()	InterestPerk::.ctor	22	0	8	0
2187	0x0600086B	Invulnerable	Invulnerable::Start()	Invulnerable::Start	13	0	8	0
2188	0x0600086C	Invulnerable	Invulnerable::Update()	Invulnerable::Update	17	0	8	0
2189	0x0600086D	Invulnerable	Invulnerable::.ctor()	Invulnerable::.ctor	7	0	8	0
2190	0x0600086E	IronCastleEnemySpawning	IronCastleEnemySpawning::Start()	IronCastleEnemySpawning::Start	53	1	2	1
2191	0x0600086F	IronCastleEnemySpawning	IronCastleEnemySpawning::Update()	IronCastleEnemySpawning::Update	106	0	2	0
2192	0x06000870	IronCastleEnemySpawning	IronCastleEnemySpawning::.ctor()	IronCastleEnemySpawning::.ctor	7	0	8	0
2193	0x06000871	KillOnTouch	KillOnTouch::Update()	KillOnTouch::Update	168	6	5	0
2194	0x06000872	KillOnTouch	KillOnTouch::.ctor()	KillOnTouch::.ctor	7	0	8	0
2195	0x06000873	KillOnTouch	KillOnTouch::.cctor()	KillOnTouch::.cctor	13	0	8	0
2196	0x06000874	KnockbackBehavior	KnockbackBehavior::Update()	KnockbackBehavior::Update	69	1	2	0
2197	0x06000875	KnockbackBehavior	KnockbackBehavior::ApplyKnockback(UnityEngine.Vector3,float,float,float,PathfindMovement,Pathfinding.RVO.RVOController,AutoAttack[])	KnockbackBehavior::ApplyKnockback	263	3	5	0
2198	0x06000876	KnockbackBehavior	KnockbackBehavior::UpdateArc()	KnockbackBehavior::UpdateArc	328	5	6	0
2199	0x06000877	KnockbackBehavior	KnockbackBehavior::UpdateDrop()	KnockbackBehavior::UpdateDrop	131	2	4	0
2200	0x06000878	KnockbackBehavior	KnockbackBehavior::UpdateStagger()	KnockbackBehavior::UpdateStagger	58	0	8	0
2201	0x06000879	KnockbackBehavior	KnockbackBehavior::UpdateCorrection()	KnockbackBehavior::UpdateCorrection	32	0	8	0
2202	0x0600087A	KnockbackBehavior	KnockbackBehavior::CalculateEndpoint(UnityEngine.Vector3,UnityEngine.Vector3,float)	KnockbackBehavior::CalculateEndpoint	57	2	3	0
2203	0x0600087B	KnockbackBehavior	KnockbackBehavior::CalculateDropDuration(float)	KnockbackBehavior::CalculateDropDuration	34	0	8	0
2204	0x0600087C	KnockbackBehavior	KnockbackBehavior::CheckIfLocked(ref UnityEngine.Vector3,UnityEngine.Vector3,UnityEngine.Vector3,UnityEngine.Vector3)	KnockbackBehavior::CheckIfLocked	124	0	4	0
2205	0x0600087D	KnockbackBehavior	KnockbackBehavior::EvaluateArc(UnityEngine.Vector3,UnityEngine.Vector3,float,float,float)	KnockbackBehavior::EvaluateArc	82	2	5	0
2206	0x0600087E	KnockbackBehavior	KnockbackBehavior::RecoverOnPath(PathfindMovement,Pathfinding.RVO.RVOController,UnityEngine.Vector3)	KnockbackBehavior::RecoverOnPath	74	2	2	0
2207	0x0600087F	KnockbackBehavior	KnockbackBehavior::.ctor()	KnockbackBehavior::.ctor	93	0	5	0
2208	0x06000880	KnockbackEffect	KnockbackEffect::Effect(Hp,TaggedObject,TaggedObject,Weapon,float,bool,float)	KnockbackEffect::Effect	43	1	2	0
2209	0x06000881	KnockbackEffect	KnockbackEffect::ApplyDamage(UnityEngine.GameObject)	KnockbackEffect::ApplyDamage	62	0	8	0
2210	0x06000882	KnockbackEffect	KnockbackEffect::.ctor()	KnockbackEffect::.ctor	29	0	8	0
2211	0x06000883	KnockbackTriggeredAuto	KnockbackTriggeredAuto::get_KnockbackData()	KnockbackTriggeredAuto::get_KnockbackData	54	0	8	0
2212	0x06000884	KnockbackTriggeredAuto	KnockbackTriggeredAuto::Start()	KnockbackTriggeredAuto::Start	86	1	5	0
2213	0x06000885	KnockbackTriggeredAuto	KnockbackTriggeredAuto::Update()	KnockbackTriggeredAuto::Update	65	0	3	0
2214	0x06000886	KnockbackTriggeredAuto	KnockbackTriggeredAuto::ApplyKnockback()	KnockbackTriggeredAuto::ApplyKnockback	25	0	8	0
2215	0x06000887	KnockbackTriggeredAuto	KnockbackTriggeredAuto::ApplyEffects()	KnockbackTriggeredAuto::ApplyEffects	128	1	5	0
2216	0x06000888	KnockbackTriggeredAuto	KnockbackTriggeredAuto::.ctor()	KnockbackTriggeredAuto::.ctor	62	0	8	0
2217	0x06000889	LastStandPerk	LastStandPerk::OnEnable()	LastStandPerk::OnEnable	139	0	2	0
2218	0x0600088A	LastStandPerk	LastStandPerk::Update()	LastStandPerk::Update	84	0	2	0
2219	0x0600088B	LastStandPerk	LastStandPerk::LastStand()	LastStandPerk::LastStand	30	0	8	0
2220	0x0600088C	LastStandPerk	LastStandPerk::OnDuskEarly()	LastStandPerk::OnDuskEarly	1	0	8	0
2221	0x0600088D	LastStandPerk	LastStandPerk::OnDusk()	LastStandPerk::OnDusk	8	0	8	0
2222	0x0600088E	LastStandPerk	LastStandPerk::OnDawn_AfterSunrise()	LastStandPerk::OnDawn_AfterSunrise	1	0	8	0
2223	0x0600088F	LastStandPerk	LastStandPerk::OnDawn_BeforeSunrise()	LastStandPerk::OnDawn_BeforeSunrise	1	0	8	0
2224	0x06000890	LastStandPerk	LastStandPerk::.ctor()	LastStandPerk::.ctor	36	0	8	0
2225	0x06000891	LaunchableProjectile	LaunchableProjectile::Launch()	LaunchableProjectile::Launch	91	1	4	0
2226	0x06000892	LaunchableProjectile	LaunchableProjectile::Update()	LaunchableProjectile::Update	258	3	5	0
2227	0x06000893	LaunchableProjectile	LaunchableProjectile::OnDrawGizmos()	LaunchableProjectile::OnDrawGizmos	33	0	8	0
2228	0x06000894	LaunchableProjectile	LaunchableProjectile::.ctor()	LaunchableProjectile::.ctor	51	0	8	0
2229	0x06000895	LaunchableProjectile	LaunchableProjectile::.cctor()	LaunchableProjectile::.cctor	13	0	8	0
2230	0x06000896	EternalTrialsInteractor	EternalTrialsInteractor::ReturnTooltip()	EternalTrialsInteractor::ReturnTooltip	15	0	8	0
2231	0x06000897	EternalTrialsInteractor	EternalTrialsInteractor::Focus(PlayerInteraction)	EternalTrialsInteractor::Focus	13	0	8	0
2232	0x06000898	EternalTrialsInteractor	EternalTrialsInteractor::Unfocus(PlayerInteraction)	EternalTrialsInteractor::Unfocus	13	0	8	0
2233	0x06000899	EternalTrialsInteractor	EternalTrialsInteractor::InteractionBegin(PlayerInteraction)	EternalTrialsInteractor::InteractionBegin	32	0	8	0
2234	0x0600089A	EternalTrialsInteractor	EternalTrialsInteractor::.ctor()	EternalTrialsInteractor::.ctor	7	0	8	0
2235	0x0600089B	LevelInteractor	LevelInteractor::get_PlayerTeleportPosition()	LevelInteractor::get_PlayerTeleportPosition	17	0	8	0
2236	0x0600089C	LevelInteractor	LevelInteractor::get_Quests()	LevelInteractor::get_Quests	12	0	8	0
2237	0x0600089D	LevelInteractor	LevelInteractor::UpdateVisualsOnStart()	LevelInteractor::UpdateVisualsOnStart	485	4	6	0
2238	0x0600089E	LevelInteractor	LevelInteractor::EnableBuildingsCoroutine(int,int,float,float)	LevelInteractor::EnableBuildingsCoroutine	43	0	8	0
2239	0x0600089F	LevelInteractor	LevelInteractor::get_CanBePlayed()	LevelInteractor::get_CanBePlayed	41	0	8	0
2240	0x060008A0	LevelInteractor	LevelInteractor::get_CanNotBePlayedReason()	LevelInteractor::get_CanNotBePlayedReason	79	0	7	0
2241	0x060008A1	LevelInteractor	LevelInteractor::Start()	LevelInteractor::Start	113	0	3	0
2242	0x060008A2	LevelInteractor	LevelInteractor::ReturnTooltip()	LevelInteractor::ReturnTooltip	29	0	8	0
2243	0x060008A3	LevelInteractor	LevelInteractor::GenerateCueText()	LevelInteractor::GenerateCueText	46	0	8	0
2244	0x060008A4	LevelInteractor	LevelInteractor::InteractionBegin(PlayerInteraction)	LevelInteractor::InteractionBegin	27	0	8	0
2245	0x060008A5	LevelInteractor	LevelInteractor::Focus(PlayerInteraction)	LevelInteractor::Focus	147	0	2	0
2246	0x060008A6	LevelInteractor	LevelInteractor::Unfocus(PlayerInteraction)	LevelInteractor::Unfocus	25	0	8	0
2247	0x060008A7	LevelInteractor	LevelInteractor::QuestsBeatenString()	LevelInteractor::QuestsBeatenString	49	1	3	0
2248	0x060008A8	LevelInteractor	LevelInteractor::.ctor()	LevelInteractor::.ctor	18	0	8	0
2249	0x060008A9	LevelInteractor/<EnableBuildingsCoroutine>d__22	LevelInteractor.<EnableBuildingsCoroutine>d__22::.ctor(int)	LevelInteractor::EnableBuildingsCoroutine	14	0	8	0
2250	0x060008AA	LevelInteractor/<EnableBuildingsCoroutine>d__22	LevelInteractor.<EnableBuildingsCoroutine>d__22::System.IDisposable.Dispose()	LevelInteractor::EnableBuildingsCoroutine	1	0	8	0
2251	0x060008AB	LevelInteractor/<EnableBuildingsCoroutine>d__22	LevelInteractor.<EnableBuildingsCoroutine>d__22::MoveNext()	LevelInteractor::EnableBuildingsCoroutine	364	5	3	0
2252	0x060008AC	LevelInteractor/<EnableBuildingsCoroutine>d__22	LevelInteractor.<EnableBuildingsCoroutine>d__22::System.Collections.Generic.IEnumerator<System.Object>.get_Current()	LevelInteractor::EnableBuildingsCoroutine	7	0	8	0
2253	0x060008AD	LevelInteractor/<EnableBuildingsCoroutine>d__22	LevelInteractor.<EnableBuildingsCoroutine>d__22::System.Collections.IEnumerator.Reset()	LevelInteractor::EnableBuildingsCoroutine	6	0	8	0
2254	0x060008AE	LevelInteractor/<EnableBuildingsCoroutine>d__22	LevelInteractor.<EnableBuildingsCoroutine>d__22::System.Collections.IEnumerator.get_Current()	LevelInteractor::EnableBuildingsCoroutine	7	0	8	0
2255	0x060008AF	LevelSelectManager	LevelSelectManager::get_ShowingTooltipFor()	LevelSelectManager::get_ShowingTooltipFor	7	0	8	0
2256	0x060008B0	LevelSelectManager	LevelSelectManager::ShowTooltip(Equippable)	LevelSelectManager::ShowTooltip	154	2	3	0
2257	0x060008B1	LevelSelectManager	LevelSelectManager::get_PreLevelMenuIsOpen()	LevelSelectManager::get_PreLevelMenuIsOpen	13	0	8	0
2258	0x060008B2	LevelSelectManager	LevelSelectManager::Awake()	LevelSelectManager::Awake	7	0	8	0
2259	0x060008B3	LevelSelectManager	LevelSelectManager::Start()	LevelSelectManager::Start	32	0	8	0
2260	0x060008B4	LevelSelectManager	LevelSelectManager::MovePlayerToTheLevelYouCameFrom()	LevelSelectManager::MovePlayerToTheLevelYouCameFrom	1	0	8	0
2261	0x060008B5	LevelSelectManager	LevelSelectManager::PlayButtonPressed()	LevelSelectManager::PlayButtonPressed	106	0	2	0
2262	0x060008B6	LevelSelectManager	LevelSelectManager::.ctor()	LevelSelectManager::.ctor	40	0	8	0
2263	0x060008B7	PerkSelectionGroup	PerkSelectionGroup::Start()	PerkSelectionGroup::Start	7	0	8	0
2264	0x060008B8	PerkSelectionGroup	PerkSelectionGroup::UpdateVisuals()	PerkSelectionGroup::UpdateVisuals	763	8	4	2
2265	0x060008B9	PerkSelectionGroup	PerkSelectionGroup::Update()	PerkSelectionGroup::Update	66	0	3	0
2266	0x060008BA	PerkSelectionGroup	PerkSelectionGroup::SelectPerk(PerkSelectionItem)	PerkSelectionGroup::SelectPerk	214	1	3	0
2267	0x060008BB	PerkSelectionGroup	PerkSelectionGroup::.ctor()	PerkSelectionGroup::.ctor	91	0	2	0
2268	0x060008BC	PerkSelectionItem	PerkSelectionItem::get_Equippable()	PerkSelectionItem::get_Equippable	7	0	8	0
2269	0x060008BD	PerkSelectionItem	PerkSelectionItem::OnPointerEnter(UnityEngine.EventSystems.PointerEventData)	PerkSelectionItem::OnPointerEnter	8	0	8	0
2270	0x060008BE	PerkSelectionItem	PerkSelectionItem::OnPointerExit(UnityEngine.EventSystems.PointerEventData)	PerkSelectionItem::OnPointerExit	44	0	8	0
2271	0x060008BF	PerkSelectionItem	PerkSelectionItem::get_Selected()	PerkSelectionItem::get_Selected	12	0	8	0
2272	0x060008C0	PerkSelectionItem	PerkSelectionItem::set_Selected(bool)	PerkSelectionItem::set_Selected	13	0	8	0
2273	0x060008C1	PerkSelectionItem	PerkSelectionItem::Update()	PerkSelectionItem::Update	100	0	2	0
2274	0x060008C2	PerkSelectionItem	PerkSelectionItem::Initialize(Equippable)	PerkSelectionItem::Initialize	136	0	2	0
2275	0x060008C3	PerkSelectionItem	PerkSelectionItem::.ctor()	PerkSelectionItem::.ctor	7	0	8	0
2276	0x060008C4	PlayLevelButton	PlayLevelButton::Start()	PlayLevelButton::Start	30	0	8	0
2277	0x060008C5	PlayLevelButton	PlayLevelButton::OnPointerEnter(UnityEngine.EventSystems.PointerEventData)	PlayLevelButton::OnPointerEnter	8	0	8	0
2278	0x060008C6	PlayLevelButton	PlayLevelButton::OnPointerExit(UnityEngine.EventSystems.PointerEventData)	PlayLevelButton::OnPointerExit	8	0	8	0
2279	0x060008C7	PlayLevelButton	PlayLevelButton::Update()	PlayLevelButton::Update	60	0	8	0
2280	0x060008C8	PlayLevelButton	PlayLevelButton::.ctor()	PlayLevelButton::.ctor	7	0	8	0
2281	0x060008C9	WardrobeInteractor	WardrobeInteractor::InteractionBegin(PlayerInteraction)	WardrobeInteractor::InteractionBegin	17	0	8	0
2282	0x060008CA	WardrobeInteractor	WardrobeInteractor::Focus(PlayerInteraction)	WardrobeInteractor::Focus	13	0	8	0
2283	0x060008CB	WardrobeInteractor	WardrobeInteractor::Unfocus(PlayerInteraction)	WardrobeInteractor::Unfocus	13	0	8	0
2284	0x060008CC	WardrobeInteractor	WardrobeInteractor::.ctor()	WardrobeInteractor::.ctor	7	0	8	0
2285	0x060008CD	LevelBorder	LevelBorder::get_notInArrayMode()	LevelBorder::get_notInArrayMode	10	0	8	0
2286	0x060008CE	LevelBorder	LevelBorder::Start()	LevelBorder::Start	134	2	3	0
2287	0x060008CF	LevelBorder	LevelBorder::Update()	LevelBorder::Update	382	6	3	0
2288	0x060008D0	LevelBorder	LevelBorder::FadeIn()	LevelBorder::FadeIn	14	0	8	0
2289	0x060008D1	LevelBorder	LevelBorder::FadeOut()	LevelBorder::FadeOut	14	0	8	0
2290	0x060008D2	LevelBorder	LevelBorder::.ctor()	LevelBorder::.ctor	29	0	8	0
2291	0x060008D3	LevelBorder/<FadeIn>d__18	LevelBorder.<FadeIn>d__18::.ctor(int)	LevelBorder::FadeIn	14	0	8	0
2292	0x060008D4	LevelBorder/<FadeIn>d__18	LevelBorder.<FadeIn>d__18::System.IDisposable.Dispose()	LevelBorder::FadeIn	1	0	8	0
2293	0x060008D5	LevelBorder/<FadeIn>d__18	LevelBorder.<FadeIn>d__18::MoveNext()	LevelBorder::FadeIn	326	5	5	0
2294	0x060008D6	LevelBorder/<FadeIn>d__18	LevelBorder.<FadeIn>d__18::System.Collections.Generic.IEnumerator<System.Object>.get_Current()	LevelBorder::FadeIn	7	0	8	0
2295	0x060008D7	LevelBorder/<FadeIn>d__18	LevelBorder.<FadeIn>d__18::System.Collections.IEnumerator.Reset()	LevelBorder::FadeIn	6	0	8	0
2296	0x060008D8	LevelBorder/<FadeIn>d__18	LevelBorder.<FadeIn>d__18::System.Collections.IEnumerator.get_Current()	LevelBorder::FadeIn	7	0	8	0
2297	0x060008D9	LevelBorder/<FadeOut>d__19	LevelBorder.<FadeOut>d__19::.ctor(int)	LevelBorder::FadeOut	14	0	8	0
2298	0x060008DA	LevelBorder/<FadeOut>d__19	LevelBorder.<FadeOut>d__19::System.IDisposable.Dispose()	LevelBorder::FadeOut	1	0	8	0
2299	0x060008DB	LevelBorder/<FadeOut>d__19	LevelBorder.<FadeOut>d__19::MoveNext()	LevelBorder::FadeOut	326	5	5	0
2300	0x060008DC	LevelBorder/<FadeOut>d__19	LevelBorder.<FadeOut>d__19::System.Collections.Generic.IEnumerator<System.Object>.get_Current()	LevelBorder::FadeOut	7	0	8	0
2301	0x060008DD	LevelBorder/<FadeOut>d__19	LevelBorder.<FadeOut>d__19::System.Collections.IEnumerator.Reset()	LevelBorder::FadeOut	6	0	8	0
2302	0x060008DE	LevelBorder/<FadeOut>d__19	LevelBorder.<FadeOut>d__19::System.Collections.IEnumerator.get_Current()	LevelBorder::FadeOut	7	0	8	0
2303	0x060008DF	LevelInfo	LevelInfo::get_LocalizedDisplayName()	LevelInfo::get_LocalizedDisplayName	29	0	8	0
2304	0x060008E0	LevelInfo	LevelInfo::get_displaySubtitle()	LevelInfo::get_displaySubtitle	43	0	8	0
2305	0x060008E1	LevelInfo	LevelInfo::get_displayModeDescription()	LevelInfo::get_displayModeDescription	43	0	8	0
2306	0x060008E2	LevelInfo	LevelInfo::get_HasFixedLoadout()	LevelInfo::get_HasFixedLoadout	15	0	8	0
2307	0x060008E3	LevelInfo	LevelInfo::get_LevelData()	LevelInfo::get_LevelData	17	0	8	0
2308	0x060008E4	LevelInfo	LevelInfo::QuestsComplete()	LevelInfo::QuestsComplete	70	3	2	0
2309	0x060008E5	LevelInfo	LevelInfo::QuestsTotal()	LevelInfo::QuestsTotal	22	0	8	0
2310	0x060008E6	LevelInfo	LevelInfo::get_Beaten()	LevelInfo::get_Beaten	12	0	8	0
2311	0x060008E7	LevelInfo	LevelInfo::.ctor()	LevelInfo::.ctor	47	0	8	0
2312	0x060008E8	LightningStriker	LightningStriker::Start()	LightningStriker::Start	148	0	2	0
2313	0x060008E9	LightningStriker	LightningStriker::Update()	LightningStriker::Update	53	0	8	0
2314	0x060008EA	LightningStriker	LightningStriker::AnimateLightningStrike()	LightningStriker::AnimateLightningStrike	14	0	8	0
2315	0x060008EB	LightningStriker	LightningStriker::ResetTimer()	LightningStriker::ResetTimer	24	0	8	0
2316	0x060008EC	LightningStriker	LightningStriker::.ctor()	LightningStriker::.ctor	62	0	8	0
2317	0x060008ED	LightningStriker/<AnimateLightningStrike>d__14	LightningStriker.<AnimateLightningStrike>d__14::.ctor(int)	LightningStriker::AnimateLightningStrike	14	0	8	0
2318	0x060008EE	LightningStriker/<AnimateLightningStrike>d__14	LightningStriker.<AnimateLightningStrike>d__14::System.IDisposable.Dispose()	LightningStriker::AnimateLightningStrike	1	0	8	0
2319	0x060008EF	LightningStriker/<AnimateLightningStrike>d__14	LightningStriker.<AnimateLightningStrike>d__14::MoveNext()	LightningStriker::AnimateLightningStrike	371	3	4	0
2320	0x060008F0	LightningStriker/<AnimateLightningStrike>d__14	LightningStriker.<AnimateLightningStrike>d__14::System.Collections.Generic.IEnumerator<System.Object>.get_Current()	LightningStriker::AnimateLightningStrike	7	0	8	0
2321	0x060008F1	LightningStriker/<AnimateLightningStrike>d__14	LightningStriker.<AnimateLightningStrike>d__14::System.Collections.IEnumerator.Reset()	LightningStriker::AnimateLightningStrike	6	0	8	0
2322	0x060008F2	LightningStriker/<AnimateLightningStrike>d__14	LightningStriker.<AnimateLightningStrike>d__14::System.Collections.IEnumerator.get_Current()	LightningStriker::AnimateLightningStrike	7	0	8	0
2323	0x060008F3	LimitDeltaTime	LimitDeltaTime::Start()	LimitDeltaTime::Start	18	0	8	0
2324	0x060008F4	LimitDeltaTime	LimitDeltaTime::.ctor()	LimitDeltaTime::.ctor	18	0	8	0
2325	0x060008F5	LimitedLifetime	LimitedLifetime::Start()	LimitedLifetime::Start	18	0	8	0
2326	0x060008F6	LimitedLifetime	LimitedLifetime::.ctor()	LimitedLifetime::.ctor	18	0	8	0
2327	0x060008F7	LoadSceneOnTop	LoadSceneOnTop::Start()	LoadSceneOnTop::Start	7	0	8	0
2328	0x060008F8	LoadSceneOnTop	LoadSceneOnTop::LoadScene()	LoadSceneOnTop::LoadScene	37	0	8	0
2329	0x060008F9	LoadSceneOnTop	LoadSceneOnTop::.ctor()	LoadSceneOnTop::.ctor	7	0	8	0
2330	0x060008FA	LocalGamestate	LocalGamestate::get_SelectedGameMode()	LocalGamestate::get_SelectedGameMode	6	0	8	0
2331	0x060008FB	LocalGamestate	LocalGamestate::set_SelectedGameMode(LocalGamestate.GameMode)	LocalGamestate::set_SelectedGameMode	13	0	8	0
2332	0x060008FC	LocalGamestate	LocalGamestate::get_GameModeSet()	LocalGamestate::get_GameModeSet	6	0	8	0
2333	0x060008FD	LocalGamestate	LocalGamestate::get_CurrentState()	LocalGamestate::get_CurrentState	7	0	8	0
2334	0x060008FE	LocalGamestate	LocalGamestate::get_Instance()	LocalGamestate::get_Instance	6	0	8	0
2335	0x060008FF	LocalGamestate	LocalGamestate::get_PlayerFrozen()	LocalGamestate::get_PlayerFrozen	7	0	8	0
2336	0x06000900	LocalGamestate	LocalGamestate::Awake()	LocalGamestate::Awake	45	0	8	0
2337	0x06000901	LocalGamestate	LocalGamestate::Start()	LocalGamestate::Start	125	3	4	1
2338	0x06000902	LocalGamestate	LocalGamestate::SetState(LocalGamestate.State,bool,bool)	LocalGamestate::SetState	167	2	3	0
2339	0x06000903	LocalGamestate	LocalGamestate::WaitThenTriggerEndOfMatchScreen(bool)	LocalGamestate::WaitThenTriggerEndOfMatchScreen	21	0	8	0
2340	0x06000904	LocalGamestate	LocalGamestate::OnVitalObjectKill()	LocalGamestate::OnVitalObjectKill	20	0	8	0
2341	0x06000905	LocalGamestate	LocalGamestate::SetPlayerFreezeState(bool)	LocalGamestate::SetPlayerFreezeState	8	0	8	0
2342	0x06000906	LocalGamestate	LocalGamestate::.ctor()	LocalGamestate::.ctor	36	0	8	0
2343	0x06000907	LocalGamestate/<WaitThenTriggerEndOfMatchScreen>d__25	LocalGamestate.<WaitThenTriggerEndOfMatchScreen>d__25::.ctor(int)	LocalGamestate::WaitThenTriggerEndOfMatchScreen	14	0	8	0
2344	0x06000908	LocalGamestate/<WaitThenTriggerEndOfMatchScreen>d__25	LocalGamestate.<WaitThenTriggerEndOfMatchScreen>d__25::System.IDisposable.Dispose()	LocalGamestate::WaitThenTriggerEndOfMatchScreen	1	0	8	0
2345	0x06000909	LocalGamestate/<WaitThenTriggerEndOfMatchScreen>d__25	LocalGamestate.<WaitThenTriggerEndOfMatchScreen>d__25::MoveNext()	LocalGamestate::WaitThenTriggerEndOfMatchScreen	274	2	5	0
2346	0x0600090A	LocalGamestate/<WaitThenTriggerEndOfMatchScreen>d__25	LocalGamestate.<WaitThenTriggerEndOfMatchScreen>d__25::System.Collections.Generic.IEnumerator<System.Object>.get_Current()	LocalGamestate::WaitThenTriggerEndOfMatchScreen	7	0	8	0
2347	0x0600090B	LocalGamestate/<WaitThenTriggerEndOfMatchScreen>d__25	LocalGamestate.<WaitThenTriggerEndOfMatchScreen>d__25::System.Collections.IEnumerator.Reset()	LocalGamestate::WaitThenTriggerEndOfMatchScreen	6	0	8	0
2348	0x0600090C	LocalGamestate/<WaitThenTriggerEndOfMatchScreen>d__25	LocalGamestate.<WaitThenTriggerEndOfMatchScreen>d__25::System.Collections.IEnumerator.get_Current()	LocalGamestate::WaitThenTriggerEndOfMatchScreen	7	0	8	0
2349	0x0600090D	LoseHealthOverTime	LoseHealthOverTime::Update()	LoseHealthOverTime::Update	73	0	5	0
2350	0x0600090E	LoseHealthOverTime	LoseHealthOverTime::.ctor()	LoseHealthOverTime::.ctor	18	0	8	0
2351	0x0600090F	AchievementManager	AchievementManager::GiveCrownsAchievement(int)	AchievementManager::GiveCrownsAchievement	72	0	2	0
2352	0x06000910	AchievementManager	AchievementManager::UnlockEternalTrialsAchievementForBeating(int)	AchievementManager::UnlockEternalTrialsAchievementForBeating	93	0	2	0
2353	0x06000911	AchievementManager	AchievementManager::UnlockAchievement(AchievementManager.Achievements)	AchievementManager::UnlockAchievement	46	0	8	0
2354	0x06000912	AchievementManager	AchievementManager::ResetAllAchievements()	AchievementManager::ResetAllAchievements	64	3	2	0
2355	0x06000913	AchievementManager	AchievementManager::LevelBeaten(string)	AchievementManager::LevelBeaten	203	0	2	0
2356	0x06000914	AchievementManager	AchievementManager::LevelAllQuestsComplete(string)	AchievementManager::LevelAllQuestsComplete	178	0	2	0
2357	0x06000915	AchievementManager	AchievementManager::.ctor()	AchievementManager::.ctor	7	0	8	0
2358	0x06000916	BlacksmithUpgrades	BlacksmithUpgrades::Awake()	BlacksmithUpgrades::Awake	7	0	8	0
2359	0x06000917	BlacksmithUpgrades	BlacksmithUpgrades::Start()	BlacksmithUpgrades::Start	141	0	3	0
2360	0x06000918	BlacksmithUpgrades	BlacksmithUpgrades::Update()	BlacksmithUpgrades::Update	1	0	8	0
2361	0x06000919	BlacksmithUpgrades	BlacksmithUpgrades::.ctor()	BlacksmithUpgrades::.ctor	62	0	8	0
2362	0x0600091A	CancelOrOpenPauseMenu	CancelOrOpenPauseMenu::Start()	CancelOrOpenPauseMenu::Start	29	0	8	0
2363	0x0600091B	CancelOrOpenPauseMenu	CancelOrOpenPauseMenu::Update()	CancelOrOpenPauseMenu::Update	67	0	5	0
2364	0x0600091C	CancelOrOpenPauseMenu	CancelOrOpenPauseMenu::.ctor()	CancelOrOpenPauseMenu::.ctor	7	0	8	0
2365	0x0600091D	ChoiceManager	ChoiceManager::get_ChoiceCoroutineWaiting()	ChoiceManager::get_ChoiceCoroutineWaiting	20	0	8	0
2366	0x0600091E	ChoiceManager	ChoiceManager::get_ChoiceCoroutineRunning()	ChoiceManager::get_ChoiceCoroutineRunning	7	0	8	0
2367	0x0600091F	ChoiceManager	ChoiceManager::CancelChoice()	ChoiceManager::CancelChoice	8	0	8	0
2368	0x06000920	ChoiceManager	ChoiceManager::Awake()	ChoiceManager::Awake	7	0	8	0
2369	0x06000921	ChoiceManager	ChoiceManager::PresentChoices(System.Collections.Generic.List<Choice>,BuildSlot,System.Action<Choice>)	ChoiceManager::PresentChoices	88	0	4	0
2370	0x06000922	ChoiceManager	ChoiceManager::Choice(System.Collections.Generic.List<Choice>,System.Action<Choice>)	ChoiceManager::Choice	21	0	8	0
2371	0x06000923	ChoiceManager	ChoiceManager::.ctor()	ChoiceManager::.ctor	18	0	8	0
2372	0x06000924	ChoiceManager/<Choice>d__13	ChoiceManager.<Choice>d__13::.ctor(int)	ChoiceManager::Choice	14	0	8	0
2373	0x06000925	ChoiceManager/<Choice>d__13	ChoiceManager.<Choice>d__13::System.IDisposable.Dispose()	ChoiceManager::Choice	1	0	8	0
2374	0x06000926	ChoiceManager/<Choice>d__13	ChoiceManager.<Choice>d__13::MoveNext()	ChoiceManager::Choice	174	2	2	0
2375	0x06000927	ChoiceManager/<Choice>d__13	ChoiceManager.<Choice>d__13::System.Collections.Generic.IEnumerator<System.Object>.get_Current()	ChoiceManager::Choice	7	0	8	0
2376	0x06000928	ChoiceManager/<Choice>d__13	ChoiceManager.<Choice>d__13::System.Collections.IEnumerator.Reset()	ChoiceManager::Choice	6	0	8	0
2377	0x06000929	ChoiceManager/<Choice>d__13	ChoiceManager.<Choice>d__13::System.Collections.IEnumerator.get_Current()	ChoiceManager::Choice	7	0	8	0
2378	0x0600092A	Choice	Choice::get_CanBePicked()	Choice::get_CanBePicked	42	0	8	0
2379	0x0600092B	Choice	Choice::.ctor(string,string,UnityEngine.Sprite)	Choice::.ctor	50	0	8	0
2380	0x0600092C	ControlConfigSaveLoad	ControlConfigSaveLoad::get_SavePath()	ControlConfigSaveLoad::get_SavePath	6	0	8	0
2381	0x0600092D	ControlConfigSaveLoad	ControlConfigSaveLoad::SaveControlConfigToJson()	ControlConfigSaveLoad::SaveControlConfigToJson	102	2	3	1
2382	0x0600092E	ControlConfigSaveLoad	ControlConfigSaveLoad::LoadControlConfigFromJson()	ControlConfigSaveLoad::LoadControlConfigFromJson	254	6	4	3
2383	0x0600092F	ControlConfigSaveLoad	ControlConfigSaveLoad::GetAllKnownActionIDs()	ControlConfigSaveLoad::GetAllKnownActionIDs	67	3	3	0
2384	0x06000930	ControlConfigSaveLoad	ControlConfigSaveLoad::AddDefaultMappingsForNewActions(Rewired.ControllerIdentifier,Rewired.ControllerMap,System.Collections.Generic.List<int>,System.Collections.Generic.List<int>)	ControlConfigSaveLoad::AddDefaultMappingsForNewActions	271	7	10	2
2385	0x06000931	ControlConfig	ControlConfig::Initialize(System.Collections.Generic.List<Rewired.ControllerMap>)	ControlConfig::Initialize	95	2	4	1
2386	0x06000932	ControlConfig	ControlConfig::.ctor()	ControlConfig::.ctor	18	0	8	0
2387	0x06000933	ControlConfig/ControllerData	ControlConfig.ControllerData::.ctor(Rewired.ControllerType,int,string)	ControlConfig/ControllerData::.ctor	50	0	8	0
2388	0x06000934	EnemySpawnManager	EnemySpawnManager::Awake()	EnemySpawnManager::Awake	7	0	8	0
2389	0x06000935	EnemySpawnManager	EnemySpawnManager::.ctor()	EnemySpawnManager::.ctor	18	0	8	0
2390	0x06000936	GPUInstanced	GPUInstanced::Start()	GPUInstanced::Start	195	0	5	0
2391	0x06000937	GPUInstanced	GPUInstanced::OnEnable()	GPUInstanced::OnEnable	64	0	5	0
2392	0x06000938	GPUInstanced	GPUInstanced::OnDisable()	GPUInstanced::OnDisable	46	0	8	0
2393	0x06000939	GPUInstanced	GPUInstanced::OnMeshOrMaterialUpdate(UnityEngine.Mesh,UnityEngine.Material)	GPUInstanced::OnMeshOrMaterialUpdate	80	0	7	0
2394	0x0600093A	GPUInstanced	GPUInstanced::Update()	GPUInstanced::Update	24	0	8	0
2395	0x0600093B	GPUInstanced	GPUInstanced::.ctor()	GPUInstanced::.ctor	14	0	8	0
2396	0x0600093C	GPUInstancingManager	GPUInstancingManager::Awake()	GPUInstancingManager::Awake	34	0	8	0
2397	0x0600093D	GPUInstancingManager	GPUInstancingManager::Update()	GPUInstancingManager::Update	448	12	6	2
2398	0x0600093E	GPUInstancingManager	GPUInstancingManager::AddVirtualMeshRenderer(UnityEngine.Mesh,UnityEngine.Material,UnityEngine.Transform,bool)	GPUInstancingManager::AddVirtualMeshRenderer	118	3	3	0
2399	0x0600093F	GPUInstancingManager	GPUInstancingManager::RemoveVirtualMeshRenderer(UnityEngine.Mesh,UnityEngine.Material,UnityEngine.Transform)	GPUInstancingManager::RemoveVirtualMeshRenderer	100	3	3	0
2400	0x06000940	GPUInstancingManager	GPUInstancingManager::UpdateVirtualMeshRenderer(UnityEngine.Mesh,UnityEngine.Material,UnityEngine.Mesh,UnityEngine.Material,UnityEngine.Transform,bool)	GPUInstancingManager::UpdateVirtualMeshRenderer	24	0	8	0
2401	0x06000941	GPUInstancingManager	GPUInstancingManager::.ctor()	GPUInstancingManager::.ctor	48	0	8	0
2402	0x06000942	LevelProgressManager	LevelProgressManager::get_EternalTrialsHighscore()	LevelProgressManager::get_EternalTrialsHighscore	7	0	8	0
2403	0x06000943	LevelProgressManager	LevelProgressManager::set_EternalTrialsHighscore(int)	LevelProgressManager::set_EternalTrialsHighscore	8	0	8	0
2404	0x06000944	LevelProgressManager	LevelProgressManager::GetLevelInfoFromSceneName(string)	LevelProgressManager::GetLevelInfoFromSceneName	51	1	2	0
2405	0x06000945	LevelProgressManager	LevelProgressManager::GetLevelInfoFromCurrentSceneName()	LevelProgressManager::GetLevelInfoFromCurrentSceneName	59	3	2	0
2406	0x06000946	LevelProgressManager	LevelProgressManager::get_SceneNameToLevelData()	LevelProgressManager::get_SceneNameToLevelData	7	0	8	0
2407	0x06000947	LevelProgressManager	LevelProgressManager::StartsWithUnderscore(string)	LevelProgressManager::StartsWithUnderscore	22	0	8	0
2408	0x06000948	LevelProgressManager	LevelProgressManager::AreAllBuildOptionsUnlockedInThisLevel()	LevelProgressManager::AreAllBuildOptionsUnlockedInThisLevel	35	1	2	0
2409	0x06000949	LevelProgressManager	LevelProgressManager::Awake()	LevelProgressManager::Awake	52	0	8	0
2410	0x0600094A	LevelProgressManager	LevelProgressManager::GetLevelDataForScene(string)	LevelProgressManager::GetLevelDataForScene	79	1	3	0
2411	0x0600094B	LevelProgressManager	LevelProgressManager::GetLevelDataForActiveScene()	LevelProgressManager::GetLevelDataForActiveScene	22	2	2	0
2412	0x0600094C	LevelProgressManager	LevelProgressManager::SceneExists(string)	LevelProgressManager::SceneExists	75	3	3	0
2413	0x0600094D	LevelProgressManager	LevelProgressManager::CrownsAvailabe()	LevelProgressManager::CrownsAvailabe	78	4	2	0
2414	0x0600094E	LevelProgressManager	LevelProgressManager::CrownsAchieved()	LevelProgressManager::CrownsAchieved	78	4	2	0
2415	0x0600094F	LevelProgressManager	LevelProgressManager::.ctor()	LevelProgressManager::.ctor	18	0	8	0
2416	0x06000950	LevelProgressManager	LevelProgressManager::.cctor()	LevelProgressManager::.cctor	11	0	8	0
2417	0x06000951	LevelData	LevelData::SaveScoreAndStatsToBestIfBest(bool)	LevelData::SaveScoreAndStatsToBestIfBest	169	0	2	0
2418	0x06000952	LevelData	LevelData::.ctor()	LevelData::.ctor	62	0	8	0
2419	0x06000953	UnitySerializedDictionary`2	UnitySerializedDictionary::UnityEngine.ISerializationCallbackReceiver.OnAfterDeserialize()	UnitySerializedDictionary`2::UnityEngine.ISerializationCallbackReceiver.OnAfterDeserialize	73	1	4	0
2420	0x06000954	UnitySerializedDictionary`2	UnitySerializedDictionary::UnityEngine.ISerializationCallbackReceiver.OnBeforeSerialize()	UnitySerializedDictionary`2::UnityEngine.ISerializationCallbackReceiver.OnBeforeSerialize	101	2	2	1
2421	0x06000955	UnitySerializedDictionary`2	UnitySerializedDictionary::.ctor()	UnitySerializedDictionary`2::.ctor	29	0	8	0
2422	0x06000956	SceneNameToLevelData	SceneNameToLevelData::.ctor()	SceneNameToLevelData::.ctor	7	0	8	0
2423	0x06000957	MusicManager	MusicManager::get_CurrentVolume()	MusicManager::get_CurrentVolume	7	0	8	0
2424	0x06000958	MusicManager	MusicManager::set_CurrentVolume(float)	MusicManager::set_CurrentVolume	68	2	3	0
2425	0x06000959	MusicManager	MusicManager::Awake()	MusicManager::Awake	85	3	3	0
2426	0x0600095A	MusicManager	MusicManager::PlayMusic(UnityEngine.AudioClip,float)	MusicManager::PlayMusic	94	0	5	0
2427	0x0600095B	MusicManager	MusicManager::FadeOutChangeMusicFadeIn(UnityEngine.AudioClip,float)	MusicManager::FadeOutChangeMusicFadeIn	28	0	8	0
2428	0x0600095C	MusicManager	MusicManager::FadeOutAndStop(float)	MusicManager::FadeOutAndStop	21	0	8	0
2429	0x0600095D	MusicManager	MusicManager::FadeOut(float)	MusicManager::FadeOut	21	0	8	0
2430	0x0600095E	MusicManager	MusicManager::FadeIn(float)	MusicManager::FadeIn	21	0	8	0
2431	0x0600095F	MusicManager	MusicManager::.ctor()	MusicManager::.ctor	29	0	8	0
2432	0x06000960	MusicManager	MusicManager::<set_CurrentVolume>b__11_0(MusicManager.OverrideVolume)	MusicManager::set_CurrentVolume	18	0	8	0
2433	0x06000961	MusicManager/OverrideVolume	MusicManager.OverrideVolume::.ctor(UnityEngine.AudioClip,float)	MusicManager/OverrideVolume::.ctor	21	0	8	0
2434	0x06000962	MusicManager/<FadeIn>d__17	MusicManager.<FadeIn>d__17::.ctor(int)	MusicManager::FadeIn	14	0	8	0
2435	0x06000963	MusicManager/<FadeIn>d__17	MusicManager.<FadeIn>d__17::System.IDisposable.Dispose()	MusicManager::FadeIn	1	0	8	0
2436	0x06000964	MusicManager/<FadeIn>d__17	MusicManager.<FadeIn>d__17::MoveNext()	MusicManager::FadeIn	150	2	4	0
2437	0x06000965	MusicManager/<FadeIn>d__17	MusicManager.<FadeIn>d__17::System.Collections.Generic.IEnumerator<System.Object>.get_Current()	MusicManager::FadeIn	7	0	8	0
2438	0x06000966	MusicManager/<FadeIn>d__17	MusicManager.<FadeIn>d__17::System.Collections.IEnumerator.Reset()	MusicManager::FadeIn	6	0	8	0
2439	0x06000967	MusicManager/<FadeIn>d__17	MusicManager.<FadeIn>d__17::System.Collections.IEnumerator.get_Current()	MusicManager::FadeIn	7	0	8	0
2440	0x06000968	MusicManager/<FadeOut>d__16	MusicManager.<FadeOut>d__16::.ctor(int)	MusicManager::FadeOut	14	0	8	0
2441	0x06000969	MusicManager/<FadeOut>d__16	MusicManager.<FadeOut>d__16::System.IDisposable.Dispose()	MusicManager::FadeOut	1	0	8	0
2442	0x0600096A	MusicManager/<FadeOut>d__16	MusicManager.<FadeOut>d__16::MoveNext()	MusicManager::FadeOut	150	2	4	0
2443	0x0600096B	MusicManager/<FadeOut>d__16	MusicManager.<FadeOut>d__16::System.Collections.Generic.IEnumerator<System.Object>.get_Current()	MusicManager::FadeOut	7	0	8	0
2444	0x0600096C	MusicManager/<FadeOut>d__16	MusicManager.<FadeOut>d__16::System.Collections.IEnumerator.Reset()	MusicManager::FadeOut	6	0	8	0
2445	0x0600096D	MusicManager/<FadeOut>d__16	MusicManager.<FadeOut>d__16::System.Collections.IEnumerator.get_Current()	MusicManager::FadeOut	7	0	8	0
2446	0x0600096E	MusicManager/<FadeOutAndStop>d__15	MusicManager.<FadeOutAndStop>d__15::.ctor(int)	MusicManager::FadeOutAndStop	14	0	8	0
2447	0x0600096F	MusicManager/<FadeOutAndStop>d__15	MusicManager.<FadeOutAndStop>d__15::System.IDisposable.Dispose()	MusicManager::FadeOutAndStop	1	0	8	0
2448	0x06000970	MusicManager/<FadeOutAndStop>d__15	MusicManager.<FadeOutAndStop>d__15::MoveNext()	MusicManager::FadeOutAndStop	151	2	4	0
2449	0x06000971	MusicManager/<FadeOutAndStop>d__15	MusicManager.<FadeOutAndStop>d__15::System.Collections.Generic.IEnumerator<System.Object>.get_Current()	MusicManager::FadeOutAndStop	7	0	8	0
2450	0x06000972	MusicManager/<FadeOutAndStop>d__15	MusicManager.<FadeOutAndStop>d__15::System.Collections.IEnumerator.Reset()	MusicManager::FadeOutAndStop	6	0	8	0
2451	0x06000973	MusicManager/<FadeOutAndStop>d__15	MusicManager.<FadeOutAndStop>d__15::System.Collections.IEnumerator.get_Current()	MusicManager::FadeOutAndStop	7	0	8	0
2452	0x06000974	MusicManager/<FadeOutChangeMusicFadeIn>d__14	MusicManager.<FadeOutChangeMusicFadeIn>d__14::.ctor(int)	MusicManager::FadeOutChangeMusicFadeIn	14	0	8	0
2453	0x06000975	MusicManager/<FadeOutChangeMusicFadeIn>d__14	MusicManager.<FadeOutChangeMusicFadeIn>d__14::System.IDisposable.Dispose()	MusicManager::FadeOutChangeMusicFadeIn	1	0	8	0
2454	0x06000976	MusicManager/<FadeOutChangeMusicFadeIn>d__14	MusicManager.<FadeOutChangeMusicFadeIn>d__14::MoveNext()	MusicManager::FadeOutChangeMusicFadeIn	327	2	4	0
2455	0x06000977	MusicManager/<FadeOutChangeMusicFadeIn>d__14	MusicManager.<FadeOutChangeMusicFadeIn>d__14::System.Collections.Generic.IEnumerator<System.Object>.get_Current()	MusicManager::FadeOutChangeMusicFadeIn	7	0	8	0
2456	0x06000978	MusicManager/<FadeOutChangeMusicFadeIn>d__14	MusicManager.<FadeOutChangeMusicFadeIn>d__14::System.Collections.IEnumerator.Reset()	MusicManager::FadeOutChangeMusicFadeIn	6	0	8	0
2457	0x06000979	MusicManager/<FadeOutChangeMusicFadeIn>d__14	MusicManager.<FadeOutChangeMusicFadeIn>d__14::System.Collections.IEnumerator.get_Current()	MusicManager::FadeOutChangeMusicFadeIn	7	0	8	0
2458	0x0600097A	PerkManager	PerkManager::get_CurrentlyEquipped()	PerkManager::get_CurrentlyEquipped	7	0	8	0
2459	0x0600097B	PerkManager	PerkManager::get_MetaLevels()	PerkManager::get_MetaLevels	7	0	8	0
2460	0x0600097C	PerkManager	PerkManager::get_NextMetaLevel()	PerkManager::get_NextMetaLevel	72	0	3	0
2461	0x0600097D	PerkManager	PerkManager::get_RoyalMintActive()	PerkManager::get_RoyalMintActive	12	0	8	0
2462	0x0600097E	PerkManager	PerkManager::get_RatGodActive()	PerkManager::get_RatGodActive	12	0	8	0
2463	0x0600097F	PerkManager	PerkManager::get_WarriorModeActive()	PerkManager::get_WarriorModeActive	12	0	8	0
2464	0x06000980	PerkManager	PerkManager::get_CommanderModeActive()	PerkManager::get_CommanderModeActive	12	0	8	0
2465	0x06000981	PerkManager	PerkManager::get_GlassCanonActive()	PerkManager::get_GlassCanonActive	12	0	8	0
2466	0x06000982	PerkManager	PerkManager::get_HealingSpiritsActive()	PerkManager::get_HealingSpiritsActive	12	0	8	0
2467	0x06000983	PerkManager	PerkManager::get_ArcherySkillsActive()	PerkManager::get_ArcherySkillsActive	12	0	8	0
2468	0x06000984	PerkManager	PerkManager::get_IceMagicActive()	PerkManager::get_IceMagicActive	12	0	8	0
2469	0x06000985	PerkManager	PerkManager::get_RangedResistenceActive()	PerkManager::get_RangedResistenceActive	12	0	8	0
2470	0x06000986	PerkManager	PerkManager::get_MeleeResistenceActive()	PerkManager::get_MeleeResistenceActive	12	0	8	0
2471	0x06000987	PerkManager	PerkManager::get_TreasureHunterActive()	PerkManager::get_TreasureHunterActive	12	0	8	0
2472	0x06000988	PerkManager	PerkManager::get_CheeseGodActive()	PerkManager::get_CheeseGodActive	12	0	8	0
2473	0x06000989	PerkManager	PerkManager::get_GodOfDeathActive()	PerkManager::get_GodOfDeathActive	12	0	8	0
2474	0x0600098A	PerkManager	PerkManager::get_DestructionGodActive()	PerkManager::get_DestructionGodActive	12	0	8	0
2475	0x0600098B	PerkManager	PerkManager::get_TauntThePhoenixGodActive()	PerkManager::get_TauntThePhoenixGodActive	12	0	8	0
2476	0x0600098C	PerkManager	PerkManager::get_HealthPotionsActive()	PerkManager::get_HealthPotionsActive	12	0	8	0
2477	0x0600098D	PerkManager	PerkManager::get_AntiAirTelescope()	PerkManager::get_AntiAirTelescope	12	0	8	0
2478	0x0600098E	PerkManager	PerkManager::get_StrongerHeros()	PerkManager::get_StrongerHeros	12	0	8	0
2479	0x0600098F	PerkManager	PerkManager::get_MeleeDamageActive()	PerkManager::get_MeleeDamageActive	12	0	8	0
2480	0x06000990	PerkManager	PerkManager::get_RangedDamageActive()	PerkManager::get_RangedDamageActive	12	0	8	0
2481	0x06000991	PerkManager	PerkManager::get_PrayToWarGodsActive()	PerkManager::get_PrayToWarGodsActive	12	0	8	0
2482	0x06000992	PerkManager	PerkManager::get_SpellScrollActive()	PerkManager::get_SpellScrollActive	12	0	8	0
2483	0x06000993	PerkManager	PerkManager::get_LightMaterialsEquipped()	PerkManager::get_LightMaterialsEquipped	12	0	8	0
2484	0x06000994	PerkManager	PerkManager::get_LoanEquipped()	PerkManager::get_LoanEquipped	12	0	8	0
2485	0x06000995	PerkManager	PerkManager::get_RiskTakerEquipped()	PerkManager::get_RiskTakerEquipped	12	0	8	0
2486	0x06000996	PerkManager	PerkManager::get_EliteTowersEquipped()	PerkManager::get_EliteTowersEquipped	12	0	8	0
2487	0x06000997	PerkManager	PerkManager::get_EliteGodEquipped()	PerkManager::get_EliteGodEquipped	12	0	8	0
2488	0x06000998	PerkManager	PerkManager::get_GrowthGodEquipped()	PerkManager::get_GrowthGodEquipped	12	0	8	0
2489	0x06000999	PerkManager	PerkManager::get_RangeGodEquipped()	PerkManager::get_RangeGodEquipped	12	0	8	0
2490	0x0600099A	PerkManager	PerkManager::get_GodOfChaosEquipped()	PerkManager::get_GodOfChaosEquipped	12	0	8	0
2491	0x0600099B	PerkManager	PerkManager::get_ExperienceGainEquipped()	PerkManager::get_ExperienceGainEquipped	12	0	8	0
2492	0x0600099C	PerkManager	PerkManager::get_OutpostEquipped()	PerkManager::get_OutpostEquipped	12	0	8	0
2493	0x0600099D	PerkManager	PerkManager::get_HealingGoldEquipped()	PerkManager::get_HealingGoldEquipped	12	0	8	0
2494	0x0600099E	PerkManager	PerkManager::get_RoyalProtectionEquipped()	PerkManager::get_RoyalProtectionEquipped	12	0	8	0
2495	0x0600099F	PerkManager	PerkManager::get_LastStandEquipped()	PerkManager::get_LastStandEquipped	12	0	8	0
2496	0x060009A0	PerkManager	PerkManager::get_GodOfAfterlifeEquipped()	PerkManager::get_GodOfAfterlifeEquipped	12	0	8	0
2497	0x060009A1	PerkManager	PerkManager::get_GodOfChoiceEquipped()	PerkManager::get_GodOfChoiceEquipped	12	0	8	0
2498	0x060009A2	PerkManager	PerkManager::get_PacifistPactEquipped()	PerkManager::get_PacifistPactEquipped	12	0	8	0
2499	0x060009A3	PerkManager	PerkManager::Awake()	PerkManager::Awake	199	1	4	0
2500	0x060009A4	PerkManager	PerkManager::IsEquipped(Equippable)	PerkManager::IsEquipped	42	0	8	0
2501	0x060009A5	PerkManager	PerkManager::SetEquipped(Equippable,bool)	PerkManager::SetEquipped	87	0	2	0
2502	0x060009A6	PerkManager	PerkManager::ClearAllEquipped()	PerkManager::ClearAllEquipped	29	0	8	0
2503	0x060009A7	PerkManager	PerkManager::.ctor()	PerkManager::.ctor	459	0	2	0
2504	0x060009A8	PerkManager/<>c	PerkManager.<>c::.cctor()	PerkManager::.cctor	11	0	8	0
2505	0x060009A9	PerkManager/<>c	PerkManager.<>c::.ctor()	PerkManager::.ctor	7	0	8	0
2506	0x060009AA	PerkManager/<>c	PerkManager.<>c::<Awake>b__201_0(Equippable)	PerkManager::Awake	7	0	8	0
2507	0x060009AB	MetaLevel	MetaLevel::.ctor(int,Equippable)	MetaLevel::.ctor	21	0	8	0
2508	0x060009AC	RoyalForgeUpgrades	RoyalForgeUpgrades::Awake()	RoyalForgeUpgrades::Awake	7	0	8	0
2509	0x060009AD	RoyalForgeUpgrades	RoyalForgeUpgrades::Start()	RoyalForgeUpgrades::Start	1	0	8	0
2510	0x060009AE	RoyalForgeUpgrades	RoyalForgeUpgrades::Update()	RoyalForgeUpgrades::Update	1	0	8	0
2511	0x060009AF	RoyalForgeUpgrades	RoyalForgeUpgrades::.ctor()	RoyalForgeUpgrades::.ctor	51	0	8	0
2512	0x060009B0	SaveLoadManager	SaveLoadManager::get_SaveFileName()	SaveLoadManager::get_SaveFileName	7	0	8	0
2513	0x060009B1	SaveLoadManager	SaveLoadManager::Awake()	SaveLoadManager::Awake	52	0	8	0
2514	0x060009B2	SaveLoadManager	SaveLoadManager::Start()	SaveLoadManager::Start	8	0	8	0
2515	0x060009B3	SaveLoadManager	SaveLoadManager::Update()	SaveLoadManager::Update	11	0	8	0
2516	0x060009B4	SaveLoadManager	SaveLoadManager::DebugLoadMaxedOutSave()	SaveLoadManager::DebugLoadMaxedOutSave	8	0	8	0
2517	0x060009B5	SaveLoadManager	SaveLoadManager::SaveGame()	SaveLoadManager::SaveGame	618	9	4	3
2518	0x060009B6	SaveLoadManager	SaveLoadManager::SaveSingle(string,string)	SaveLoadManager::SaveSingle	41	0	8	0
2519	0x060009B7	SaveLoadManager	SaveLoadManager::SaveList(string,System.Collections.Generic.List<!!0>)	SaveLoadManager::SaveList	103	3	3	0
2520	0x060009B8	SaveLoadManager	SaveLoadManager::LoadGame(bool)	SaveLoadManager::LoadGame	1344	12	6	1
2521	0x060009B9	SaveLoadManager	SaveLoadManager::ReadNextLn()	SaveLoadManager::ReadNextLn	40	0	8	0
2522	0x060009BA	SaveLoadManager	SaveLoadManager::DebugLogInEditorOnly(string)	SaveLoadManager::DebugLogInEditorOnly	1	0	8	0
2523	0x060009BB	SaveLoadManager	SaveLoadManager::.ctor()	SaveLoadManager::.ctor	47	0	8	0
2524	0x060009BC	SceneTransitionManager	SceneTransitionManager::get_CurrentSceneState()	SceneTransitionManager::get_CurrentSceneState	7	0	8	0
2525	0x060009BD	SceneTransitionManager	SceneTransitionManager::get_LastSceneState()	SceneTransitionManager::get_LastSceneState	7	0	8	0
2526	0x060009BE	SceneTransitionManager	SceneTransitionManager::get_IngameScoreFromLastMatch()	SceneTransitionManager::get_IngameScoreFromLastMatch	7	0	8	0
2527	0x060009BF	SceneTransitionManager	SceneTransitionManager::get_GoldBonusScoreFromLastMatch()	SceneTransitionManager::get_GoldBonusScoreFromLastMatch	7	0	8	0
2528	0x060009C0	SceneTransitionManager	SceneTransitionManager::get_MutatorBonusScoreFromLastMatch()	SceneTransitionManager::get_MutatorBonusScoreFromLastMatch	7	0	8	0
2529	0x060009C1	SceneTransitionManager	SceneTransitionManager::get_NoRetryBonusScoreFromLastMatch()	SceneTransitionManager::get_NoRetryBonusScoreFromLastMatch	7	0	8	0
2530	0x060009C2	SceneTransitionManager	SceneTransitionManager::get_TotalScoreFromLastMatch()	SceneTransitionManager::get_TotalScoreFromLastMatch	7	0	8	0
2531	0x060009C3	SceneTransitionManager	SceneTransitionManager::get_TotalScoreFromLastMatchIsNewPersonalRecord()	SceneTransitionManager::get_TotalScoreFromLastMatchIsNewPersonalRecord	7	0	8	0
2532	0x060009C4	SceneTransitionManager	SceneTransitionManager::get_ComingFromGameplayScene()	SceneTransitionManager::get_ComingFromGameplayScene	7	0	8	0
2533	0x060009C5	SceneTransitionManager	SceneTransitionManager::get_LevelDataFromLastMatch()	SceneTransitionManager::get_LevelDataFromLastMatch	7	0	8	0
2534	0x060009C6	SceneTransitionManager	SceneTransitionManager::get_SceneTransitionIsRunning()	SceneTransitionManager::get_SceneTransitionIsRunning	7	0	8	0
2535	0x060009C7	SceneTransitionManager	SceneTransitionManager::Awake()	SceneTransitionManager::Awake	146	1	2	0
2536	0x060009C8	SceneTransitionManager	SceneTransitionManager::Start()	SceneTransitionManager::Start	1	0	8	0
2537	0x060009C9	SceneTransitionManager	SceneTransitionManager::TransitionFromLevelSelectToLevel(string)	SceneTransitionManager::TransitionFromLevelSelectToLevel	34	0	8	0
2538	0x060009CA	SceneTransitionManager	SceneTransitionManager::TransitionFromNullToLevel(string)	SceneTransitionManager::TransitionFromNullToLevel	14	0	8	0
2539	0x060009CB	SceneTransitionManager	SceneTransitionManager::RestartCurrentLevel()	SceneTransitionManager::RestartCurrentLevel	20	1	2	0
2540	0x060009CC	SceneTransitionManager	SceneTransitionManager::SetComingFromSceneToCurrentScene()	SceneTransitionManager::SetComingFromSceneToCurrentScene	39	1	2	0
2541	0x060009CD	SceneTransitionManager	SceneTransitionManager::TransitionFromGameplayToEndScreen(int,int,int,int)	SceneTransitionManager::TransitionFromGameplayToEndScreen	168	1	3	0
2542	0x060009CE	SceneTransitionManager	SceneTransitionManager::TransitionFromEndScreenToLevelSelect()	SceneTransitionManager::TransitionFromEndScreenToLevelSelect	13	0	8	0
2543	0x060009CF	SceneTransitionManager	SceneTransitionManager::TransitionToScene(string)	SceneTransitionManager::TransitionToScene	128	0	3	0
2544	0x060009D0	SceneTransitionManager	SceneTransitionManager::FadeFormula(float)	SceneTransitionManager::FadeFormula	12	0	8	0
2545	0x060009D1	SceneTransitionManager	SceneTransitionManager::SceneTransitionAnimation(string)	SceneTransitionManager::SceneTransitionAnimation	21	0	8	0
2546	0x060009D2	SceneTransitionManager	SceneTransitionManager::TransitionFromNullToLevelSelect()	SceneTransitionManager::TransitionFromNullToLevelSelect	13	0	8	0
2547	0x060009D3	SceneTransitionManager	SceneTransitionManager::TransitionFromLevelToLevelSelect()	SceneTransitionManager::TransitionFromLevelToLevelSelect	19	0	8	0
2548	0x060009D4	SceneTransitionManager	SceneTransitionManager::TransitionToLevelSelect()	SceneTransitionManager::TransitionToLevelSelect	13	0	8	0
2549	0x060009D5	SceneTransitionManager	SceneTransitionManager::TransitionToMainMenu()	SceneTransitionManager::TransitionToMainMenu	13	0	8	0
2550	0x060009D6	SceneTransitionManager	SceneTransitionManager::IsInLevelSelect()	SceneTransitionManager::IsInLevelSelect	64	1	1	0
2551	0x060009D7	SceneTransitionManager	SceneTransitionManager::IsDLCLevelSelect()	SceneTransitionManager::IsDLCLevelSelect	43	1	1	0
2552	0x060009D8	SceneTransitionManager	SceneTransitionManager::SetCurrentLevelSelect()	SceneTransitionManager::SetCurrentLevelSelect	36	1	2	0
2553	0x060009D9	SceneTransitionManager	SceneTransitionManager::GetCurrentLevelSelectScene()	SceneTransitionManager::GetCurrentLevelSelectScene	27	0	8	0
2554	0x060009DA	SceneTransitionManager	SceneTransitionManager::.ctor()	SceneTransitionManager::.ctor	73	0	2	0
2555	0x060009DB	SceneTransitionManager/<SceneTransitionAnimation>d__59	SceneTransitionManager.<SceneTransitionAnimation>d__59::.ctor(int)	SceneTransitionManager::SceneTransitionAnimation	14	0	8	0
2556	0x060009DC	SceneTransitionManager/<SceneTransitionAnimation>d__59	SceneTransitionManager.<SceneTransitionAnimation>d__59::System.IDisposable.Dispose()	SceneTransitionManager::SceneTransitionAnimation	1	0	8	0
2557	0x060009DD	SceneTransitionManager/<SceneTransitionAnimation>d__59	SceneTransitionManager.<SceneTransitionAnimation>d__59::MoveNext()	SceneTransitionManager::SceneTransitionAnimation	834	7	8	0
2558	0x060009DE	SceneTransitionManager/<SceneTransitionAnimation>d__59	SceneTransitionManager.<SceneTransitionAnimation>d__59::System.Collections.Generic.IEnumerator<System.Object>.get_Current()	SceneTransitionManager::SceneTransitionAnimation	7	0	8	0
2559	0x060009DF	SceneTransitionManager/<SceneTransitionAnimation>d__59	SceneTransitionManager.<SceneTransitionAnimation>d__59::System.Collections.IEnumerator.Reset()	SceneTransitionManager::SceneTransitionAnimation	6	0	8	0
2560	0x060009E0	SceneTransitionManager/<SceneTransitionAnimation>d__59	SceneTransitionManager.<SceneTransitionAnimation>d__59::System.Collections.IEnumerator.get_Current()	SceneTransitionManager::SceneTransitionAnimation	7	0	8	0
2561	0x060009E1	TextTranslator	TextTranslator::Awake()	TextTranslator::Awake	7	0	8	0
2562	0x060009E2	TextTranslator	TextTranslator::Translate(string,bool,int,bool,bool)	TextTranslator::Translate	341	9	8	2
2563	0x060009E3	TextTranslator	TextTranslator::ConvertToSpacedString(string)	TextTranslator::ConvertToSpacedString	101	2	3	0
2564	0x060009E4	TextTranslator	TextTranslator::TranslateAndInsertLevelNumber(string,int,bool,bool,int,bool,bool)	TextTranslator::TranslateAndInsertLevelNumber	426	8	13	2
2565	0x060009E5	TextTranslator	TextTranslator::TranslateAndInsertMapName(string,string,bool,bool,int,bool,bool)	TextTranslator::TranslateAndInsertMapName	390	8	11	2
2566	0x060009E6	TextTranslator	TextTranslator::.ctor()	TextTranslator::.ctor	7	0	8	0
2567	0x060009E7	CurseBlastMA	CurseBlastMA::Awake()	CurseBlastMA::Awake	7	0	8	0
2568	0x060009E8	CurseBlastMA	CurseBlastMA::AddCursedHp(Hp,Weapon,TaggedObject,float)	CurseBlastMA::AddCursedHp	152	3	5	1
2569	0x060009E9	CurseBlastMA	CurseBlastMA::Attack()	CurseBlastMA::Attack	361	5	5	3
2570	0x060009EA	CurseBlastMA	CurseBlastMA::.ctor()	CurseBlastMA::.ctor	40	0	8	0
2571	0x060009EB	FalcionMA	FalcionMA::Start()	FalcionMA::Start	7	0	8	0
2572	0x060009EC	FalcionMA	FalcionMA::Attack()	FalcionMA::Attack	70	0	3	0
2573	0x060009ED	FalcionMA	FalcionMA::Update()	FalcionMA::Update	34	0	8	0
2574	0x060009EE	FalcionMA	FalcionMA::.ctor()	FalcionMA::.ctor	25	0	8	0
2575	0x060009EF	HealBoostMA	HealBoostMA::Start()	HealBoostMA::Start	7	0	8	0
2576	0x060009F0	HealBoostMA	HealBoostMA::Attack()	HealBoostMA::Attack	131	1	3	0
2577	0x060009F1	HealBoostMA	HealBoostMA::Update()	HealBoostMA::Update	203	2	3	0
2578	0x060009F2	HealBoostMA	HealBoostMA::.ctor()	HealBoostMA::.ctor	51	0	8	0
2579	0x060009F3	KnockbackMA	KnockbackMA::get_KnockbackData()	KnockbackMA::get_KnockbackData	54	0	8	0
2580	0x060009F4	KnockbackMA	KnockbackMA::Start()	KnockbackMA::Start	96	1	5	0
2581	0x060009F5	KnockbackMA	KnockbackMA::Attack()	KnockbackMA::Attack	20	0	8	0
2582	0x060009F6	KnockbackMA	KnockbackMA::ApplyDamage(UnityEngine.Transform)	KnockbackMA::ApplyDamage	25	0	8	0
2583	0x060009F7	KnockbackMA	KnockbackMA::ApplyEffects()	KnockbackMA::ApplyEffects	117	1	5	0
2584	0x060009F8	KnockbackMA	KnockbackMA::.ctor()	KnockbackMA::.ctor	29	0	8	0
2585	0x060009F9	LightningWandMA	LightningWandMA::Start()	LightningWandMA::Start	18	0	8	0
2586	0x060009FA	LightningWandMA	LightningWandMA::Attack()	LightningWandMA::Attack	538	7	7	1
2587	0x060009FB	LightningWandMA	LightningWandMA::.ctor()	LightningWandMA::.ctor	18	0	8	0
2588	0x060009FC	ManualAttack	ManualAttack::get_AttackDamageMultiplyer()	ManualAttack::get_AttackDamageMultiplyer	12	0	8	0
2589	0x060009FD	ManualAttack	ManualAttack::get_Cooldown()	ManualAttack::get_Cooldown	7	0	8	0
2590	0x060009FE	ManualAttack	ManualAttack::set_Cooldown(float)	ManualAttack::set_Cooldown	8	0	8	0
2591	0x060009FF	ManualAttack	ManualAttack::get_LastTargetPos()	ManualAttack::get_LastTargetPos	7	0	8	0
2592	0x06000A00	ManualAttack	ManualAttack::Start()	ManualAttack::Start	142	0	3	0
2593	0x06000A01	ManualAttack	ManualAttack::get_CooldownPercentage()	ManualAttack::get_CooldownPercentage	19	0	8	0
2594	0x06000A02	ManualAttack	ManualAttack::Update()	ManualAttack::Update	39	0	8	0
2595	0x06000A03	ManualAttack	ManualAttack::DisableMarkersIfDead()	ManualAttack::DisableMarkersIfDead	97	0	2	0
2596	0x06000A04	ManualAttack	ManualAttack::Tick()	ManualAttack::Tick	530	3	8	0
2597	0x06000A05	ManualAttack	ManualAttack::TryToAttack()	ManualAttack::TryToAttack	83	0	3	0
2598	0x06000A06	ManualAttack	ManualAttack::HandleAttackUpdate()	ManualAttack::HandleAttackUpdate	251	1	8	0
2599	0x06000A07	ManualAttack	ManualAttack::Attack()	ManualAttack::Attack	387	3	8	0
2600	0x06000A08	ManualAttack	ManualAttack::FindAttackTarget(bool)	ManualAttack::FindAttackTarget	133	2	3	0
2601	0x06000A09	ManualAttack	ManualAttack::FindAttackTargetWithInfiniteRange(bool)	ManualAttack::FindAttackTargetWithInfiniteRange	139	3	3	0
2602	0x06000A0A	ManualAttack	ManualAttack::.ctor()	ManualAttack::.ctor	58	0	8	0
2603	0x06000A0B	PlayerShieldMA	PlayerShieldMA::Start()	PlayerShieldMA::Start	24	0	8	0
2604	0x06000A0C	PlayerShieldMA	PlayerShieldMA::Attack()	PlayerShieldMA::Attack	44	0	8	0
2605	0x06000A0D	PlayerShieldMA	PlayerShieldMA::Update()	PlayerShieldMA::Update	66	0	3	0
2606	0x06000A0E	PlayerShieldMA	PlayerShieldMA::IsDead()	PlayerShieldMA::IsDead	22	0	8	0
2607	0x06000A0F	PlayerShieldMA	PlayerShieldMA::ShouldDisableEffect()	PlayerShieldMA::ShouldDisableEffect	41	0	8	0
2608	0x06000A10	PlayerShieldMA	PlayerShieldMA::EffectEnable()	PlayerShieldMA::EffectEnable	34	0	8	0
2609	0x06000A11	PlayerShieldMA	PlayerShieldMA::EffectUpdate()	PlayerShieldMA::EffectUpdate	13	0	8	0
2610	0x06000A12	PlayerShieldMA	PlayerShieldMA::EffectDisable()	PlayerShieldMA::EffectDisable	30	0	8	0
2611	0x06000A13	PlayerShieldMA	PlayerShieldMA::.ctor()	PlayerShieldMA::.ctor	18	0	8	0
2612	0x06000A14	PotionVialAutoCast	PotionVialAutoCast::FindAttackTarget(bool)	PotionVialAutoCast::FindAttackTarget	168	2	3	0
2613	0x06000A15	PotionVialAutoCast	PotionVialAutoCast::FindAttackTargetWithInfiniteRange(bool)	PotionVialAutoCast::FindAttackTargetWithInfiniteRange	64	2	2	0
2614	0x06000A16	PotionVialAutoCast	PotionVialAutoCast::.ctor()	PotionVialAutoCast::.ctor	7	0	8	0
2615	0x06000A17	SpawnAttackAfter	SpawnAttackAfter::get_SpwanAttackOnDeath()	SpawnAttackAfter::get_SpwanAttackOnDeath	7	0	8	0
2616	0x06000A18	SpawnAttackAfter	SpawnAttackAfter::set_SpwanAttackOnDeath(Weapon)	SpawnAttackAfter::set_SpwanAttackOnDeath	8	0	8	0
2617	0x06000A19	SpawnAttackAfter	SpawnAttackAfter::get_taggedObject()	SpawnAttackAfter::get_taggedObject	7	0	8	0
2618	0x06000A1A	SpawnAttackAfter	SpawnAttackAfter::set_taggedObject(TaggedObject)	SpawnAttackAfter::set_taggedObject	8	0	8	0
2619	0x06000A1B	SpawnAttackAfter	SpawnAttackAfter::Start()	SpawnAttackAfter::Start	91	0	3	0
2620	0x06000A1C	SpawnAttackAfter	SpawnAttackAfter::Update()	SpawnAttackAfter::Update	142	0	7	0
2621	0x06000A1D	SpawnAttackAfter	SpawnAttackAfter::.ctor()	SpawnAttackAfter::.ctor	18	0	8	0
2622	0x06000A1E	SpawnAttackOnCollision	SpawnAttackOnCollision::get_SpwanAttackOnDeath()	SpawnAttackOnCollision::get_SpwanAttackOnDeath	7	0	8	0
2623	0x06000A1F	SpawnAttackOnCollision	SpawnAttackOnCollision::set_SpwanAttackOnDeath(Weapon)	SpawnAttackOnCollision::set_SpwanAttackOnDeath	8	0	8	0
2624	0x06000A20	SpawnAttackOnCollision	SpawnAttackOnCollision::get_taggedObject()	SpawnAttackOnCollision::get_taggedObject	7	0	8	0
2625	0x06000A21	SpawnAttackOnCollision	SpawnAttackOnCollision::set_taggedObject(TaggedObject)	SpawnAttackOnCollision::set_taggedObject	8	0	8	0
2626	0x06000A22	SpawnAttackOnCollision	SpawnAttackOnCollision::Start()	SpawnAttackOnCollision::Start	65	0	3	0
2627	0x06000A23	SpawnAttackOnCollision	SpawnAttackOnCollision::Update()	SpawnAttackOnCollision::Update	326	5	5	1
2628	0x06000A24	SpawnAttackOnCollision	SpawnAttackOnCollision::Fire()	SpawnAttackOnCollision::Fire	137	0	9	0
2629	0x06000A25	SpawnAttackOnCollision	SpawnAttackOnCollision::OnDuskEarly()	SpawnAttackOnCollision::OnDuskEarly	1	0	8	0
2630	0x06000A26	SpawnAttackOnCollision	SpawnAttackOnCollision::OnDusk()	SpawnAttackOnCollision::OnDusk	1	0	8	0
2631	0x06000A27	SpawnAttackOnCollision	SpawnAttackOnCollision::OnDawn_AfterSunrise()	SpawnAttackOnCollision::OnDawn_AfterSunrise	23	0	8	0
2632	0x06000A28	SpawnAttackOnCollision	SpawnAttackOnCollision::OnDawn_BeforeSunrise()	SpawnAttackOnCollision::OnDawn_BeforeSunrise	23	0	8	0
2633	0x06000A29	SpawnAttackOnCollision	SpawnAttackOnCollision::.ctor()	SpawnAttackOnCollision::.ctor	64	0	2	0
2634	0x06000A2A	SpawnMA	SpawnMA::Attack()	SpawnMA::Attack	67	0	3	0
2635	0x06000A2B	SpawnMA	SpawnMA::.ctor()	SpawnMA::.ctor	7	0	8	0
2636	0x06000A2C	SpawnWithFreeMA	SpawnWithFreeMA::Start()	SpawnWithFreeMA::Start	18	0	8	0
2637	0x06000A2D	SpawnWithFreeMA	SpawnWithFreeMA::HandleAttackUpdate()	SpawnWithFreeMA::HandleAttackUpdate	250	1	8	0
2638	0x06000A2E	SpawnWithFreeMA	SpawnWithFreeMA::Attack()	SpawnWithFreeMA::Attack	132	0	3	0
2639	0x06000A2F	SpawnWithFreeMA	SpawnWithFreeMA::OnDawn_AfterSunrise()	SpawnWithFreeMA::OnDawn_AfterSunrise	1	0	8	0
2640	0x06000A30	SpawnWithFreeMA	SpawnWithFreeMA::OnDawn_BeforeSunrise()	SpawnWithFreeMA::OnDawn_BeforeSunrise	1	0	8	0
2641	0x06000A31	SpawnWithFreeMA	SpawnWithFreeMA::OnDusk()	SpawnWithFreeMA::OnDusk	8	0	8	0
2642	0x06000A32	SpawnWithFreeMA	SpawnWithFreeMA::OnDuskEarly()	SpawnWithFreeMA::OnDuskEarly	1	0	8	0
2643	0x06000A33	SpawnWithFreeMA	SpawnWithFreeMA::.ctor()	SpawnWithFreeMA::.ctor	14	0	8	0
2644	0x06000A34	StabMA	StabMA::get_TargetsStabeed()	StabMA::get_TargetsStabeed	7	0	8	0
2645	0x06000A35	StabMA	StabMA::Start()	StabMA::Start	41	0	8	0
2646	0x06000A36	StabMA	StabMA::Attack()	StabMA::Attack	253	3	7	0
2647	0x06000A37	StabMA	StabMA::StabSuccessful()	StabMA::StabSuccessful	75	1	8	0
2648	0x06000A38	StabMA	StabMA::StabMissed()	StabMA::StabMissed	61	1	8	0
2649	0x06000A39	StabMA	StabMA::FindAttackTarget(bool)	StabMA::FindAttackTarget	134	2	3	0
2650	0x06000A3A	StabMA	StabMA::.ctor()	StabMA::.ctor	29	0	8	0
2651	0x06000A3B	MapAchievements	MapAchievements::Start()	MapAchievements::Start	14	0	8	0
2652	0x06000A3C	MapAchievements	MapAchievements::GiveMapAchievements()	MapAchievements::GiveMapAchievements	7	0	8	0
2653	0x06000A3D	MapAchievements	MapAchievements::.ctor()	MapAchievements::.ctor	7	0	8	0
2654	0x06000A3E	MapAchievements/<GiveMapAchievements>d__1	MapAchievements.<GiveMapAchievements>d__1::.ctor(int)	MapAchievements::GiveMapAchievements	14	0	8	0
2655	0x06000A3F	MapAchievements/<GiveMapAchievements>d__1	MapAchievements.<GiveMapAchievements>d__1::System.IDisposable.Dispose()	MapAchievements::GiveMapAchievements	1	0	8	0
2656	0x06000A40	MapAchievements/<GiveMapAchievements>d__1	MapAchievements.<GiveMapAchievements>d__1::MoveNext()	MapAchievements::GiveMapAchievements	180	4	2	1
2657	0x06000A41	MapAchievements/<GiveMapAchievements>d__1	MapAchievements.<GiveMapAchievements>d__1::System.Collections.Generic.IEnumerator<System.Object>.get_Current()	MapAchievements::GiveMapAchievements	7	0	8	0
2658	0x06000A42	MapAchievements/<GiveMapAchievements>d__1	MapAchievements.<GiveMapAchievements>d__1::System.Collections.IEnumerator.Reset()	MapAchievements::GiveMapAchievements	6	0	8	0
2659	0x06000A43	MapAchievements/<GiveMapAchievements>d__1	MapAchievements.<GiveMapAchievements>d__1::System.Collections.IEnumerator.get_Current()	MapAchievements::GiveMapAchievements	7	0	8	0
2660	0x06000A44	MillRotor	MillRotor::Start()	MillRotor::Start	12	0	8	0
2661	0x06000A45	MillRotor	MillRotor::Update()	MillRotor::Update	191	0	5	0
2662	0x06000A46	MillRotor	MillRotor::.ctor()	MillRotor::.ctor	29	0	8	0
2663	0x06000A47	Mill_ImprovedPlow	Mill_ImprovedPlow::OnEnable()	Mill_ImprovedPlow::OnEnable	240	1	3	2
2664	0x06000A48	Mill_ImprovedPlow	Mill_ImprovedPlow::.ctor()	Mill_ImprovedPlow::.ctor	7	0	8	0
2665	0x06000A49	Mill_ImprovementExplosiveTrap	Mill_ImprovementExplosiveTrap::Start()	Mill_ImprovementExplosiveTrap::Start	12	0	8	0
2666	0x06000A4A	Mill_ImprovementExplosiveTrap	Mill_ImprovementExplosiveTrap::OnDawn_AfterSunrise()	Mill_ImprovementExplosiveTrap::OnDawn_AfterSunrise	1	0	8	0
2667	0x06000A4B	Mill_ImprovementExplosiveTrap	Mill_ImprovementExplosiveTrap::OnDawn_BeforeSunrise()	Mill_ImprovementExplosiveTrap::OnDawn_BeforeSunrise	1	0	8	0
2668	0x06000A4C	Mill_ImprovementExplosiveTrap	Mill_ImprovementExplosiveTrap::OnDusk()	Mill_ImprovementExplosiveTrap::OnDusk	7	0	8	0
2669	0x06000A4D	Mill_ImprovementExplosiveTrap	Mill_ImprovementExplosiveTrap::OnEnable()	Mill_ImprovementExplosiveTrap::OnEnable	85	0	2	0
2670	0x06000A4E	Mill_ImprovementExplosiveTrap	Mill_ImprovementExplosiveTrap::SetCorrectWeapon()	Mill_ImprovementExplosiveTrap::SetCorrectWeapon	301	1	2	3
2671	0x06000A4F	Mill_ImprovementExplosiveTrap	Mill_ImprovementExplosiveTrap::OnDuskEarly()	Mill_ImprovementExplosiveTrap::OnDuskEarly	1	0	8	0
2672	0x06000A50	Mill_ImprovementExplosiveTrap	Mill_ImprovementExplosiveTrap::.ctor()	Mill_ImprovementExplosiveTrap::.ctor	7	0	8	0
2673	0x06000A51	Mill_ImprovementWindSpirits	Mill_ImprovementWindSpirits::Start()	Mill_ImprovementWindSpirits::Start	41	0	8	0
2674	0x06000A52	Mill_ImprovementWindSpirits	Mill_ImprovementWindSpirits::Update()	Mill_ImprovementWindSpirits::Update	59	0	8	0
2675	0x06000A53	Mill_ImprovementWindSpirits	Mill_ImprovementWindSpirits::BlockAnArrow()	Mill_ImprovementWindSpirits::BlockAnArrow	141	2	4	0
2676	0x06000A54	Mill_ImprovementWindSpirits	Mill_ImprovementWindSpirits::OnEnable()	Mill_ImprovementWindSpirits::OnEnable	170	1	2	1
2677	0x06000A55	Mill_ImprovementWindSpirits	Mill_ImprovementWindSpirits::OnDusk()	Mill_ImprovementWindSpirits::OnDusk	7	0	8	0
2678	0x06000A56	Mill_ImprovementWindSpirits	Mill_ImprovementWindSpirits::OnDawn_AfterSunrise()	Mill_ImprovementWindSpirits::OnDawn_AfterSunrise	1	0	8	0
2679	0x06000A57	Mill_ImprovementWindSpirits	Mill_ImprovementWindSpirits::OnDawn_BeforeSunrise()	Mill_ImprovementWindSpirits::OnDawn_BeforeSunrise	1	0	8	0
2680	0x06000A58	Mill_ImprovementWindSpirits	Mill_ImprovementWindSpirits::SetCorrectWeapon()	Mill_ImprovementWindSpirits::SetCorrectWeapon	81	0	2	0
2681	0x06000A59	Mill_ImprovementWindSpirits	Mill_ImprovementWindSpirits::OnDuskEarly()	Mill_ImprovementWindSpirits::OnDuskEarly	1	0	8	0
2682	0x06000A5A	Mill_ImprovementWindSpirits	Mill_ImprovementWindSpirits::.ctor()	Mill_ImprovementWindSpirits::.ctor	84	0	2	0
2683	0x06000A5B	Mill_Improvement_Scarecrows	Mill_Improvement_Scarecrows::OnEnable()	Mill_Improvement_Scarecrows::OnEnable	210	5	2	1
2684	0x06000A5C	Mill_Improvement_Scarecrows	Mill_Improvement_Scarecrows::.ctor()	Mill_Improvement_Scarecrows::.ctor	7	0	8	0
2685	0x06000A5D	MineShaft	MineShaft::get_MyBuildSlot()	MineShaft::get_MyBuildSlot	7	0	8	0
2686	0x06000A5E	MineShaft	MineShaft::SetCooldown(float)	MineShaft::SetCooldown	8	0	8	0
2687	0x06000A5F	MineShaft	MineShaft::Initialize()	MineShaft::Initialize	51	0	8	0
2688	0x06000A60	MineShaft	MineShaft::Start()	MineShaft::Start	121	1	2	0
2689	0x06000A61	MineShaft	MineShaft::SortAllMineShafts()	MineShaft::SortAllMineShafts	42	0	8	0
2690	0x06000A62	MineShaft	MineShaft::FindNextMineShaftAfter(int)	MineShaft::FindNextMineShaftAfter	96	2	2	0
2691	0x06000A63	MineShaft	MineShaft::Update()	MineShaft::Update	415	8	5	0
2692	0x06000A64	MineShaft	MineShaft::OnDawn()	MineShaft::OnDawn	7	0	8	0
2693	0x06000A65	MineShaft	MineShaft::DecreaseIncome()	MineShaft::DecreaseIncome	94	0	3	0
2694	0x06000A66	MineShaft	MineShaft::ForceDecreaseIncome()	MineShaft::ForceDecreaseIncome	21	0	8	0
2695	0x06000A67	MineShaft	MineShaft::SetIncome()	MineShaft::SetIncome	95	0	3	0
2696	0x06000A68	MineShaft	MineShaft::OnBeforeMainLoadPass(string)	MineShaft::OnBeforeMainLoadPass	1	0	8	0
2697	0x06000A69	MineShaft	MineShaft::OnAfterMainLoadPass(string)	MineShaft::OnAfterMainLoadPass	1	0	8	0
2698	0x06000A6A	MineShaft	MineShaft::OnLoad(string)	MineShaft::OnLoad	68	0	3	0
2699	0x06000A6B	MineShaft	MineShaft::ExecuteDelayedLoad()	MineShaft::ExecuteDelayedLoad	38	1	2	0
2700	0x06000A6C	MineShaft	MineShaft::OnSave(string)	MineShaft::OnSave	18	0	8	0
2701	0x06000A6D	MineShaft	MineShaft::.ctor()	MineShaft::.ctor	79	0	2	0
2702	0x06000A6E	MineShaft	MineShaft::.cctor()	MineShaft::.cctor	11	0	8	0
2703	0x06000A6F	MineShaft/<>c	MineShaft.<>c::.cctor()	MineShaft::.cctor	11	0	8	0
2704	0x06000A70	MineShaft/<>c	MineShaft.<>c::.ctor()	MineShaft::.ctor	7	0	8	0
2705	0x06000A71	MineShaft/<>c	MineShaft.<>c::<SortAllMineShafts>b__23_0(MineShaft,MineShaft)	MineShaft::SortAllMineShafts	101	4	2	0
2706	0x06000A72	MinimapRenderer	MinimapRenderer::Awake()	MinimapRenderer::Awake	7	0	8	0
2707	0x06000A73	MinimapRenderer	MinimapRenderer::Start()	MinimapRenderer::Start	250	1	5	0
2708	0x06000A74	MinimapRenderer	MinimapRenderer::DrawCircle(float,float,float)	MinimapRenderer::DrawCircle	146	5	4	0
2709	0x06000A75	MinimapRenderer	MinimapRenderer::RenderBackground()	MinimapRenderer::RenderBackground	155	0	7	0
2710	0x06000A76	MinimapRenderer	MinimapRenderer::GenerateGroundMesh()	MinimapRenderer::GenerateGroundMesh	221	7	3	1
2711	0x06000A77	MinimapRenderer	MinimapRenderer::GetScreenSpaceMatrix(UnityEngine.Matrix4x4,int,int)	MinimapRenderer::GetScreenSpaceMatrix	75	1	3	0
2712	0x06000A78	MinimapRenderer	MinimapRenderer::DrawPlayer()	MinimapRenderer::DrawPlayer	99	2	5	0
2713	0x06000A79	MinimapRenderer	MinimapRenderer::DrawEnemies()	MinimapRenderer::DrawEnemies	157	3	5	1
2714	0x06000A7A	MinimapRenderer	MinimapRenderer::RenderMesh(UnityEngine.Mesh,UnityEngine.Material,UnityEngine.RenderTexture,float,float)	MinimapRenderer::RenderMesh	466	10	5	0
2715	0x06000A7B	MinimapRenderer	MinimapRenderer::RenderBotOfBox(UnityEngine.Vector3,UnityEngine.Vector3,UnityEngine.Quaternion)	MinimapRenderer::RenderBotOfBox	759	6	7	0
2716	0x06000A7C	MinimapRenderer	MinimapRenderer::StartTrianglesDrawCall(UnityEngine.Material)	MinimapRenderer::StartTrianglesDrawCall	70	0	4	0
2717	0x06000A7D	MinimapRenderer	MinimapRenderer::EndTrianglesDrawCall()	MinimapRenderer::EndTrianglesDrawCall	17	0	8	0
2718	0x06000A7E	MinimapRenderer	MinimapRenderer::DrawAllies(TagManager.ETag,UnityEngine.Material)	MinimapRenderer::DrawAllies	368	10	5	1
2719	0x06000A7F	MinimapRenderer	MinimapRenderer::Saturate(UnityEngine.Color,float)	MinimapRenderer::Saturate	151	5	5	0
2720	0x06000A80	MinimapRenderer	MinimapRenderer::EnsureColorIsDifferentFrom(UnityEngine.Color,UnityEngine.Color,float)	MinimapRenderer::EnsureColorIsDifferentFrom	245	4	4	0
2721	0x06000A81	MinimapRenderer	MinimapRenderer::ColorDistance(UnityEngine.Color,UnityEngine.Color)	MinimapRenderer::ColorDistance	77	0	3	0
2722	0x06000A82	MinimapRenderer	MinimapRenderer::GrabColorsFromCurrentColorScheme()	MinimapRenderer::GrabColorsFromCurrentColorScheme	320	1	5	0
2723	0x06000A83	MinimapRenderer	MinimapRenderer::ClearMinimap()	MinimapRenderer::ClearMinimap	18	0	8	0
2724	0x06000A84	MinimapRenderer	MinimapRenderer::PeriodicallyUpdateMinimap()	MinimapRenderer::PeriodicallyUpdateMinimap	14	0	8	0
2725	0x06000A85	MinimapRenderer	MinimapRenderer::.ctor()	MinimapRenderer::.ctor	115	0	2	0
2726	0x06000A86	MinimapRenderer/<PeriodicallyUpdateMinimap>d__44	MinimapRenderer.<PeriodicallyUpdateMinimap>d__44::.ctor(int)	MinimapRenderer::PeriodicallyUpdateMinimap	14	0	8	0
2727	0x06000A87	MinimapRenderer/<PeriodicallyUpdateMinimap>d__44	MinimapRenderer.<PeriodicallyUpdateMinimap>d__44::System.IDisposable.Dispose()	MinimapRenderer::PeriodicallyUpdateMinimap	1	0	8	0
2728	0x06000A88	MinimapRenderer/<PeriodicallyUpdateMinimap>d__44	MinimapRenderer.<PeriodicallyUpdateMinimap>d__44::MoveNext()	MinimapRenderer::PeriodicallyUpdateMinimap	374	3	3	0
2729	0x06000A89	MinimapRenderer/<PeriodicallyUpdateMinimap>d__44	MinimapRenderer.<PeriodicallyUpdateMinimap>d__44::System.Collections.Generic.IEnumerator<System.Object>.get_Current()	MinimapRenderer::PeriodicallyUpdateMinimap	7	0	8	0
2730	0x06000A8A	MinimapRenderer/<PeriodicallyUpdateMinimap>d__44	MinimapRenderer.<PeriodicallyUpdateMinimap>d__44::System.Collections.IEnumerator.Reset()	MinimapRenderer::PeriodicallyUpdateMinimap	6	0	8	0
2731	0x06000A8B	MinimapRenderer/<PeriodicallyUpdateMinimap>d__44	MinimapRenderer.<PeriodicallyUpdateMinimap>d__44::System.Collections.IEnumerator.get_Current()	MinimapRenderer::PeriodicallyUpdateMinimap	7	0	8	0
2732	0x06000A8C	Moleman	Moleman::Start()	Moleman::Start	13	0	8	0
2733	0x06000A8D	Moleman	Moleman::Update()	Moleman::Update	81	0	4	0
2734	0x06000A8E	Moleman	Moleman::TeleportAnimation()	Moleman::TeleportAnimation	14	0	8	0
2735	0x06000A8F	Moleman	Moleman::DigAnimation(float)	Moleman::DigAnimation	101	1	4	0
2736	0x06000A90	Moleman	Moleman::InstantiateHere(UnityEngine.GameObject)	Moleman::InstantiateHere	63	1	3	0
2737	0x06000A91	Moleman	Moleman::.ctor()	Moleman::.ctor	138	0	3	0
2738	0x06000A92	Moleman/<TeleportAnimation>d__24	Moleman.<TeleportAnimation>d__24::.ctor(int)	Moleman::TeleportAnimation	14	0	8	0
2739	0x06000A93	Moleman/<TeleportAnimation>d__24	Moleman.<TeleportAnimation>d__24::System.IDisposable.Dispose()	Moleman::TeleportAnimation	1	0	8	0
2740	0x06000A94	Moleman/<TeleportAnimation>d__24	Moleman.<TeleportAnimation>d__24::MoveNext()	Moleman::TeleportAnimation	893	6	5	0
2741	0x06000A95	Moleman/<TeleportAnimation>d__24	Moleman.<TeleportAnimation>d__24::System.Collections.Generic.IEnumerator<System.Object>.get_Current()	Moleman::TeleportAnimation	7	0	8	0
2742	0x06000A96	Moleman/<TeleportAnimation>d__24	Moleman.<TeleportAnimation>d__24::System.Collections.IEnumerator.Reset()	Moleman::TeleportAnimation	6	0	8	0
2743	0x06000A97	Moleman/<TeleportAnimation>d__24	Moleman.<TeleportAnimation>d__24::System.Collections.IEnumerator.get_Current()	Moleman::TeleportAnimation	7	0	8	0
2744	0x06000A98	MovementFollowPath	MovementFollowPath::Start()	MovementFollowPath::Start	150	1	4	0
2745	0x06000A99	MovementFollowPath	MovementFollowPath::Update()	MovementFollowPath::Update	41	0	8	0
2746	0x06000A9A	MovementFollowPath	MovementFollowPath::MoveAlongPath()	MovementFollowPath::MoveAlongPath	240	4	4	0
2747	0x06000A9B	MovementFollowPath	MovementFollowPath::.ctor()	MovementFollowPath::.ctor	25	0	8	0
2748	0x06000A9C	NavmeshBakeHelper	NavmeshBakeHelper::.ctor()	NavmeshBakeHelper::.ctor	36	0	8	0
2749	0x06000A9D	Nighthorn	Nighthorn::Awake()	Nighthorn::Awake	7	0	8	0
2750	0x06000A9E	Nighthorn	Nighthorn::ReturnTooltip()	Nighthorn::ReturnTooltip	70	0	2	0
2751	0x06000A9F	Nighthorn	Nighthorn::Start()	Nighthorn::Start	23	0	8	0
2752	0x06000AA0	Nighthorn	Nighthorn::InteractionBegin(PlayerInteraction)	Nighthorn::InteractionBegin	180	3	2	2
2753	0x06000AA1	Nighthorn	Nighthorn::OnDawn_AfterSunrise()	Nighthorn::OnDawn_AfterSunrise	13	0	8	0
2754	0x06000AA2	Nighthorn	Nighthorn::OnDusk()	Nighthorn::OnDusk	19	0	8	0
2755	0x06000AA3	Nighthorn	Nighthorn::Focus(PlayerInteraction)	Nighthorn::Focus	7	0	8	0
2756	0x06000AA4	Nighthorn	Nighthorn::Unfocus(PlayerInteraction)	Nighthorn::Unfocus	17	0	8	0
2757	0x06000AA5	Nighthorn	Nighthorn::OnDawn_BeforeSunrise()	Nighthorn::OnDawn_BeforeSunrise	1	0	8	0
2758	0x06000AA6	Nighthorn	Nighthorn::get_CoinCountToBeHarvested()	Nighthorn::get_CoinCountToBeHarvested	99	3	2	1
2759	0x06000AA7	Nighthorn	Nighthorn::get_AllCoinsHarvested()	Nighthorn::get_AllCoinsHarvested	126	3	1	2
2760	0x06000AA8	Nighthorn	Nighthorn::ActivateAndRefreshCues()	Nighthorn::ActivateAndRefreshCues	68	0	2	0
2761	0x06000AA9	Nighthorn	Nighthorn::DeactivateCues()	Nighthorn::DeactivateCues	25	0	8	0
2762	0x06000AAA	Nighthorn	Nighthorn::OnDuskEarly()	Nighthorn::OnDuskEarly	1	0	8	0
2763	0x06000AAB	Nighthorn	Nighthorn::.ctor()	Nighthorn::.ctor	7	0	8	0
2764	0x06000AAC	NightLight	NightLight::get_currentIntensity()	NightLight::get_currentIntensity	55	0	8	0
2765	0x06000AAD	NightLight	NightLight::get_currentRange()	NightLight::get_currentRange	55	0	8	0
2766	0x06000AAE	NightLight	NightLight::Start()	NightLight::Start	113	0	2	0
2767	0x06000AAF	NightLight	NightLight::Update()	NightLight::Update	43	0	8	0
2768	0x06000AB0	NightLight	NightLight::OnDawn_AfterSunrise()	NightLight::OnDawn_AfterSunrise	1	0	8	0
2769	0x06000AB1	NightLight	NightLight::OnDawn_BeforeSunrise()	NightLight::OnDawn_BeforeSunrise	20	0	8	0
2770	0x06000AB2	NightLight	NightLight::OnDusk()	NightLight::OnDusk	32	0	8	0
2771	0x06000AB3	NightLight	NightLight::FadeLightIn()	NightLight::FadeLightIn	14	0	8	0
2772	0x06000AB4	NightLight	NightLight::FadeLightOut()	NightLight::FadeLightOut	14	0	8	0
2773	0x06000AB5	NightLight	NightLight::OnDuskEarly()	NightLight::OnDuskEarly	1	0	8	0
2774	0x06000AB6	NightLight	NightLight::.ctor()	NightLight::.ctor	73	0	2	0
2775	0x06000AB7	NightLight/<FadeLightIn>d__20	NightLight.<FadeLightIn>d__20::.ctor(int)	NightLight::FadeLightIn	14	0	8	0
2776	0x06000AB8	NightLight/<FadeLightIn>d__20	NightLight.<FadeLightIn>d__20::System.IDisposable.Dispose()	NightLight::FadeLightIn	1	0	8	0
2777	0x06000AB9	NightLight/<FadeLightIn>d__20	NightLight.<FadeLightIn>d__20::MoveNext()	NightLight::FadeLightIn	232	2	5	0
2778	0x06000ABA	NightLight/<FadeLightIn>d__20	NightLight.<FadeLightIn>d__20::System.Collections.Generic.IEnumerator<System.Object>.get_Current()	NightLight::FadeLightIn	7	0	8	0
2779	0x06000ABB	NightLight/<FadeLightIn>d__20	NightLight.<FadeLightIn>d__20::System.Collections.IEnumerator.Reset()	NightLight::FadeLightIn	6	0	8	0
2780	0x06000ABC	NightLight/<FadeLightIn>d__20	NightLight.<FadeLightIn>d__20::System.Collections.IEnumerator.get_Current()	NightLight::FadeLightIn	7	0	8	0
2781	0x06000ABD	NightLight/<FadeLightOut>d__21	NightLight.<FadeLightOut>d__21::.ctor(int)	NightLight::FadeLightOut	14	0	8	0
2782	0x06000ABE	NightLight/<FadeLightOut>d__21	NightLight.<FadeLightOut>d__21::System.IDisposable.Dispose()	NightLight::FadeLightOut	1	0	8	0
2783	0x06000ABF	NightLight/<FadeLightOut>d__21	NightLight.<FadeLightOut>d__21::MoveNext()	NightLight::FadeLightOut	179	2	5	0
2784	0x06000AC0	NightLight/<FadeLightOut>d__21	NightLight.<FadeLightOut>d__21::System.Collections.Generic.IEnumerator<System.Object>.get_Current()	NightLight::FadeLightOut	7	0	8	0
2785	0x06000AC1	NightLight/<FadeLightOut>d__21	NightLight.<FadeLightOut>d__21::System.Collections.IEnumerator.Reset()	NightLight::FadeLightOut	6	0	8	0
2786	0x06000AC2	NightLight/<FadeLightOut>d__21	NightLight.<FadeLightOut>d__21::System.Collections.IEnumerator.get_Current()	NightLight::FadeLightOut	7	0	8	0
2787	0x06000AC3	OnDeathKillAllEnemies	OnDeathKillAllEnemies::Start()	OnDeathKillAllEnemies::Start	29	0	8	0
2788	0x06000AC4	OnDeathKillAllEnemies	OnDeathKillAllEnemies::OnDeath()	OnDeathKillAllEnemies::OnDeath	6	0	8	0
2789	0x06000AC5	OnDeathKillAllEnemies	OnDeathKillAllEnemies::.ctor()	OnDeathKillAllEnemies::.ctor	7	0	8	0
2790	0x06000AC6	OnDeathKillAllPlayerUnits	OnDeathKillAllPlayerUnits::Start()	OnDeathKillAllPlayerUnits::Start	29	0	8	0
2791	0x06000AC7	OnDeathKillAllPlayerUnits	OnDeathKillAllPlayerUnits::OnDeath()	OnDeathKillAllPlayerUnits::OnDeath	6	0	8	0
2792	0x06000AC8	OnDeathKillAllPlayerUnits	OnDeathKillAllPlayerUnits::.ctor()	OnDeathKillAllPlayerUnits::.ctor	7	0	8	0
2793	0x06000AC9	OnDeathStartNextDay	OnDeathStartNextDay::Start()	OnDeathStartNextDay::Start	29	0	8	0
2794	0x06000ACA	OnDeathStartNextDay	OnDeathStartNextDay::OnDeath()	OnDeathStartNextDay::OnDeath	14	0	8	0
2795	0x06000ACB	OnDeathStartNextDay	OnDeathStartNextDay::DelayedSwithToDay()	OnDeathStartNextDay::DelayedSwithToDay	7	0	8	0
2796	0x06000ACC	OnDeathStartNextDay	OnDeathStartNextDay::.ctor()	OnDeathStartNextDay::.ctor	7	0	8	0
2797	0x06000ACD	OnDeathStartNextDay/<DelayedSwithToDay>d__2	OnDeathStartNextDay.<DelayedSwithToDay>d__2::.ctor(int)	OnDeathStartNextDay::DelayedSwithToDay	14	0	8	0
2798	0x06000ACE	OnDeathStartNextDay/<DelayedSwithToDay>d__2	OnDeathStartNextDay.<DelayedSwithToDay>d__2::System.IDisposable.Dispose()	OnDeathStartNextDay::DelayedSwithToDay	1	0	8	0
2799	0x06000ACF	OnDeathStartNextDay/<DelayedSwithToDay>d__2	OnDeathStartNextDay.<DelayedSwithToDay>d__2::MoveNext()	OnDeathStartNextDay::DelayedSwithToDay	67	1	2	0
2800	0x06000AD0	OnDeathStartNextDay/<DelayedSwithToDay>d__2	OnDeathStartNextDay.<DelayedSwithToDay>d__2::System.Collections.Generic.IEnumerator<System.Object>.get_Current()	OnDeathStartNextDay::DelayedSwithToDay	7	0	8	0
2801	0x06000AD1	OnDeathStartNextDay/<DelayedSwithToDay>d__2	OnDeathStartNextDay.<DelayedSwithToDay>d__2::System.Collections.IEnumerator.Reset()	OnDeathStartNextDay::DelayedSwithToDay	6	0	8	0
2802	0x06000AD2	OnDeathStartNextDay/<DelayedSwithToDay>d__2	OnDeathStartNextDay.<DelayedSwithToDay>d__2::System.Collections.IEnumerator.get_Current()	OnDeathStartNextDay::DelayedSwithToDay	7	0	8	0
2803	0x06000AD3	OutpostPerk	OutpostPerk::OnEnable()	OutpostPerk::OnEnable	41	0	8	0
2804	0x06000AD4	OutpostPerk	OutpostPerk::BuildFreeTowers()	OutpostPerk::BuildFreeTowers	14	0	8	0
2805	0x06000AD5	OutpostPerk	OutpostPerk::.ctor()	OutpostPerk::.ctor	14	0	8	0
2806	0x06000AD6	OutpostPerk	OutpostPerk::<BuildFreeTowers>b__3_0(BuildSlot)	OutpostPerk::BuildFreeTowers	28	0	8	0
2807	0x06000AD7	OutpostPerk/<BuildFreeTowers>d__3	OutpostPerk.<BuildFreeTowers>d__3::.ctor(int)	OutpostPerk::BuildFreeTowers	14	0	8	0
2808	0x06000AD8	OutpostPerk/<BuildFreeTowers>d__3	OutpostPerk.<BuildFreeTowers>d__3::System.IDisposable.Dispose()	OutpostPerk::BuildFreeTowers	1	0	8	0
2809	0x06000AD9	OutpostPerk/<BuildFreeTowers>d__3	OutpostPerk.<BuildFreeTowers>d__3::MoveNext()	OutpostPerk::BuildFreeTowers	438	5	4	1
2810	0x06000ADA	OutpostPerk/<BuildFreeTowers>d__3	OutpostPerk.<BuildFreeTowers>d__3::System.Collections.Generic.IEnumerator<System.Object>.get_Current()	OutpostPerk::BuildFreeTowers	7	0	8	0
2811	0x06000ADB	OutpostPerk/<BuildFreeTowers>d__3	OutpostPerk.<BuildFreeTowers>d__3::System.Collections.IEnumerator.Reset()	OutpostPerk::BuildFreeTowers	6	0	8	0
2812	0x06000ADC	OutpostPerk/<BuildFreeTowers>d__3	OutpostPerk.<BuildFreeTowers>d__3::System.Collections.IEnumerator.get_Current()	OutpostPerk::BuildFreeTowers	7	0	8	0
2813	0x06000ADD	PacifistPact	PacifistPact::Start()	PacifistPact::Start	33	0	8	0
2814	0x06000ADE	PacifistPact	PacifistPact::EnablePacifistPact()	PacifistPact::EnablePacifistPact	14	0	8	0
2815	0x06000ADF	PacifistPact	PacifistPact::.ctor()	PacifistPact::.ctor	7	0	8	0
2816	0x06000AE0	PacifistPact/<EnablePacifistPact>d__1	PacifistPact.<EnablePacifistPact>d__1::.ctor(int)	PacifistPact::EnablePacifistPact	14	0	8	0
2817	0x06000AE1	PacifistPact/<EnablePacifistPact>d__1	PacifistPact.<EnablePacifistPact>d__1::System.IDisposable.Dispose()	PacifistPact::EnablePacifistPact	1	0	8	0
2818	0x06000AE2	PacifistPact/<EnablePacifistPact>d__1	PacifistPact.<EnablePacifistPact>d__1::MoveNext()	PacifistPact::EnablePacifistPact	140	2	2	0
2819	0x06000AE3	PacifistPact/<EnablePacifistPact>d__1	PacifistPact.<EnablePacifistPact>d__1::System.Collections.Generic.IEnumerator<System.Object>.get_Current()	PacifistPact::EnablePacifistPact	7	0	8	0
2820	0x06000AE4	PacifistPact/<EnablePacifistPact>d__1	PacifistPact.<EnablePacifistPact>d__1::System.Collections.IEnumerator.Reset()	PacifistPact::EnablePacifistPact	6	0	8	0
2821	0x06000AE5	PacifistPact/<EnablePacifistPact>d__1	PacifistPact.<EnablePacifistPact>d__1::System.Collections.IEnumerator.get_Current()	PacifistPact::EnablePacifistPact	7	0	8	0
2822	0x06000AE6	BridgePathCutter	BridgePathCutter::Start()	BridgePathCutter::Start	38	0	8	0
2823	0x06000AE7	BridgePathCutter	BridgePathCutter::TogglePathState()	BridgePathCutter::TogglePathState	26	0	8	0
2824	0x06000AE8	BridgePathCutter	BridgePathCutter::IsPathOpened()	BridgePathCutter::IsPathOpened	15	0	8	0
2825	0x06000AE9	BridgePathCutter	BridgePathCutter::SetPathState(bool)	BridgePathCutter::SetPathState	16	0	8	0
2826	0x06000AEA	BridgePathCutter	BridgePathCutter::ToggleMesh(bool)	BridgePathCutter::ToggleMesh	65	0	3	0
2827	0x06000AEB	BridgePathCutter	BridgePathCutter::.ctor()	BridgePathCutter::.ctor	7	0	8	0
2828	0x06000AEC	ObstacleWithBridge	ObstacleWithBridge::TogglePathState()	ObstacleWithBridge::TogglePathState	76	0	3	0
2829	0x06000AED	ObstacleWithBridge	ObstacleWithBridge::IsPathOpened()	ObstacleWithBridge::IsPathOpened	15	0	8	0
2830	0x06000AEE	ObstacleWithBridge	ObstacleWithBridge::SetPathState(bool)	ObstacleWithBridge::SetPathState	43	0	8	0
2831	0x06000AEF	ObstacleWithBridge	ObstacleWithBridge::.ctor()	ObstacleWithBridge::.ctor	7	0	8	0
2832	0x06000AF0	PathCutterBase	PathCutterBase::SetPathState(bool)	PathCutterBase::SetPathState	0	0	0	0
2833	0x06000AF1	PathCutterBase	PathCutterBase::TogglePathState()	PathCutterBase::TogglePathState	0	0	0	0
2834	0x06000AF2	PathCutterBase	PathCutterBase::IsPathOpened()	PathCutterBase::IsPathOpened	0	0	0	0
2835	0x06000AF3	PathCutterBase	PathCutterBase::.ctor()	PathCutterBase::.ctor	7	0	8	0
2836	0x06000AF4	CommandUnits	CommandUnits::get_ShouldShowUnitTypes()	CommandUnits::get_ShouldShowUnitTypes	27	0	8	0
2837	0x06000AF5	CommandUnits	CommandUnits::get_PlayerUnitsCommanding()	CommandUnits::get_PlayerUnitsCommanding	7	0	8	0
2838	0x06000AF6	CommandUnits	CommandUnits::Awake()	CommandUnits::Awake	7	0	8	0
2839	0x06000AF7	CommandUnits	CommandUnits::Start()	CommandUnits::Start	178	0	3	0
2840	0x06000AF8	CommandUnits	CommandUnits::Update()	CommandUnits::Update	1434	12	4	1
2841	0x06000AF9	CommandUnits	CommandUnits::ControlGroupUpdate(bool)	CommandUnits::ControlGroupUpdate	464	0	2	0
2842	0x06000AFA	CommandUnits	CommandUnits::OnGroupButtonUp(TagManager.ETag)	CommandUnits::OnGroupButtonUp	167	0	4	0
2843	0x06000AFB	CommandUnits	CommandUnits::OnAllClearGroupButtonHold()	CommandUnits::OnAllClearGroupButtonHold	186	0	4	0
2844	0x06000AFC	CommandUnits	CommandUnits::OnGroupButtonHold(TagManager.ETag)	CommandUnits::OnGroupButtonHold	145	0	4	0
2845	0x06000AFD	CommandUnits	CommandUnits::AddUnitsToGroup(TagManager.ETag)	CommandUnits::AddUnitsToGroup	151	5	2	2
2846	0x06000AFE	CommandUnits	CommandUnits::RemoveAllUnitsfromAllGroups()	CommandUnits::RemoveAllUnitsfromAllGroups	142	5	2	2
2847	0x06000AFF	CommandUnits	CommandUnits::MakeUnitsInBufferHoldPosition()	CommandUnits::MakeUnitsInBufferHoldPosition	135	2	8	1
2848	0x06000B00	CommandUnits	CommandUnits::ForceCommandingEnd()	CommandUnits::ForceCommandingEnd	16	0	8	0
2849	0x06000B01	CommandUnits	CommandUnits::PlaceCommandedUnitsAndCalculateTargetPositions(bool)	CommandUnits::PlaceCommandedUnitsAndCalculateTargetPositions	1077	18	8	3
2850	0x06000B02	CommandUnits	CommandUnits::OnUnitAdd(TaggedObject,bool)	CommandUnits::OnUnitAdd	388	7	8	0
2851	0x06000B03	CommandUnits	CommandUnits::OnUnitRemove(PathfindMovementPlayerunit)	CommandUnits::OnUnitRemove	144	2	3	0
2852	0x06000B04	CommandUnits	CommandUnits::TryToSelectUnits(System.Collections.Generic.List<TaggedObject>)	CommandUnits::TryToSelectUnits	94	2	3	1
2853	0x06000B05	CommandUnits	CommandUnits::.ctor()	CommandUnits::.ctor	227	0	2	0
2854	0x06000B06	PathfindMovement	PathfindMovement::ClearCurrentPath()	PathfindMovement::ClearCurrentPath	0	0	0	0
2855	0x06000B07	PathfindMovement	PathfindMovement::Slow(float)	PathfindMovement::Slow	0	0	0	0
2856	0x06000B08	PathfindMovement	PathfindMovement::GetAgroFromObject(TaggedObject)	PathfindMovement::GetAgroFromObject	0	0	0	0
2857	0x06000B09	PathfindMovement	PathfindMovement::get_IsSlowed()	PathfindMovement::get_IsSlowed	2	0	8	0
2858	0x06000B0A	PathfindMovement	PathfindMovement::get_RVO()	PathfindMovement::get_RVO	2	0	8	0
2859	0x06000B0B	PathfindMovement	PathfindMovement::.ctor()	PathfindMovement::.ctor	7	0	8	0
2860	0x06000B0C	PathfindMovementEnemy	PathfindMovementEnemy::get_RVO()	PathfindMovementEnemy::get_RVO	7	0	8	0
2861	0x06000B0D	PathfindMovementEnemy	PathfindMovementEnemy::get_SeekToTargetPosSnappedtoNavmesh()	PathfindMovementEnemy::get_SeekToTargetPosSnappedtoNavmesh	7	0	8	0
2862	0x06000B0E	PathfindMovementEnemy	PathfindMovementEnemy::get_SeekToTargetObj()	PathfindMovementEnemy::get_SeekToTargetObj	7	0	8	0
2863	0x06000B0F	PathfindMovementEnemy	PathfindMovementEnemy::get_Path()	PathfindMovementEnemy::get_Path	7	0	8	0
2864	0x06000B10	PathfindMovementEnemy	PathfindMovementEnemy::get_HomePosition()	PathfindMovementEnemy::get_HomePosition	7	0	8	0
2865	0x06000B11	PathfindMovementEnemy	PathfindMovementEnemy::get_NextPathPoint()	PathfindMovementEnemy::get_NextPathPoint	7	0	8	0
2866	0x06000B12	PathfindMovementEnemy	PathfindMovementEnemy::get_IsSlowed()	PathfindMovementEnemy::get_IsSlowed	14	0	8	0
2867	0x06000B13	PathfindMovementEnemy	PathfindMovementEnemy::GetAgroFromObject(TaggedObject)	PathfindMovementEnemy::GetAgroFromObject	71	0	2	0
2868	0x06000B14	PathfindMovementEnemy	PathfindMovementEnemy::OnDusk()	PathfindMovementEnemy::OnDusk	1	0	8	0
2869	0x06000B15	PathfindMovementEnemy	PathfindMovementEnemy::OnDawn_AfterSunrise()	PathfindMovementEnemy::OnDawn_AfterSunrise	1	0	8	0
2870	0x06000B16	PathfindMovementEnemy	PathfindMovementEnemy::OnDawn_BeforeSunrise()	PathfindMovementEnemy::OnDawn_BeforeSunrise	1	0	8	0
2871	0x06000B17	PathfindMovementEnemy	PathfindMovementEnemy::Start()	PathfindMovementEnemy::Start	373	1	5	1
2872	0x06000B18	PathfindMovementEnemy	PathfindMovementEnemy::OriginalPathRequest()	PathfindMovementEnemy::OriginalPathRequest	105	0	5	0
2873	0x06000B19	PathfindMovementEnemy	PathfindMovementEnemy::OriginalOnPathComplete(Pathfinding.Path)	PathfindMovementEnemy::OriginalOnPathComplete	132	1	4	0
2874	0x06000B1A	PathfindMovementEnemy	PathfindMovementEnemy::BackupPathRequest()	PathfindMovementEnemy::BackupPathRequest	105	0	5	0
2875	0x06000B1B	PathfindMovementEnemy	PathfindMovementEnemy::GetNearestGroundPosition(UnityEngine.Vector3)	PathfindMovementEnemy::GetNearestGroundPosition	23	0	8	0
2876	0x06000B1C	PathfindMovementEnemy	PathfindMovementEnemy::BackupOnPathComplete(Pathfinding.Path)	PathfindMovementEnemy::BackupOnPathComplete	29	0	8	0
2877	0x06000B1D	PathfindMovementEnemy	PathfindMovementEnemy::FindMoveToTarget()	PathfindMovementEnemy::FindMoveToTarget	258	2	6	0
2878	0x06000B1E	PathfindMovementEnemy	PathfindMovementEnemy::Update()	PathfindMovementEnemy::Update	204	1	3	0
2879	0x06000B1F	PathfindMovementEnemy	PathfindMovementEnemy::Slow(float)	PathfindMovementEnemy::Slow	19	0	8	0
2880	0x06000B20	PathfindMovementEnemy	PathfindMovementEnemy::FollowPathUpdate()	PathfindMovementEnemy::FollowPathUpdate	965	9	7	0
2881	0x06000B21	PathfindMovementEnemy	PathfindMovementEnemy::GetRvoPriority(float)	PathfindMovementEnemy::GetRvoPriority	2	0	8	0
2882	0x06000B22	PathfindMovementEnemy	PathfindMovementEnemy::SnapToNavmesh()	PathfindMovementEnemy::SnapToNavmesh	44	0	8	0
2883	0x06000B23	PathfindMovementEnemy	PathfindMovementEnemy::ClearCurrentPath()	PathfindMovementEnemy::ClearCurrentPath	12	0	8	0
2884	0x06000B24	PathfindMovementEnemy	PathfindMovementEnemy::OnDuskEarly()	PathfindMovementEnemy::OnDuskEarly	1	0	8	0
2885	0x06000B25	PathfindMovementEnemy	PathfindMovementEnemy::.ctor()	PathfindMovementEnemy::.ctor	179	0	2	0
2886	0x06000B26	PathfindMovementPlayerunit	PathfindMovementPlayerunit::get_RVO()	PathfindMovementPlayerunit::get_RVO	7	0	8	0
2887	0x06000B27	PathfindMovementPlayerunit	PathfindMovementPlayerunit::get_SeekToTargetPosSnappedtoNavmesh()	PathfindMovementPlayerunit::get_SeekToTargetPosSnappedtoNavmesh	7	0	8	0
2888	0x06000B28	PathfindMovementPlayerunit	PathfindMovementPlayerunit::get_SeekToTaggedObj()	PathfindMovementPlayerunit::get_SeekToTaggedObj	7	0	8	0
2889	0x06000B29	PathfindMovementPlayerunit	PathfindMovementPlayerunit::get_HomePositionOriginal()	PathfindMovementPlayerunit::get_HomePositionOriginal	7	0	8	0
2890	0x06000B2A	PathfindMovementPlayerunit	PathfindMovementPlayerunit::get_HomePosition()	PathfindMovementPlayerunit::get_HomePosition	7	0	8	0
2891	0x06000B2B	PathfindMovementPlayerunit	PathfindMovementPlayerunit::set_HomePosition(UnityEngine.Vector3)	PathfindMovementPlayerunit::set_HomePosition	8	0	8	0
2892	0x06000B2C	PathfindMovementPlayerunit	PathfindMovementPlayerunit::get_NextPathPoint()	PathfindMovementPlayerunit::get_NextPathPoint	7	0	8	0
2893	0x06000B2D	PathfindMovementPlayerunit	PathfindMovementPlayerunit::get_FollowingPlayer()	PathfindMovementPlayerunit::get_FollowingPlayer	7	0	8	0
2894	0x06000B2E	PathfindMovementPlayerunit	PathfindMovementPlayerunit::FollowPlayer(bool)	PathfindMovementPlayerunit::FollowPlayer	15	0	8	0
2895	0x06000B2F	PathfindMovementPlayerunit	PathfindMovementPlayerunit::get_IsSlowed()	PathfindMovementPlayerunit::get_IsSlowed	14	0	8	0
2896	0x06000B30	PathfindMovementPlayerunit	PathfindMovementPlayerunit::get_HasReachedHomePositionAlready()	PathfindMovementPlayerunit::get_HasReachedHomePositionAlready	7	0	8	0
2897	0x06000B31	PathfindMovementPlayerunit	PathfindMovementPlayerunit::set_HasReachedHomePositionAlready(bool)	PathfindMovementPlayerunit::set_HasReachedHomePositionAlready	8	0	8	0
2898	0x06000B32	PathfindMovementPlayerunit	PathfindMovementPlayerunit::get_Flying()	PathfindMovementPlayerunit::get_Flying	7	0	8	0
2899	0x06000B33	PathfindMovementPlayerunit	PathfindMovementPlayerunit::get_HoldPosition()	PathfindMovementPlayerunit::get_HoldPosition	7	0	8	0
2900	0x06000B34	PathfindMovementPlayerunit	PathfindMovementPlayerunit::set_HoldPosition(bool)	PathfindMovementPlayerunit::set_HoldPosition	240	2	4	0
2901	0x06000B35	PathfindMovementPlayerunit	PathfindMovementPlayerunit::GetAgroFromObject(TaggedObject)	PathfindMovementPlayerunit::GetAgroFromObject	1	0	8	0
2902	0x06000B36	PathfindMovementPlayerunit	PathfindMovementPlayerunit::OnDisable()	PathfindMovementPlayerunit::OnDisable	26	0	8	0
2903	0x06000B37	PathfindMovementPlayerunit	PathfindMovementPlayerunit::OnEnable()	PathfindMovementPlayerunit::OnEnable	8	0	8	0
2904	0x06000B38	PathfindMovementPlayerunit	PathfindMovementPlayerunit::OnDuskEarly()	PathfindMovementPlayerunit::OnDuskEarly	1	0	8	0
2905	0x06000B39	PathfindMovementPlayerunit	PathfindMovementPlayerunit::OnDusk()	PathfindMovementPlayerunit::OnDusk	8	0	8	0
2906	0x06000B3A	PathfindMovementPlayerunit	PathfindMovementPlayerunit::OnDawn_AfterSunrise()	PathfindMovementPlayerunit::OnDawn_AfterSunrise	8	0	8	0
2907	0x06000B3B	PathfindMovementPlayerunit	PathfindMovementPlayerunit::OnDawn_BeforeSunrise()	PathfindMovementPlayerunit::OnDawn_BeforeSunrise	33	0	8	0
2908	0x06000B3C	PathfindMovementPlayerunit	PathfindMovementPlayerunit::Start()	PathfindMovementPlayerunit::Start	197	0	3	0
2909	0x06000B3D	PathfindMovementPlayerunit	PathfindMovementPlayerunit::OriginalPathRequest()	PathfindMovementPlayerunit::OriginalPathRequest	105	0	5	0
2910	0x06000B3E	PathfindMovementPlayerunit	PathfindMovementPlayerunit::OriginalOnPathComplete(Pathfinding.Path)	PathfindMovementPlayerunit::OriginalOnPathComplete	119	1	4	0
2911	0x06000B3F	PathfindMovementPlayerunit	PathfindMovementPlayerunit::BackupPathRequest()	PathfindMovementPlayerunit::BackupPathRequest	110	0	5	0
2912	0x06000B40	PathfindMovementPlayerunit	PathfindMovementPlayerunit::BackupOnPathComplete(Pathfinding.Path)	PathfindMovementPlayerunit::BackupOnPathComplete	29	0	8	0
2913	0x06000B41	PathfindMovementPlayerunit	PathfindMovementPlayerunit::FindTargetPosition()	PathfindMovementPlayerunit::FindTargetPosition	173	2	6	0
2914	0x06000B42	PathfindMovementPlayerunit	PathfindMovementPlayerunit::FindMoveToTarget()	PathfindMovementPlayerunit::FindMoveToTarget	129	1	2	0
2915	0x06000B43	PathfindMovementPlayerunit	PathfindMovementPlayerunit::Update()	PathfindMovementPlayerunit::Update	120	0	3	0
2916	0x06000B44	PathfindMovementPlayerunit	PathfindMovementPlayerunit::Slow(float)	PathfindMovementPlayerunit::Slow	1	0	8	0
2917	0x06000B45	PathfindMovementPlayerunit	PathfindMovementPlayerunit::FollowPathUpdate()	PathfindMovementPlayerunit::FollowPathUpdate	520	7	7	0
2918	0x06000B46	PathfindMovementPlayerunit	PathfindMovementPlayerunit::SnapToNavmesh()	PathfindMovementPlayerunit::SnapToNavmesh	44	0	8	0
2919	0x06000B47	PathfindMovementPlayerunit	PathfindMovementPlayerunit::ClearCurrentPath()	PathfindMovementPlayerunit::ClearCurrentPath	12	0	8	0
2920	0x06000B48	PathfindMovementPlayerunit	PathfindMovementPlayerunit::GetNearestGroundPosition(UnityEngine.Vector3)	PathfindMovementPlayerunit::GetNearestGroundPosition	23	0	8	0
2921	0x06000B49	PathfindMovementPlayerunit	PathfindMovementPlayerunit::.ctor()	PathfindMovementPlayerunit::.ctor	153	0	2	0
2922	0x06000B4A	PercentageHealthStealWeaponEffect	PercentageHealthStealWeaponEffect::Effect(Hp,TaggedObject,TaggedObject,Weapon,float,bool,float)	PercentageHealthStealWeaponEffect::Effect	21	0	8	0
2923	0x06000B4B	PercentageHealthStealWeaponEffect	PercentageHealthStealWeaponEffect::.ctor()	PercentageHealthStealWeaponEffect::.ctor	18	0	8	0
2924	0x06000B4C	PeriodicallyEnableAndDisableDuringEnemySpawn	PeriodicallyEnableAndDisableDuringEnemySpawn::Start()	PeriodicallyEnableAndDisableDuringEnemySpawn::Start	31	0	8	0
2925	0x06000B4D	PeriodicallyEnableAndDisableDuringEnemySpawn	PeriodicallyEnableAndDisableDuringEnemySpawn::Update()	PeriodicallyEnableAndDisableDuringEnemySpawn::Update	40	1	3	0
2926	0x06000B4E	PeriodicallyEnableAndDisableDuringEnemySpawn	PeriodicallyEnableAndDisableDuringEnemySpawn::.ctor()	PeriodicallyEnableAndDisableDuringEnemySpawn::.ctor	29	0	8	0
2927	0x06000B4F	Equippable	Equippable::get_LOCIDENTIFIER_NAME()	Equippable::get_LOCIDENTIFIER_NAME	17	0	8	0
2928	0x06000B50	Equippable	Equippable::get_LOCIDENTIFIER_DESCRIPTION()	Equippable::get_LOCIDENTIFIER_DESCRIPTION	17	0	8	0
2929	0x06000B51	Equippable	Equippable::get_UnlockIsCampaignProgress()	Equippable::get_UnlockIsCampaignProgress	10	0	8	0
2930	0x06000B52	Equippable	Equippable::get_UnlockIsMetaLevel()	Equippable::get_UnlockIsMetaLevel	10	0	8	0
2931	0x06000B53	Equippable	Equippable::get_sortingValue()	Equippable::get_sortingValue	32	0	8	0
2932	0x06000B54	Equippable	Equippable::get_IsUnlocked()	Equippable::get_IsUnlocked	100	0	3	0
2933	0x06000B55	Equippable	Equippable::IsAvailableInContentPack(Equippable.ContentPack)	Equippable::IsAvailableInContentPack	37	1	3	0
2934	0x06000B56	Equippable	Equippable::GetCurrentContentPackFromLoadoutScene()	Equippable::GetCurrentContentPackFromLoadoutScene	63	2	2	0
2935	0x06000B57	Equippable	Equippable::GetLockedTooltip()	Equippable::GetLockedTooltip	102	2	7	0
2936	0x06000B58	Equippable	Equippable::.ctor()	Equippable::.ctor	27	0	8	0
2937	0x06000B59	Equippable/<>c__DisplayClass21_0	Equippable.<>c__DisplayClass21_0::.ctor()	Equippable::.ctor	7	0	8	0
2938	0x06000B5A	Equippable/<>c__DisplayClass21_0	Equippable.<>c__DisplayClass21_0::<IsAvailableInContentPack>b__0(Equippable.ContentPack)	Equippable::IsAvailableInContentPack	10	0	8	0
2939	0x06000B5B	EquippableBuildingUpgrade	EquippableBuildingUpgrade::.ctor()	EquippableBuildingUpgrade::.ctor	7	0	8	0
2940	0x06000B5C	EquippableMutation	EquippableMutation::.ctor()	EquippableMutation::.ctor	18	0	8	0
2941	0x06000B5D	EquippablePerk	EquippablePerk::.ctor()	EquippablePerk::.ctor	7	0	8	0
2942	0x06000B5E	EquippableWeapon	EquippableWeapon::.ctor()	EquippableWeapon::.ctor	7	0	8	0
2943	0x06000B5F	PerkPoint	PerkPoint::.ctor()	PerkPoint::.ctor	7	0	8	0
2944	0x06000B60	PerkCooldownModifyer	PerkCooldownModifyer::Start()	PerkCooldownModifyer::Start	68	0	3	0
2945	0x06000B61	PerkCooldownModifyer	PerkCooldownModifyer::.ctor()	PerkCooldownModifyer::.ctor	7	0	8	0
2946	0x06000B62	PerkCostModifyer	PerkCostModifyer::Start()	PerkCostModifyer::Start	108	3	4	0
2947	0x06000B63	PerkCostModifyer	PerkCostModifyer::.ctor()	PerkCostModifyer::.ctor	7	0	8	0
2948	0x06000B64	PerkDamageAutoAttackModifyer	PerkDamageAutoAttackModifyer::Start()	PerkDamageAutoAttackModifyer::Start	73	2	3	0
2949	0x06000B65	PerkDamageAutoAttackModifyer	PerkDamageAutoAttackModifyer::.ctor()	PerkDamageAutoAttackModifyer::.ctor	7	0	8	0
2950	0x06000B66	PerkDamageModifyerPlayerunitAuto	PerkDamageModifyerPlayerunitAuto::Start()	PerkDamageModifyerPlayerunitAuto::Start	350	5	3	0
2951	0x06000B67	PerkDamageModifyerPlayerunitAuto	PerkDamageModifyerPlayerunitAuto::.ctor()	PerkDamageModifyerPlayerunitAuto::.ctor	7	0	8	0
2952	0x06000B68	PerkDestroyGameObjectModifyer	PerkDestroyGameObjectModifyer::get_IsGoingToBeDestroyed()	PerkDestroyGameObjectModifyer::get_IsGoingToBeDestroyed	35	0	8	0
2953	0x06000B69	PerkDestroyGameObjectModifyer	PerkDestroyGameObjectModifyer::Start()	PerkDestroyGameObjectModifyer::Start	53	0	8	0
2954	0x06000B6A	PerkDestroyGameObjectModifyer	PerkDestroyGameObjectModifyer::.ctor()	PerkDestroyGameObjectModifyer::.ctor	7	0	8	0
2955	0x06000B6B	PerkHpModifyer	PerkHpModifyer::OnBeforeMainLoadPass(string)	PerkHpModifyer::OnBeforeMainLoadPass	8	0	8	0
2956	0x06000B6C	PerkHpModifyer	PerkHpModifyer::OnAfterMainLoadPass(string)	PerkHpModifyer::OnAfterMainLoadPass	1	0	8	0
2957	0x06000B6D	PerkHpModifyer	PerkHpModifyer::OnLoad(string)	PerkHpModifyer::OnLoad	1	0	8	0
2958	0x06000B6E	PerkHpModifyer	PerkHpModifyer::OnSave(string)	PerkHpModifyer::OnSave	1	0	8	0
2959	0x06000B6F	PerkHpModifyer	PerkHpModifyer::Start()	PerkHpModifyer::Start	8	0	8	0
2960	0x06000B70	PerkHpModifyer	PerkHpModifyer::Execute(bool)	PerkHpModifyer::Execute	238	3	3	2
2961	0x06000B71	PerkHpModifyer	PerkHpModifyer::.ctor()	PerkHpModifyer::.ctor	7	0	8	0
2962	0x06000B72	PerkIncomeModifyer	PerkIncomeModifyer::OnBeforeMainLoadPass(string)	PerkIncomeModifyer::OnBeforeMainLoadPass	7	0	8	0
2963	0x06000B73	PerkIncomeModifyer	PerkIncomeModifyer::OnAfterMainLoadPass(string)	PerkIncomeModifyer::OnAfterMainLoadPass	1	0	8	0
2964	0x06000B74	PerkIncomeModifyer	PerkIncomeModifyer::OnLoad(string)	PerkIncomeModifyer::OnLoad	1	0	8	0
2965	0x06000B75	PerkIncomeModifyer	PerkIncomeModifyer::OnSave(string)	PerkIncomeModifyer::OnSave	1	0	8	0
2966	0x06000B76	PerkIncomeModifyer	PerkIncomeModifyer::Start()	PerkIncomeModifyer::Start	7	0	8	0
2967	0x06000B77	PerkIncomeModifyer	PerkIncomeModifyer::Execute()	PerkIncomeModifyer::Execute	155	4	4	1
2968	0x06000B78	PerkIncomeModifyer	PerkIncomeModifyer::.ctor()	PerkIncomeModifyer::.ctor	7	0	8	0
2969	0x06000B79	PerkIndestructible	PerkIndestructible::Start()	PerkIndestructible::Start	42	1	2	0
2970	0x06000B7A	PerkIndestructible	PerkIndestructible::.ctor()	PerkIndestructible::.ctor	7	0	8	0
2971	0x06000B7B	PerkPlayerHealthRegen	PerkPlayerHealthRegen::OnBeforeMainLoadPass(string)	PerkPlayerHealthRegen::OnBeforeMainLoadPass	8	0	8	0
2972	0x06000B7C	PerkPlayerHealthRegen	PerkPlayerHealthRegen::OnAfterMainLoadPass(string)	PerkPlayerHealthRegen::OnAfterMainLoadPass	1	0	8	0
2973	0x06000B7D	PerkPlayerHealthRegen	PerkPlayerHealthRegen::OnLoad(string)	PerkPlayerHealthRegen::OnLoad	1	0	8	0
2974	0x06000B7E	PerkPlayerHealthRegen	PerkPlayerHealthRegen::OnSave(string)	PerkPlayerHealthRegen::OnSave	1	0	8	0
2975	0x06000B7F	PerkPlayerHealthRegen	PerkPlayerHealthRegen::Start()	PerkPlayerHealthRegen::Start	8	0	8	0
2976	0x06000B80	PerkPlayerHealthRegen	PerkPlayerHealthRegen::Execute(bool)	PerkPlayerHealthRegen::Execute	60	0	8	0
2977	0x06000B81	PerkPlayerHealthRegen	PerkPlayerHealthRegen::.ctor()	PerkPlayerHealthRegen::.ctor	7	0	8	0
2978	0x06000B82	PerkRangeModifyer	PerkRangeModifyer::get_IsActive()	PerkRangeModifyer::get_IsActive	12	0	8	0
2979	0x06000B83	PerkRangeModifyer	PerkRangeModifyer::Start()	PerkRangeModifyer::Start	126	1	3	1
2980	0x06000B84	PerkRangeModifyer	PerkRangeModifyer::.ctor()	PerkRangeModifyer::.ctor	7	0	8	0
2981	0x06000B85	PerkRemoveDestroyedAtNightTag	PerkRemoveDestroyedAtNightTag::Start()	PerkRemoveDestroyedAtNightTag::Start	32	0	8	0
2982	0x06000B86	PerkRemoveDestroyedAtNightTag	PerkRemoveDestroyedAtNightTag::.ctor()	PerkRemoveDestroyedAtNightTag::.ctor	7	0	8	0
2983	0x06000B87	PerkSpawnOnDestroy	PerkSpawnOnDestroy::Update()	PerkSpawnOnDestroy::Update	37	0	8	0
2984	0x06000B88	PerkSpawnOnDestroy	PerkSpawnOnDestroy::.ctor()	PerkSpawnOnDestroy::.ctor	7	0	8	0
2985	0x06000B89	PerkSpeedModifyer	PerkSpeedModifyer::Start()	PerkSpeedModifyer::Start	57	0	8	0
2986	0x06000B8A	PerkSpeedModifyer	PerkSpeedModifyer::.ctor()	PerkSpeedModifyer::.ctor	7	0	8	0
2987	0x06000B8B	PerkUnrestrictedUpgrading	PerkUnrestrictedUpgrading::Start()	PerkUnrestrictedUpgrading::Start	33	0	8	0
2988	0x06000B8C	PerkUnrestrictedUpgrading	PerkUnrestrictedUpgrading::.ctor()	PerkUnrestrictedUpgrading::.ctor	7	0	8	0
2989	0x06000B8D	PerkWeaponModifyer	PerkWeaponModifyer::Start()	PerkWeaponModifyer::Start	37	0	8	0
2990	0x06000B8E	PerkWeaponModifyer	PerkWeaponModifyer::.ctor()	PerkWeaponModifyer::.ctor	7	0	8	0
2991	0x06000B8F	PlayerAttack	PlayerAttack::Start()	PlayerAttack::Start	18	0	8	0
2992	0x06000B90	PlayerAttack	PlayerAttack::Update()	PlayerAttack::Update	59	0	8	0
2993	0x06000B91	PlayerAttack	PlayerAttack::AssignManualAttack(ManualAttack)	PlayerAttack::AssignManualAttack	8	0	8	0
2994	0x06000B92	PlayerAttack	PlayerAttack::.ctor()	PlayerAttack::.ctor	7	0	8	0
2995	0x06000B93	PlayerBallMovement	PlayerBallMovement::MoveScript(UnityEngine.Vector2)	PlayerBallMovement::MoveScript	644	9	4	0
2996	0x06000B94	PlayerBallMovement	PlayerBallMovement::FixedUpdate()	PlayerBallMovement::FixedUpdate	45	0	8	0
2997	0x06000B95	PlayerBallMovement	PlayerBallMovement::get_DamageMultiplyer()	PlayerBallMovement::get_DamageMultiplyer	24	0	8	0
2998	0x06000B96	PlayerBallMovement	PlayerBallMovement::Start()	PlayerBallMovement::Start	41	0	8	0
2999	0x06000B97	PlayerBallMovement	PlayerBallMovement::DealWithColliderHit(UnityEngine.Collider)	PlayerBallMovement::DealWithColliderHit	157	2	5	0
3000	0x06000B98	PlayerBallMovement	PlayerBallMovement::.ctor()	PlayerBallMovement::.ctor	64	0	2	0
3001	0x06000B99	PlayerCameraScreenShake	PlayerCameraScreenShake::Start()	PlayerCameraScreenShake::Start	19	0	8	0
3002	0x06000B9A	PlayerCameraScreenShake	PlayerCameraScreenShake::.ctor()	PlayerCameraScreenShake::.ctor	7	0	8	0
3003	0x06000B9B	PlayerHpRegen	PlayerHpRegen::Start()	PlayerHpRegen::Start	203	0	3	0
3004	0x06000B9C	PlayerHpRegen	PlayerHpRegen::Update()	PlayerHpRegen::Update	103	0	3	0
3005	0x06000B9D	PlayerHpRegen	PlayerHpRegen::get_HealingPerSecond()	PlayerHpRegen::get_HealingPerSecond	19	0	8	0
3006	0x06000B9E	PlayerHpRegen	PlayerHpRegen::.ctor()	PlayerHpRegen::.ctor	7	0	8	0
3007	0x06000B9F	BuildingInteractor	BuildingInteractor::get_CurrentUpgradePreviewBranchNumber()	BuildingInteractor::get_CurrentUpgradePreviewBranchNumber	47	0	8	0
3008	0x06000BA0	BuildingInteractor	BuildingInteractor::get_IsChoosingUpgrade()	BuildingInteractor::get_IsChoosingUpgrade	25	0	8	0
3009	0x06000BA1	BuildingInteractor	BuildingInteractor::get_IncomeModifiers()	BuildingInteractor::get_IncomeModifiers	7	0	8	0
3010	0x06000BA2	BuildingInteractor	BuildingInteractor::get_KnockedOutTonight()	BuildingInteractor::get_KnockedOutTonight	7	0	8	0
3011	0x06000BA3	BuildingInteractor	BuildingInteractor::SetHarvested(bool)	BuildingInteractor::SetHarvested	8	0	8	0
3012	0x06000BA4	BuildingInteractor	BuildingInteractor::MarkAsHarvested()	BuildingInteractor::MarkAsHarvested	8	0	8	0
3013	0x06000BA5	BuildingInteractor	BuildingInteractor::get_canBeHarvested()	BuildingInteractor::get_canBeHarvested	62	0	8	0
3014	0x06000BA6	BuildingInteractor	BuildingInteractor::get_harvestIsDenied()	BuildingInteractor::get_harvestIsDenied	59	0	8	0
3015	0x06000BA7	BuildingInteractor	BuildingInteractor::get_GoldIncome()	BuildingInteractor::get_GoldIncome	12	0	8	0
3016	0x06000BA8	BuildingInteractor	BuildingInteractor::get_Focussed()	BuildingInteractor::get_Focussed	7	0	8	0
3017	0x06000BA9	BuildingInteractor	BuildingInteractor::get_HarvestCueVisible()	BuildingInteractor::get_HarvestCueVisible	12	0	8	0
3018	0x06000BAA	BuildingInteractor	BuildingInteractor::get_UpgradeCueVisible()	BuildingInteractor::get_UpgradeCueVisible	12	0	8	0
3019	0x06000BAB	BuildingInteractor	BuildingInteractor::get_CanBeInteractedWith()	BuildingInteractor::get_CanBeInteractedWith	10	0	8	0
3020	0x06000BAC	BuildingInteractor	BuildingInteractor::get_IsWaitingForChoice()	BuildingInteractor::get_IsWaitingForChoice	7	0	8	0
3021	0x06000BAD	BuildingInteractor	BuildingInteractor::SetNeverDenyHarvest(bool)	BuildingInteractor::SetNeverDenyHarvest	8	0	8	0
3022	0x06000BAE	BuildingInteractor	BuildingInteractor::ReturnTooltip()	BuildingInteractor::ReturnTooltip	12	0	8	0
3023	0x06000BAF	BuildingInteractor	BuildingInteractor::Start()	BuildingInteractor::Start	158	0	3	0
3024	0x06000BB0	BuildingInteractor	BuildingInteractor::InteractionBegin(PlayerInteraction)	BuildingInteractor::InteractionBegin	46	0	8	0
3025	0x06000BB1	BuildingInteractor	BuildingInteractor::InteractionHold(PlayerInteraction)	BuildingInteractor::InteractionHold	243	1	3	0
3026	0x06000BB2	BuildingInteractor	BuildingInteractor::InteractionEnd(PlayerInteraction)	BuildingInteractor::InteractionEnd	57	0	8	0
3027	0x06000BB3	BuildingInteractor	BuildingInteractor::BuildComplete()	BuildingInteractor::BuildComplete	34	0	8	0
3028	0x06000BB4	BuildingInteractor	BuildingInteractor::CancelBuild()	BuildingInteractor::CancelBuild	18	0	8	0
3029	0x06000BB5	BuildingInteractor	BuildingInteractor::OnTargetUpgrade()	BuildingInteractor::OnTargetUpgrade	46	0	8	0
3030	0x06000BB6	BuildingInteractor	BuildingInteractor::OnTargetUpgradeCanceled()	BuildingInteractor::OnTargetUpgradeCanceled	59	0	8	0
3031	0x06000BB7	BuildingInteractor	BuildingInteractor::OnDusk()	BuildingInteractor::OnDusk	16	0	8	0
3032	0x06000BB8	BuildingInteractor	BuildingInteractor::OnDawn_BeforeSunrise()	BuildingInteractor::OnDawn_BeforeSunrise	8	0	8	0
3033	0x06000BB9	BuildingInteractor	BuildingInteractor::OnDawn_AfterSunrise()	BuildingInteractor::OnDawn_AfterSunrise	89	2	3	1
3034	0x06000BBA	BuildingInteractor	BuildingInteractor::UpdateInteractionState(bool,BuildingInteractor.InteractionState)	BuildingInteractor::UpdateInteractionState	343	1	2	0
3035	0x06000BBB	BuildingInteractor	BuildingInteractor::Focus(PlayerInteraction)	BuildingInteractor::Focus	32	0	8	0
3036	0x06000BBC	BuildingInteractor	BuildingInteractor::Harvest(PlayerInteraction)	BuildingInteractor::Harvest	151	1	3	0
3037	0x06000BBD	BuildingInteractor	BuildingInteractor::Unfocus(PlayerInteraction)	BuildingInteractor::Unfocus	51	0	8	0
3038	0x06000BBE	BuildingInteractor	BuildingInteractor::get_UpgradePreviewMesh()	BuildingInteractor::get_UpgradePreviewMesh	108	1	3	0
3039	0x06000BBF	BuildingInteractor	BuildingInteractor::ActivateCostDisplay()	BuildingInteractor::ActivateCostDisplay	62	0	8	0
3040	0x06000BC0	BuildingInteractor	BuildingInteractor::DisableCostDisplay()	BuildingInteractor::DisableCostDisplay	12	0	8	0
3041	0x06000BC1	BuildingInteractor	BuildingInteractor::OnKnockOut()	BuildingInteractor::OnKnockOut	16	0	8	0
3042	0x06000BC2	BuildingInteractor	BuildingInteractor::Update()	BuildingInteractor::Update	104	0	2	0
3043	0x06000BC3	BuildingInteractor	BuildingInteractor::PreviewSelf()	BuildingInteractor::PreviewSelf	479	6	4	0
3044	0x06000BC4	BuildingInteractor	BuildingInteractor::PreviewGameObject(UnityEngine.GameObject)	BuildingInteractor::PreviewGameObject	90	2	4	1
3045	0x06000BC5	BuildingInteractor	BuildingInteractor::OnDestroy()	BuildingInteractor::OnDestroy	41	0	8	0
3046	0x06000BC6	BuildingInteractor	BuildingInteractor::OnBeforeMainLoadPass(string)	BuildingInteractor::OnBeforeMainLoadPass	1	0	8	0
3047	0x06000BC7	BuildingInteractor	BuildingInteractor::OnAfterMainLoadPass(string)	BuildingInteractor::OnAfterMainLoadPass	1	0	8	0
3048	0x06000BC8	BuildingInteractor	BuildingInteractor::OnLoad(string)	BuildingInteractor::OnLoad	39	0	8	0
3049	0x06000BC9	BuildingInteractor	BuildingInteractor::OnSave(string)	BuildingInteractor::OnSave	18	0	8	0
3050	0x06000BCA	BuildingInteractor	BuildingInteractor::UpdateInteractionStateDelayed()	BuildingInteractor::UpdateInteractionStateDelayed	14	0	8	0
3051	0x06000BCB	BuildingInteractor	BuildingInteractor::OnDuskEarly()	BuildingInteractor::OnDuskEarly	1	0	8	0
3052	0x06000BCC	BuildingInteractor	BuildingInteractor::.ctor()	BuildingInteractor::.ctor	40	0	8	0
3053	0x06000BCD	BuildingInteractor/<UpdateInteractionStateDelayed>d__82	BuildingInteractor.<UpdateInteractionStateDelayed>d__82::.ctor(int)	BuildingInteractor::UpdateInteractionStateDelayed	14	0	8	0
3054	0x06000BCE	BuildingInteractor/<UpdateInteractionStateDelayed>d__82	BuildingInteractor.<UpdateInteractionStateDelayed>d__82::System.IDisposable.Dispose()	BuildingInteractor::UpdateInteractionStateDelayed	1	0	8	0
3055	0x06000BCF	BuildingInteractor/<UpdateInteractionStateDelayed>d__82	BuildingInteractor.<UpdateInteractionStateDelayed>d__82::MoveNext()	BuildingInteractor::UpdateInteractionStateDelayed	97	2	3	0
3056	0x06000BD0	BuildingInteractor/<UpdateInteractionStateDelayed>d__82	BuildingInteractor.<UpdateInteractionStateDelayed>d__82::System.Collections.Generic.IEnumerator<System.Object>.get_Current()	BuildingInteractor::UpdateInteractionStateDelayed	7	0	8	0
3057	0x06000BD1	BuildingInteractor/<UpdateInteractionStateDelayed>d__82	BuildingInteractor.<UpdateInteractionStateDelayed>d__82::System.Collections.IEnumerator.Reset()	BuildingInteractor::UpdateInteractionStateDelayed	6	0	8	0
3058	0x06000BD2	BuildingInteractor/<UpdateInteractionStateDelayed>d__82	BuildingInteractor.<UpdateInteractionStateDelayed>d__82::System.Collections.IEnumerator.get_Current()	BuildingInteractor::UpdateInteractionStateDelayed	7	0	8	0
3059	0x06000BD3	CutOpenPathInteractor	CutOpenPathInteractor::get_CanBeInteractedWith()	CutOpenPathInteractor::get_CanBeInteractedWith	7	0	8	0
3060	0x06000BD4	CutOpenPathInteractor	CutOpenPathInteractor::Start()	CutOpenPathInteractor::Start	75	0	2	0
3061	0x06000BD5	CutOpenPathInteractor	CutOpenPathInteractor::InteractionBegin(PlayerInteraction)	CutOpenPathInteractor::InteractionBegin	22	0	8	0
3062	0x06000BD6	CutOpenPathInteractor	CutOpenPathInteractor::InteractionHold(PlayerInteraction)	CutOpenPathInteractor::InteractionHold	78	0	2	0
3063	0x06000BD7	CutOpenPathInteractor	CutOpenPathInteractor::InteractionEnd(PlayerInteraction)	CutOpenPathInteractor::InteractionEnd	47	0	8	0
3064	0x06000BD8	CutOpenPathInteractor	CutOpenPathInteractor::Focus(PlayerInteraction)	CutOpenPathInteractor::Focus	19	0	8	0
3065	0x06000BD9	CutOpenPathInteractor	CutOpenPathInteractor::Unfocus(PlayerInteraction)	CutOpenPathInteractor::Unfocus	54	0	8	0
3066	0x06000BDA	CutOpenPathInteractor	CutOpenPathInteractor::OnDuskEarly()	CutOpenPathInteractor::OnDuskEarly	1	0	8	0
3067	0x06000BDB	CutOpenPathInteractor	CutOpenPathInteractor::OnDusk()	CutOpenPathInteractor::OnDusk	24	0	8	0
3068	0x06000BDC	CutOpenPathInteractor	CutOpenPathInteractor::OnDawn_AfterSunrise()	CutOpenPathInteractor::OnDawn_AfterSunrise	31	0	8	0
3069	0x06000BDD	CutOpenPathInteractor	CutOpenPathInteractor::OnDawn_BeforeSunrise()	CutOpenPathInteractor::OnDawn_BeforeSunrise	1	0	8	0
3070	0x06000BDE	CutOpenPathInteractor	CutOpenPathInteractor::OnBeforeMainLoadPass(string)	CutOpenPathInteractor::OnBeforeMainLoadPass	1	0	8	0
3071	0x06000BDF	CutOpenPathInteractor	CutOpenPathInteractor::OnAfterMainLoadPass(string)	CutOpenPathInteractor::OnAfterMainLoadPass	1	0	8	0
3072	0x06000BE0	CutOpenPathInteractor	CutOpenPathInteractor::OnLoad(string)	CutOpenPathInteractor::OnLoad	71	0	3	0
3073	0x06000BE1	CutOpenPathInteractor	CutOpenPathInteractor::OnSave(string)	CutOpenPathInteractor::OnSave	18	0	8	0
3074	0x06000BE2	CutOpenPathInteractor	CutOpenPathInteractor::IsToggleValidToUse()	CutOpenPathInteractor::IsToggleValidToUse	137	3	3	0
3075	0x06000BE3	CutOpenPathInteractor	CutOpenPathInteractor::UpdateSymbol()	CutOpenPathInteractor::UpdateSymbol	38	0	8	0
3076	0x06000BE4	CutOpenPathInteractor	CutOpenPathInteractor::ToggleCutPath()	CutOpenPathInteractor::ToggleCutPath	42	0	8	0
3077	0x06000BE5	CutOpenPathInteractor	CutOpenPathInteractor::ToggleComplete()	CutOpenPathInteractor::ToggleComplete	74	0	3	0
3078	0x06000BE6	CutOpenPathInteractor	CutOpenPathInteractor::.ctor()	CutOpenPathInteractor::.ctor	35	0	8	0
3079	0x06000BE7	InteractorBase	InteractorBase::ReturnTooltip()	InteractorBase::ReturnTooltip	6	0	8	0
3080	0x06000BE8	InteractorBase	InteractorBase::get_CanBeInteractedWith()	InteractorBase::get_CanBeInteractedWith	2	0	8	0
3081	0x06000BE9	InteractorBase	InteractorBase::InteractionBegin(PlayerInteraction)	InteractorBase::InteractionBegin	1	0	8	0
3082	0x06000BEA	InteractorBase	InteractorBase::InteractionHold(PlayerInteraction)	InteractorBase::InteractionHold	1	0	8	0
3083	0x06000BEB	InteractorBase	InteractorBase::InteractionEnd(PlayerInteraction)	InteractorBase::InteractionEnd	1	0	8	0
3084	0x06000BEC	InteractorBase	InteractorBase::Focus(PlayerInteraction)	InteractorBase::Focus	0	0	0	0
3085	0x06000BED	InteractorBase	InteractorBase::Unfocus(PlayerInteraction)	InteractorBase::Unfocus	0	0	0	0
3086	0x06000BEE	InteractorBase	InteractorBase::.ctor()	InteractorBase::.ctor	7	0	8	0
3087	0x06000BEF	LaunchableDefenseMechanismInteractor	LaunchableDefenseMechanismInteractor::Start()	LaunchableDefenseMechanismInteractor::Start	42	0	8	0
3088	0x06000BF0	LaunchableDefenseMechanismInteractor	LaunchableDefenseMechanismInteractor::Focus(PlayerInteraction)	LaunchableDefenseMechanismInteractor::Focus	27	0	8	0
3089	0x06000BF1	LaunchableDefenseMechanismInteractor	LaunchableDefenseMechanismInteractor::InteractionBegin(PlayerInteraction)	LaunchableDefenseMechanismInteractor::InteractionBegin	56	0	8	0
3090	0x06000BF2	LaunchableDefenseMechanismInteractor	LaunchableDefenseMechanismInteractor::OnDawn_AfterSunrise()	LaunchableDefenseMechanismInteractor::OnDawn_AfterSunrise	27	0	8	0
3091	0x06000BF3	LaunchableDefenseMechanismInteractor	LaunchableDefenseMechanismInteractor::OnDawn_BeforeSunrise()	LaunchableDefenseMechanismInteractor::OnDawn_BeforeSunrise	1	0	8	0
3092	0x06000BF4	LaunchableDefenseMechanismInteractor	LaunchableDefenseMechanismInteractor::OnDusk()	LaunchableDefenseMechanismInteractor::OnDusk	13	0	8	0
3093	0x06000BF5	LaunchableDefenseMechanismInteractor	LaunchableDefenseMechanismInteractor::Unfocus(PlayerInteraction)	LaunchableDefenseMechanismInteractor::Unfocus	13	0	8	0
3094	0x06000BF6	LaunchableDefenseMechanismInteractor	LaunchableDefenseMechanismInteractor::Reload()	LaunchableDefenseMechanismInteractor::Reload	74	0	5	0
3095	0x06000BF7	LaunchableDefenseMechanismInteractor	LaunchableDefenseMechanismInteractor::OnDrawGizmos()	LaunchableDefenseMechanismInteractor::OnDrawGizmos	181	0	5	0
3096	0x06000BF8	LaunchableDefenseMechanismInteractor	LaunchableDefenseMechanismInteractor::OnDuskEarly()	LaunchableDefenseMechanismInteractor::OnDuskEarly	1	0	8	0
3097	0x06000BF9	LaunchableDefenseMechanismInteractor	LaunchableDefenseMechanismInteractor::.ctor()	LaunchableDefenseMechanismInteractor::.ctor	14	0	8	0
3098	0x06000BFA	PlayerInteraction	PlayerInteraction::get_Networth()	PlayerInteraction::get_Networth	7	0	8	0
3099	0x06000BFB	PlayerInteraction	PlayerInteraction::get_ManualAttack()	PlayerInteraction::get_ManualAttack	7	0	8	0
3100	0x06000BFC	PlayerInteraction	PlayerInteraction::get_AutoAttack()	PlayerInteraction::get_AutoAttack	7	0	8	0
3101	0x06000BFD	PlayerInteraction	PlayerInteraction::get_IsFreeToCallNight()	PlayerInteraction::get_IsFreeToCallNight	76	0	2	0
3102	0x06000BFE	PlayerInteraction	PlayerInteraction::OnBeforeMainLoadPass(string)	PlayerInteraction::OnBeforeMainLoadPass	1	0	8	0
3103	0x06000BFF	PlayerInteraction	PlayerInteraction::OnAfterMainLoadPass(string)	PlayerInteraction::OnAfterMainLoadPass	1	0	8	0
3104	0x06000C00	PlayerInteraction	PlayerInteraction::OnLoad(string)	PlayerInteraction::OnLoad	72	1	3	0
3105	0x06000C01	PlayerInteraction	PlayerInteraction::OnSave(string)	PlayerInteraction::OnSave	70	1	3	0
3106	0x06000C02	PlayerInteraction	PlayerInteraction::Awake()	PlayerInteraction::Awake	7	0	8	0
3107	0x06000C03	PlayerInteraction	PlayerInteraction::EquipWeapon(ManualAttack,ManualAttack)	PlayerInteraction::EquipWeapon	32	0	8	0
3108	0x06000C04	PlayerInteraction	PlayerInteraction::get_Balance()	PlayerInteraction::get_Balance	7	0	8	0
3109	0x06000C05	PlayerInteraction	PlayerInteraction::get_EnergyCoreBalance()	PlayerInteraction::get_EnergyCoreBalance	7	0	8	0
3110	0x06000C06	PlayerInteraction	PlayerInteraction::get_TrueBalance()	PlayerInteraction::get_TrueBalance	29	0	8	0
3111	0x06000C07	PlayerInteraction	PlayerInteraction::get_TrueEnergyCoreBalance()	PlayerInteraction::get_TrueEnergyCoreBalance	29	0	8	0
3112	0x06000C08	PlayerInteraction	PlayerInteraction::get_FocussedInteractor()	PlayerInteraction::get_FocussedInteractor	7	0	8	0
3113	0x06000C09	PlayerInteraction	PlayerInteraction::Start()	PlayerInteraction::Start	29	0	8	0
3114	0x06000C0A	PlayerInteraction	PlayerInteraction::Update()	PlayerInteraction::Update	19	0	8	0
3115	0x06000C0B	PlayerInteraction	PlayerInteraction::RunInteraction()	PlayerInteraction::RunInteraction	200	0	2	0
3116	0x06000C0C	PlayerInteraction	PlayerInteraction::FetchInteractors()	PlayerInteraction::FetchInteractors	557	9	4	0
3117	0x06000C0D	PlayerInteraction	PlayerInteraction::FetchCoins()	PlayerInteraction::FetchCoins	91	3	4	0
3118	0x06000C0E	PlayerInteraction	PlayerInteraction::AddCoin(int)	PlayerInteraction::AddCoin	41	0	8	0
3119	0x06000C0F	PlayerInteraction	PlayerInteraction::SpendCoins(int)	PlayerInteraction::SpendCoins	67	0	4	0
3120	0x06000C10	PlayerInteraction	PlayerInteraction::AddEnergyCores(int)	PlayerInteraction::AddEnergyCores	32	0	8	0
3121	0x06000C11	PlayerInteraction	PlayerInteraction::SpendEnergyCores(int)	PlayerInteraction::SpendEnergyCores	32	0	8	0
3122	0x06000C12	PlayerInteraction	PlayerInteraction::OnDrawGizmosSelected()	PlayerInteraction::OnDrawGizmosSelected	65	0	2	0
3123	0x06000C13	PlayerInteraction	PlayerInteraction::.ctor()	PlayerInteraction::.ctor	143	0	2	0
3124	0x06000C14	PlayerManager	PlayerManager::get_Instance()	PlayerManager::get_Instance	6	0	8	0
3125	0x06000C15	PlayerManager	PlayerManager::get_RegisteredPlayers()	PlayerManager::get_RegisteredPlayers	12	0	8	0
3126	0x06000C16	PlayerManager	PlayerManager::Awake()	PlayerManager::Awake	40	0	8	0
3127	0x06000C17	PlayerManager	PlayerManager::RegisterPlayer(PlayerMovement)	PlayerManager::RegisterPlayer	40	0	8	0
3128	0x06000C18	PlayerManager	PlayerManager::UnregisterPlayer(PlayerMovement)	PlayerManager::UnregisterPlayer	41	0	8	0
3129	0x06000C19	PlayerManager	PlayerManager::GetClosestPlayer(UnityEngine.Vector3)	PlayerManager::GetClosestPlayer	114	5	2	1
3130	0x06000C1A	PlayerManager	PlayerManager::.ctor()	PlayerManager::.ctor	18	0	8	0
3131	0x06000C1B	PlayerMovement	PlayerMovement::ToggleTimeScale()	PlayerMovement::ToggleTimeScale	58	0	8	0
3132	0x06000C1C	PlayerMovement	PlayerMovement::get_Hp()	PlayerMovement::get_Hp	7	0	8	0
3133	0x06000C1D	PlayerMovement	PlayerMovement::get_Moving()	PlayerMovement::get_Moving	7	0	8	0
3134	0x06000C1E	PlayerMovement	PlayerMovement::get_Sprinting()	PlayerMovement::get_Sprinting	7	0	8	0
3135	0x06000C1F	PlayerMovement	PlayerMovement::get_Dead()	PlayerMovement::get_Dead	7	0	8	0
3136	0x06000C20	PlayerMovement	PlayerMovement::set_Dead(bool)	PlayerMovement::set_Dead	8	0	8	0
3137	0x06000C21	PlayerMovement	PlayerMovement::Awake()	PlayerMovement::Awake	7	0	8	0
3138	0x06000C22	PlayerMovement	PlayerMovement::TeleportTo(UnityEngine.Vector3)	PlayerMovement::TeleportTo	49	0	8	0
3139	0x06000C23	PlayerMovement	PlayerMovement::TeleportToStart()	PlayerMovement::TeleportToStart	13	0	8	0
3140	0x06000C24	PlayerMovement	PlayerMovement::Start()	PlayerMovement::Start	155	0	3	0
3141	0x06000C25	PlayerMovement	PlayerMovement::Slow(float)	PlayerMovement::Slow	19	0	8	0
3142	0x06000C26	PlayerMovement	PlayerMovement::get_Velocity()	PlayerMovement::get_Velocity	7	0	8	0
3143	0x06000C27	PlayerMovement	PlayerMovement::Update()	PlayerMovement::Update	528	4	5	0
3144	0x06000C28	PlayerMovement	PlayerMovement::OnDisable()	PlayerMovement::OnDisable	18	0	8	0
3145	0x06000C29	PlayerMovement	PlayerMovement::EnableControllerNextFrame(UnityEngine.CharacterController)	PlayerMovement::EnableControllerNextFrame	14	0	8	0
3146	0x06000C2A	PlayerMovement	PlayerMovement::MoveScript(UnityEngine.Vector2)	PlayerMovement::MoveScript	592	4	4	0
3147	0x06000C2B	PlayerMovement	PlayerMovement::.ctor()	PlayerMovement::.ctor	106	0	2	0
3148	0x06000C2C	PlayerMovement	PlayerMovement::.cctor()	PlayerMovement::.cctor	11	0	8	0
3149	0x06000C2D	PlayerMovement/<EnableControllerNextFrame>d__52	PlayerMovement.<EnableControllerNextFrame>d__52::.ctor(int)	PlayerMovement::EnableControllerNextFrame	14	0	8	0
3150	0x06000C2E	PlayerMovement/<EnableControllerNextFrame>d__52	PlayerMovement.<EnableControllerNextFrame>d__52::System.IDisposable.Dispose()	PlayerMovement::EnableControllerNextFrame	1	0	8	0
3151	0x06000C2F	PlayerMovement/<EnableControllerNextFrame>d__52	PlayerMovement.<EnableControllerNextFrame>d__52::MoveNext()	PlayerMovement::EnableControllerNextFrame	64	1	2	0
3152	0x06000C30	PlayerMovement/<EnableControllerNextFrame>d__52	PlayerMovement.<EnableControllerNextFrame>d__52::System.Collections.Generic.IEnumerator<System.Object>.get_Current()	PlayerMovement::EnableControllerNextFrame	7	0	8	0
3153	0x06000C31	PlayerMovement/<EnableControllerNextFrame>d__52	PlayerMovement.<EnableControllerNextFrame>d__52::System.Collections.IEnumerator.Reset()	PlayerMovement::EnableControllerNextFrame	6	0	8	0
3154	0x06000C32	PlayerMovement/<EnableControllerNextFrame>d__52	PlayerMovement.<EnableControllerNextFrame>d__52::System.Collections.IEnumerator.get_Current()	PlayerMovement::EnableControllerNextFrame	7	0	8	0
3155	0x06000C33	UpgradeAssassinsTraining	UpgradeAssassinsTraining::OnEnable()	UpgradeAssassinsTraining::OnEnable	101	3	3	0
3156	0x06000C34	UpgradeAssassinsTraining	UpgradeAssassinsTraining::.ctor()	UpgradeAssassinsTraining::.ctor	51	0	8	0
3157	0x06000C35	UpgradeBuildersGuild	UpgradeBuildersGuild::get_Instance()	UpgradeBuildersGuild::get_Instance	6	0	8	0
3158	0x06000C36	UpgradeBuildersGuild	UpgradeBuildersGuild::OnEnable()	UpgradeBuildersGuild::OnEnable	91	0	2	0
3159	0x06000C37	UpgradeBuildersGuild	UpgradeBuildersGuild::OnDisable()	UpgradeBuildersGuild::OnDisable	7	0	8	0
3160	0x06000C38	UpgradeBuildersGuild	UpgradeBuildersGuild::OnDuskEarly()	UpgradeBuildersGuild::OnDuskEarly	7	0	8	0
3161	0x06000C39	UpgradeBuildersGuild	UpgradeBuildersGuild::OnDusk()	UpgradeBuildersGuild::OnDusk	1	0	8	0
3162	0x06000C3A	UpgradeBuildersGuild	UpgradeBuildersGuild::OnDawn_BeforeSunrise()	UpgradeBuildersGuild::OnDawn_BeforeSunrise	1	0	8	0
3163	0x06000C3B	UpgradeBuildersGuild	UpgradeBuildersGuild::OnDawn_AfterSunrise()	UpgradeBuildersGuild::OnDawn_AfterSunrise	1	0	8	0
3164	0x06000C3C	UpgradeBuildersGuild	UpgradeBuildersGuild::UpgradeAHouseWithDelay()	UpgradeBuildersGuild::UpgradeAHouseWithDelay	14	0	8	0
3165	0x06000C3D	UpgradeBuildersGuild	UpgradeBuildersGuild::UpgradeAHouse()	UpgradeBuildersGuild::UpgradeAHouse	121	2	4	0
3166	0x06000C3E	UpgradeBuildersGuild	UpgradeBuildersGuild::GetIncomeChangeIfNextUpgradeIsPossible()	UpgradeBuildersGuild::GetIncomeChangeIfNextUpgradeIsPossible	151	3	4	0
3167	0x06000C3F	UpgradeBuildersGuild	UpgradeBuildersGuild::OnSave(string)	UpgradeBuildersGuild::OnSave	60	0	8	0
3168	0x06000C40	UpgradeBuildersGuild	UpgradeBuildersGuild::ManualLoad(string)	UpgradeBuildersGuild::ManualLoad	74	0	6	0
3169	0x06000C41	UpgradeBuildersGuild	UpgradeBuildersGuild::OnBeforeMainLoadPass(string)	UpgradeBuildersGuild::OnBeforeMainLoadPass	1	0	8	0
3170	0x06000C42	UpgradeBuildersGuild	UpgradeBuildersGuild::OnLoad(string)	UpgradeBuildersGuild::OnLoad	1	0	8	0
3171	0x06000C43	UpgradeBuildersGuild	UpgradeBuildersGuild::OnAfterMainLoadPass(string)	UpgradeBuildersGuild::OnAfterMainLoadPass	1	0	8	0
3172	0x06000C44	UpgradeBuildersGuild	UpgradeBuildersGuild::.ctor()	UpgradeBuildersGuild::.ctor	51	0	8	0
3173	0x06000C45	UpgradeBuildersGuild	UpgradeBuildersGuild::<UpgradeAHouse>b__15_0(TaggedObject)	UpgradeBuildersGuild::UpgradeAHouse	36	1	2	0
3174	0x06000C46	UpgradeBuildersGuild	UpgradeBuildersGuild::<GetIncomeChangeIfNextUpgradeIsPossible>b__16_0(TaggedObject)	UpgradeBuildersGuild::GetIncomeChangeIfNextUpgradeIsPossible	36	1	2	0
3175	0x06000C47	UpgradeBuildersGuild/<UpgradeAHouseWithDelay>d__14	UpgradeBuildersGuild.<UpgradeAHouseWithDelay>d__14::.ctor(int)	UpgradeBuildersGuild::UpgradeAHouseWithDelay	14	0	8	0
3176	0x06000C48	UpgradeBuildersGuild/<UpgradeAHouseWithDelay>d__14	UpgradeBuildersGuild.<UpgradeAHouseWithDelay>d__14::System.IDisposable.Dispose()	UpgradeBuildersGuild::UpgradeAHouseWithDelay	1	0	8	0
3177	0x06000C49	UpgradeBuildersGuild/<UpgradeAHouseWithDelay>d__14	UpgradeBuildersGuild.<UpgradeAHouseWithDelay>d__14::MoveNext()	UpgradeBuildersGuild::UpgradeAHouseWithDelay	95	2	2	0
3178	0x06000C4A	UpgradeBuildersGuild/<UpgradeAHouseWithDelay>d__14	UpgradeBuildersGuild.<UpgradeAHouseWithDelay>d__14::System.Collections.Generic.IEnumerator<System.Object>.get_Current()	UpgradeBuildersGuild::UpgradeAHouseWithDelay	7	0	8	0
3179	0x06000C4B	UpgradeBuildersGuild/<UpgradeAHouseWithDelay>d__14	UpgradeBuildersGuild.<UpgradeAHouseWithDelay>d__14::System.Collections.IEnumerator.Reset()	UpgradeBuildersGuild::UpgradeAHouseWithDelay	6	0	8	0
3180	0x06000C4C	UpgradeBuildersGuild/<UpgradeAHouseWithDelay>d__14	UpgradeBuildersGuild.<UpgradeAHouseWithDelay>d__14::System.Collections.IEnumerator.get_Current()	UpgradeBuildersGuild::UpgradeAHouseWithDelay	7	0	8	0
3181	0x06000C4D	UpgradeCastleUp	UpgradeCastleUp::OnEnable()	UpgradeCastleUp::OnEnable	44	0	8	0
3182	0x06000C4E	UpgradeCastleUp	UpgradeCastleUp::OnDusk()	UpgradeCastleUp::OnDusk	1	0	8	0
3183	0x06000C4F	UpgradeCastleUp	UpgradeCastleUp::OnDawn_BeforeSunrise()	UpgradeCastleUp::OnDawn_BeforeSunrise	1	0	8	0
3184	0x06000C50	UpgradeCastleUp	UpgradeCastleUp::OnDawn_AfterSunrise()	UpgradeCastleUp::OnDawn_AfterSunrise	1	0	8	0
3185	0x06000C51	UpgradeCastleUp	UpgradeCastleUp::DecreasePriceOfWallsAndTowers()	UpgradeCastleUp::DecreasePriceOfWallsAndTowers	76	2	4	0
3186	0x06000C52	UpgradeCastleUp	UpgradeCastleUp::DecreasePriceOfWallOrTower(BuildSlot)	UpgradeCastleUp::DecreasePriceOfWallOrTower	78	0	4	0
3187	0x06000C53	UpgradeCastleUp	UpgradeCastleUp::OnDuskEarly()	UpgradeCastleUp::OnDuskEarly	1	0	8	0
3188	0x06000C54	UpgradeCastleUp	UpgradeCastleUp::OnBeforeMainLoadPass(string)	UpgradeCastleUp::OnBeforeMainLoadPass	1	0	8	0
3189	0x06000C55	UpgradeCastleUp	UpgradeCastleUp::.ctor()	UpgradeCastleUp::.ctor	54	0	8	0
3190	0x06000C56	UpgradeCommander	UpgradeCommander::OnEnable()	UpgradeCommander::OnEnable	208	5	3	2
3191	0x06000C57	UpgradeCommander	UpgradeCommander::.ctor()	UpgradeCommander::.ctor	7	0	8	0
3192	0x06000C58	UpgradeGodlyCurse	UpgradeGodlyCurse::Awake()	UpgradeGodlyCurse::Awake	7	0	8	0
3193	0x06000C59	UpgradeGodlyCurse	UpgradeGodlyCurse::OnEnable()	UpgradeGodlyCurse::OnEnable	23	0	8	0
3194	0x06000C5A	UpgradeGodlyCurse	UpgradeGodlyCurse::Damage(Hp)	UpgradeGodlyCurse::Damage	51	0	8	0
3195	0x06000C5B	UpgradeGodlyCurse	UpgradeGodlyCurse::OnDuskEarly()	UpgradeGodlyCurse::OnDuskEarly	12	0	8	0
3196	0x06000C5C	UpgradeGodlyCurse	UpgradeGodlyCurse::OnDusk()	UpgradeGodlyCurse::OnDusk	1	0	8	0
3197	0x06000C5D	UpgradeGodlyCurse	UpgradeGodlyCurse::OnDawn_AfterSunrise()	UpgradeGodlyCurse::OnDawn_AfterSunrise	1	0	8	0
3198	0x06000C5E	UpgradeGodlyCurse	UpgradeGodlyCurse::OnDawn_BeforeSunrise()	UpgradeGodlyCurse::OnDawn_BeforeSunrise	1	0	8	0
3199	0x06000C5F	UpgradeGodlyCurse	UpgradeGodlyCurse::.ctor()	UpgradeGodlyCurse::.ctor	18	0	8	0
3200	0x06000C60	UpgradeMagicArmor	UpgradeMagicArmor::Awake()	UpgradeMagicArmor::Awake	7	0	8	0
3201	0x06000C61	UpgradeMagicArmor	UpgradeMagicArmor::OnEnable()	UpgradeMagicArmor::OnEnable	12	0	8	0
3202	0x06000C62	UpgradeMagicArmor	UpgradeMagicArmor::.ctor()	UpgradeMagicArmor::.ctor	29	0	8	0
3203	0x06000C63	UpgradePlayerDmg	UpgradePlayerDmg::OnEnable()	UpgradePlayerDmg::OnEnable	24	0	8	0
3204	0x06000C64	UpgradePlayerDmg	UpgradePlayerDmg::.ctor()	UpgradePlayerDmg::.ctor	7	0	8	0
3205	0x06000C65	UpgradePlayerHp	UpgradePlayerHp::OnEnable()	UpgradePlayerHp::OnEnable	86	2	4	0
3206	0x06000C66	UpgradePlayerHp	UpgradePlayerHp::.ctor()	UpgradePlayerHp::.ctor	7	0	8	0
3207	0x06000C67	PlayerUpgradeManager	PlayerUpgradeManager::get_PlayerDamageMultiplyer()	PlayerUpgradeManager::get_PlayerDamageMultiplyer	84	0	3	0
3208	0x06000C68	PlayerUpgradeManager	PlayerUpgradeManager::set_PlayerDamageMultiplyer(float)	PlayerUpgradeManager::set_PlayerDamageMultiplyer	8	0	8	0
3209	0x06000C69	PlayerUpgradeManager	PlayerUpgradeManager::get_PlayerHealthRegenerationMultiplyer()	PlayerUpgradeManager::get_PlayerHealthRegenerationMultiplyer	7	0	8	0
3210	0x06000C6A	PlayerUpgradeManager	PlayerUpgradeManager::set_PlayerHealthRegenerationMultiplyer(float)	PlayerUpgradeManager::set_PlayerHealthRegenerationMultiplyer	8	0	8	0
3211	0x06000C6B	PlayerUpgradeManager	PlayerUpgradeManager::Awake()	PlayerUpgradeManager::Awake	7	0	8	0
3212	0x06000C6C	PlayerUpgradeManager	PlayerUpgradeManager::Start()	PlayerUpgradeManager::Start	105	0	3	0
3213	0x06000C6D	PlayerUpgradeManager	PlayerUpgradeManager::OnDusk()	PlayerUpgradeManager::OnDusk	7	0	8	0
3214	0x06000C6E	PlayerUpgradeManager	PlayerUpgradeManager::OnDawn_AfterSunrise()	PlayerUpgradeManager::OnDawn_AfterSunrise	1	0	8	0
3215	0x06000C6F	PlayerUpgradeManager	PlayerUpgradeManager::OnDawn_BeforeSunrise()	PlayerUpgradeManager::OnDawn_BeforeSunrise	7	0	8	0
3216	0x06000C70	PlayerUpgradeManager	PlayerUpgradeManager::GetStrongerIfInWarriorMode()	PlayerUpgradeManager::GetStrongerIfInWarriorMode	92	0	5	0
3217	0x06000C71	PlayerUpgradeManager	PlayerUpgradeManager::OnDuskEarly()	PlayerUpgradeManager::OnDuskEarly	1	0	8	0
3218	0x06000C72	PlayerUpgradeManager	PlayerUpgradeManager::OnBeforeMainLoadPass(string)	PlayerUpgradeManager::OnBeforeMainLoadPass	1	0	8	0
3219	0x06000C73	PlayerUpgradeManager	PlayerUpgradeManager::OnLoad(string)	PlayerUpgradeManager::OnLoad	1	0	8	0
3220	0x06000C74	PlayerUpgradeManager	PlayerUpgradeManager::OnAfterMainLoadPass(string)	PlayerUpgradeManager::OnAfterMainLoadPass	14	0	8	0
3221	0x06000C75	PlayerUpgradeManager	PlayerUpgradeManager::OnSave(string)	PlayerUpgradeManager::OnSave	1	0	8	0
3222	0x06000C76	PlayerUpgradeManager	PlayerUpgradeManager::DelayLoadedGetStronger()	PlayerUpgradeManager::DelayLoadedGetStronger	14	0	8	0
3223	0x06000C77	PlayerUpgradeManager	PlayerUpgradeManager::.ctor()	PlayerUpgradeManager::.ctor	40	0	8	0
3224	0x06000C78	PlayerUpgradeManager/<DelayLoadedGetStronger>d__28	PlayerUpgradeManager.<DelayLoadedGetStronger>d__28::.ctor(int)	PlayerUpgradeManager::DelayLoadedGetStronger	14	0	8	0
3225	0x06000C79	PlayerUpgradeManager/<DelayLoadedGetStronger>d__28	PlayerUpgradeManager.<DelayLoadedGetStronger>d__28::System.IDisposable.Dispose()	PlayerUpgradeManager::DelayLoadedGetStronger	1	0	8	0
3226	0x06000C7A	PlayerUpgradeManager/<DelayLoadedGetStronger>d__28	PlayerUpgradeManager.<DelayLoadedGetStronger>d__28::MoveNext()	PlayerUpgradeManager::DelayLoadedGetStronger	95	2	2	0
3227	0x06000C7B	PlayerUpgradeManager/<DelayLoadedGetStronger>d__28	PlayerUpgradeManager.<DelayLoadedGetStronger>d__28::System.Collections.Generic.IEnumerator<System.Object>.get_Current()	PlayerUpgradeManager::DelayLoadedGetStronger	7	0	8	0
3228	0x06000C7C	PlayerUpgradeManager/<DelayLoadedGetStronger>d__28	PlayerUpgradeManager.<DelayLoadedGetStronger>d__28::System.Collections.IEnumerator.Reset()	PlayerUpgradeManager::DelayLoadedGetStronger	6	0	8	0
3229	0x06000C7D	PlayerUpgradeManager/<DelayLoadedGetStronger>d__28	PlayerUpgradeManager.<DelayLoadedGetStronger>d__28::System.Collections.IEnumerator.get_Current()	PlayerUpgradeManager::DelayLoadedGetStronger	7	0	8	0
3230	0x06000C7E	PlayerWeaponVisuals	PlayerWeaponVisuals::Init(UnityEngine.GameObject,ManualAttack)	PlayerWeaponVisuals::Init	61	0	8	0
3231	0x06000C7F	PlayerWeaponVisuals	PlayerWeaponVisuals::OnDawn_AfterSunrise()	PlayerWeaponVisuals::OnDawn_AfterSunrise	13	0	8	0
3232	0x06000C80	PlayerWeaponVisuals	PlayerWeaponVisuals::OnDawn_BeforeSunrise()	PlayerWeaponVisuals::OnDawn_BeforeSunrise	1	0	8	0
3233	0x06000C81	PlayerWeaponVisuals	PlayerWeaponVisuals::OnDusk()	PlayerWeaponVisuals::OnDusk	13	0	8	0
3234	0x06000C82	PlayerWeaponVisuals	PlayerWeaponVisuals::OnDuskEarly()	PlayerWeaponVisuals::OnDuskEarly	1	0	8	0
3235	0x06000C83	PlayerWeaponVisuals	PlayerWeaponVisuals::.ctor()	PlayerWeaponVisuals::.ctor	7	0	8	0
3236	0x06000C84	PlayMusicOnStart	PlayMusicOnStart::Start()	PlayMusicOnStart::Start	71	1	3	0
3237	0x06000C85	PlayMusicOnStart	PlayMusicOnStart::.ctor()	PlayMusicOnStart::.ctor	25	0	8	0
3238	0x06000C86	PowerTowerPerk	PowerTowerPerk::Start()	PowerTowerPerk::Start	48	0	8	0
3239	0x06000C87	PowerTowerPerk	PowerTowerPerk::Update()	PowerTowerPerk::Update	189	3	5	0
3240	0x06000C88	PowerTowerPerk	PowerTowerPerk::.ctor()	PowerTowerPerk::.ctor	40	0	8	0
3241	0x06000C89	PracticeTargetCoinDrop	PracticeTargetCoinDrop::Start()	PracticeTargetCoinDrop::Start	24	0	8	0
3242	0x06000C8A	PracticeTargetCoinDrop	PracticeTargetCoinDrop::Update()	PracticeTargetCoinDrop::Update	34	0	8	0
3243	0x06000C8B	PracticeTargetCoinDrop	PracticeTargetCoinDrop::OnDestroy()	PracticeTargetCoinDrop::OnDestroy	39	0	8	0
3244	0x06000C8C	PracticeTargetCoinDrop	PracticeTargetCoinDrop::.ctor()	PracticeTargetCoinDrop::.ctor	14	0	8	0
3245	0x06000C8D	PriorityAudioListener	PriorityAudioListener::OnEnable()	PriorityAudioListener::OnEnable	14	0	8	0
3246	0x06000C8E	PriorityAudioListener	PriorityAudioListener::ExecuteAfterTime()	PriorityAudioListener::ExecuteAfterTime	7	0	8	0
3247	0x06000C8F	PriorityAudioListener	PriorityAudioListener::OnDisable()	PriorityAudioListener::OnDisable	25	0	8	0
3248	0x06000C90	PriorityAudioListener	PriorityAudioListener::.ctor()	PriorityAudioListener::.ctor	7	0	8	0
3249	0x06000C91	PriorityAudioListener/<ExecuteAfterTime>d__1	PriorityAudioListener.<ExecuteAfterTime>d__1::.ctor(int)	PriorityAudioListener::ExecuteAfterTime	14	0	8	0
3250	0x06000C92	PriorityAudioListener/<ExecuteAfterTime>d__1	PriorityAudioListener.<ExecuteAfterTime>d__1::System.IDisposable.Dispose()	PriorityAudioListener::ExecuteAfterTime	1	0	8	0
3251	0x06000C93	PriorityAudioListener/<ExecuteAfterTime>d__1	PriorityAudioListener.<ExecuteAfterTime>d__1::MoveNext()	PriorityAudioListener::ExecuteAfterTime	74	1	2	0
3252	0x06000C94	PriorityAudioListener/<ExecuteAfterTime>d__1	PriorityAudioListener.<ExecuteAfterTime>d__1::System.Collections.Generic.IEnumerator<System.Object>.get_Current()	PriorityAudioListener::ExecuteAfterTime	7	0	8	0
3253	0x06000C95	PriorityAudioListener/<ExecuteAfterTime>d__1	PriorityAudioListener.<ExecuteAfterTime>d__1::System.Collections.IEnumerator.Reset()	PriorityAudioListener::ExecuteAfterTime	6	0	8	0
3254	0x06000C96	PriorityAudioListener/<ExecuteAfterTime>d__1	PriorityAudioListener.<ExecuteAfterTime>d__1::System.Collections.IEnumerator.get_Current()	PriorityAudioListener::ExecuteAfterTime	7	0	8	0
3255	0x06000C97	ProductionBar	ProductionBar::UpdateVisual(float)	ProductionBar::UpdateVisual	49	0	8	0
3256	0x06000C98	ProductionBar	ProductionBar::.ctor()	ProductionBar::.ctor	18	0	8	0
3257	0x06000C99	ProjectileImpactParticles	ProjectileImpactParticles::Start()	ProjectileImpactParticles::Start	43	0	8	0
3258	0x06000C9A	ProjectileImpactParticles	ProjectileImpactParticles::Play()	ProjectileImpactParticles::Play	12	0	8	0
3259	0x06000C9B	ProjectileImpactParticles	ProjectileImpactParticles::.ctor()	ProjectileImpactParticles::.ctor	7	0	8	0
3260	0x06000C9C	PukeLogic	PukeLogic::Update()	PukeLogic::Update	57	0	8	0
3261	0x06000C9D	PukeLogic	PukeLogic::Attack()	PukeLogic::Attack	73	0	5	0
3262	0x06000C9E	PukeLogic	PukeLogic::.ctor()	PukeLogic::.ctor	7	0	8	0
3263	0x06000C9F	PushPlayer2D	PushPlayer2D::Start()	PushPlayer2D::Start	29	0	8	0
3264	0x06000CA0	PushPlayer2D	PushPlayer2D::Update()	PushPlayer2D::Update	145	3	5	0
3265	0x06000CA1	PushPlayer2D	PushPlayer2D::.ctor()	PushPlayer2D::.ctor	18	0	8	0
3266	0x06000CA2	Quest	Quest::get_IsBeatLevelWith()	Quest::get_IsBeatLevelWith	10	0	8	0
3267	0x06000CA3	Quest	Quest::get_IsAchieveScoreOf()	Quest::get_IsAchieveScoreOf	10	0	8	0
3268	0x06000CA4	Quest	Quest::get_IsBeatLevelWithout()	Quest::get_IsBeatLevelWithout	10	0	8	0
3269	0x06000CA5	Quest	Quest::CheckBeaten(LevelData)	Quest::CheckBeaten	333	11	3	1
3270	0x06000CA6	Quest	Quest::ContainsAnyItemsFromList(System.Collections.Generic.List<Equippable>,System.Collections.Generic.List<Equippable>)	Quest::ContainsAnyItemsFromList	59	3	2	1
3271	0x06000CA7	Quest	Quest::GetMissionStatement()	Quest::GetMissionStatement	309	5	5	2
3272	0x06000CA8	Quest	Quest::.ctor()	Quest::.ctor	29	0	8	0
3273	0x06000CA9	RandomPichShiftOnStart	RandomPichShiftOnStart::Awake()	RandomPichShiftOnStart::Awake	48	0	8	0
3274	0x06000CAA	RandomPichShiftOnStart	RandomPichShiftOnStart::.ctor()	RandomPichShiftOnStart::.ctor	18	0	8	0
3275	0x06000CAB	ReduceChildrensBuildRequirementIfPerk	ReduceChildrensBuildRequirementIfPerk::Update()	ReduceChildrensBuildRequirementIfPerk::Update	118	3	4	1
3276	0x06000CAC	ReduceChildrensBuildRequirementIfPerk	ReduceChildrensBuildRequirementIfPerk::.ctor()	ReduceChildrensBuildRequirementIfPerk::.ctor	7	0	8	0
3277	0x06000CAD	ReverseSiegeManager	ReverseSiegeManager::Start()	ReverseSiegeManager::Start	97	1	2	1
3278	0x06000CAE	ReverseSiegeManager	ReverseSiegeManager::OnDawn_BeforeSunrise()	ReverseSiegeManager::OnDawn_BeforeSunrise	53	1	2	1
3279	0x06000CAF	ReverseSiegeManager	ReverseSiegeManager::OnDawn_AfterSunrise()	ReverseSiegeManager::OnDawn_AfterSunrise	130	3	3	1
3280	0x06000CB0	ReverseSiegeManager	ReverseSiegeManager::OnDusk()	ReverseSiegeManager::OnDusk	13	0	8	0
3281	0x06000CB1	ReverseSiegeManager	ReverseSiegeManager::OnDuskEarly()	ReverseSiegeManager::OnDuskEarly	1	0	8	0
3282	0x06000CB2	ReverseSiegeManager	ReverseSiegeManager::.ctor()	ReverseSiegeManager::.ctor	7	0	8	0
3283	0x06000CB3	RidingDamager	RidingDamager::get_DamageMultiplyer()	RidingDamager::get_DamageMultiplyer	24	0	8	0
3284	0x06000CB4	RidingDamager	RidingDamager::Start()	RidingDamager::Start	109	0	2	0
3285	0x06000CB5	RidingDamager	RidingDamager::Update()	RidingDamager::Update	276	5	5	0
3286	0x06000CB6	RidingDamager	RidingDamager::DealWithColliderHit(UnityEngine.Collider)	RidingDamager::DealWithColliderHit	208	1	5	0
3287	0x06000CB7	RidingDamager	RidingDamager::.ctor()	RidingDamager::.ctor	75	0	2	0
3288	0x06000CB8	RoyalForgeUpgrade	RoyalForgeUpgrade::Start()	RoyalForgeUpgrade::Start	29	0	8	0
3289	0x06000CB9	RoyalForgeUpgrade	RoyalForgeUpgrade::OnDawn_AfterSunrise()	RoyalForgeUpgrade::OnDawn_AfterSunrise	151	0	3	0
3290	0x06000CBA	RoyalForgeUpgrade	RoyalForgeUpgrade::OnDawn_BeforeSunrise()	RoyalForgeUpgrade::OnDawn_BeforeSunrise	1	0	8	0
3291	0x06000CBB	RoyalForgeUpgrade	RoyalForgeUpgrade::ApplyUpgrade()	RoyalForgeUpgrade::ApplyUpgrade	90	1	3	0
3292	0x06000CBC	RoyalForgeUpgrade	RoyalForgeUpgrade::PlayerHealthMulti(float)	RoyalForgeUpgrade::PlayerHealthMulti	76	2	4	0
3293	0x06000CBD	RoyalForgeUpgrade	RoyalForgeUpgrade::ManualAttackMulti(float)	RoyalForgeUpgrade::ManualAttackMulti	102	0	3	0
3294	0x06000CBE	RoyalForgeUpgrade	RoyalForgeUpgrade::AutoAttackMulti(float)	RoyalForgeUpgrade::AutoAttackMulti	41	0	8	0
3295	0x06000CBF	RoyalForgeUpgrade	RoyalForgeUpgrade::OnDusk()	RoyalForgeUpgrade::OnDusk	8	0	8	0
3296	0x06000CC0	RoyalForgeUpgrade	RoyalForgeUpgrade::OnEnable()	RoyalForgeUpgrade::OnEnable	96	0	3	0
3297	0x06000CC1	RoyalForgeUpgrade	RoyalForgeUpgrade::UpdateProgressBar()	RoyalForgeUpgrade::UpdateProgressBar	68	0	4	0
3298	0x06000CC2	RoyalForgeUpgrade	RoyalForgeUpgrade::OnDuskEarly()	RoyalForgeUpgrade::OnDuskEarly	1	0	8	0
3299	0x06000CC3	RoyalForgeUpgrade	RoyalForgeUpgrade::OnBeforeMainLoadPass(string)	RoyalForgeUpgrade::OnBeforeMainLoadPass	1	0	8	0
3300	0x06000CC4	RoyalForgeUpgrade	RoyalForgeUpgrade::OnLoad(string)	RoyalForgeUpgrade::OnLoad	1	0	8	0
3301	0x06000CC5	RoyalForgeUpgrade	RoyalForgeUpgrade::OnAfterMainLoadPass(string)	RoyalForgeUpgrade::OnAfterMainLoadPass	1	0	8	0
3302	0x06000CC6	RoyalForgeUpgrade	RoyalForgeUpgrade::OnSave(string)	RoyalForgeUpgrade::OnSave	69	0	5	0
3303	0x06000CC7	RoyalForgeUpgrade	RoyalForgeUpgrade::ManualLoad(string)	RoyalForgeUpgrade::ManualLoad	150	0	6	0
3304	0x06000CC8	RoyalForgeUpgrade	RoyalForgeUpgrade::.ctor()	RoyalForgeUpgrade::.ctor	25	0	8	0
3305	0x06000CC9	SafeFileWriter	SafeFileWriter::GenerateBackupPath(string)	SafeFileWriter::GenerateBackupPath	58	4	5	0
3306	0x06000CCA	SafeFileWriter	SafeFileWriter::ManageBackups(string)	SafeFileWriter::ManageBackups	150	5	4	0
3307	0x06000CCB	SafeFileWriter	SafeFileWriter::FileWriteAllLinesSafe(string,System.Collections.Generic.IEnumerable<string>)	SafeFileWriter::FileWriteAllLinesSafe	67	2	3	1
3308	0x06000CCC	SafeFileWriter	SafeFileWriter::FileReadAllLinesSafe(string)	SafeFileWriter::FileReadAllLinesSafe	68	2	2	1
3309	0x06000CCD	SafeFileWriter	SafeFileWriter::TryLoadFromBackups(string)	SafeFileWriter::TryLoadFromBackups	175	6	4	2
3310	0x06000CCE	SafeFileWriter	SafeFileWriter::.cctor()	SafeFileWriter::.cctor	8	0	8	0
3311	0x06000CCF	SafeFileWriter/<>c	SafeFileWriter.<>c::.cctor()	SafeFileWriter::.cctor	11	0	8	0
3312	0x06000CD0	SafeFileWriter/<>c	SafeFileWriter.<>c::.ctor()	SafeFileWriter::.ctor	7	0	8	0
3313	0x06000CD1	SafeFileWriter/<>c	SafeFileWriter.<>c::<ManageBackups>b__2_0(string)	SafeFileWriter::ManageBackups	2	0	8	0
3314	0x06000CD2	SafeFileWriter/<>c	SafeFileWriter.<>c::<TryLoadFromBackups>b__5_0(string)	SafeFileWriter::TryLoadFromBackups	2	0	8	0
3315	0x06000CD3	ISaveLoad	ISaveLoad::OnBeforeMainLoadPass(string)	ISaveLoad::OnBeforeMainLoadPass	0	0	0	0
3316	0x06000CD4	ISaveLoad	ISaveLoad::OnLoad(string)	ISaveLoad::OnLoad	0	0	0	0
3317	0x06000CD5	ISaveLoad	ISaveLoad::OnAfterMainLoadPass(string)	ISaveLoad::OnAfterMainLoadPass	0	0	0	0
3318	0x06000CD6	ISaveLoad	ISaveLoad::OnSave(string)	ISaveLoad::OnSave	0	0	0	0
3319	0x06000CD7	LocalMatchSaveLoad	LocalMatchSaveLoad::get_CurrentlyLoadingMatch()	LocalMatchSaveLoad::get_CurrentlyLoadingMatch	6	0	8	0
3320	0x06000CD8	LocalMatchSaveLoad	LocalMatchSaveLoad::Awake()	LocalMatchSaveLoad::Awake	28	0	8	0
3321	0x06000CD9	LocalMatchSaveLoad	LocalMatchSaveLoad::Start()	LocalMatchSaveLoad::Start	54	0	8	0
3322	0x06000CDA	LocalMatchSaveLoad	LocalMatchSaveLoad::Save()	LocalMatchSaveLoad::Save	122	3	3	0
3323	0x06000CDB	LocalMatchSaveLoad	LocalMatchSaveLoad::TryLoad()	LocalMatchSaveLoad::TryLoad	151	5	2	0
3324	0x06000CDC	LocalMatchSaveLoad	LocalMatchSaveLoad::SetLoadStatWithDelay()	LocalMatchSaveLoad::SetLoadStatWithDelay	7	0	8	0
3325	0x06000CDD	LocalMatchSaveLoad	LocalMatchSaveLoad::TriggerDelayedSave()	LocalMatchSaveLoad::TriggerDelayedSave	14	0	8	0
3326	0x06000CDE	LocalMatchSaveLoad	LocalMatchSaveLoad::OnDawn_AfterSunrise()	LocalMatchSaveLoad::OnDawn_AfterSunrise	14	0	8	0
3327	0x06000CDF	LocalMatchSaveLoad	LocalMatchSaveLoad::OnDawn_BeforeSunrise()	LocalMatchSaveLoad::OnDawn_BeforeSunrise	30	0	8	0
3328	0x06000CE0	LocalMatchSaveLoad	LocalMatchSaveLoad::OnDusk()	LocalMatchSaveLoad::OnDusk	30	0	8	0
3329	0x06000CE1	LocalMatchSaveLoad	LocalMatchSaveLoad::OnDuskEarly()	LocalMatchSaveLoad::OnDuskEarly	1	0	8	0
3330	0x06000CE2	LocalMatchSaveLoad	LocalMatchSaveLoad::.ctor()	LocalMatchSaveLoad::.ctor	7	0	8	0
3331	0x06000CE3	LocalMatchSaveLoad/<SetLoadStatWithDelay>d__9	LocalMatchSaveLoad.<SetLoadStatWithDelay>d__9::.ctor(int)	LocalMatchSaveLoad::SetLoadStatWithDelay	14	0	8	0
3332	0x06000CE4	LocalMatchSaveLoad/<SetLoadStatWithDelay>d__9	LocalMatchSaveLoad.<SetLoadStatWithDelay>d__9::System.IDisposable.Dispose()	LocalMatchSaveLoad::SetLoadStatWithDelay	1	0	8	0
3333	0x06000CE5	LocalMatchSaveLoad/<SetLoadStatWithDelay>d__9	LocalMatchSaveLoad.<SetLoadStatWithDelay>d__9::MoveNext()	LocalMatchSaveLoad::SetLoadStatWithDelay	169	1	2	0
3334	0x06000CE6	LocalMatchSaveLoad/<SetLoadStatWithDelay>d__9	LocalMatchSaveLoad.<SetLoadStatWithDelay>d__9::System.Collections.Generic.IEnumerator<System.Object>.get_Current()	LocalMatchSaveLoad::SetLoadStatWithDelay	7	0	8	0
3335	0x06000CE7	LocalMatchSaveLoad/<SetLoadStatWithDelay>d__9	LocalMatchSaveLoad.<SetLoadStatWithDelay>d__9::System.Collections.IEnumerator.Reset()	LocalMatchSaveLoad::SetLoadStatWithDelay	6	0	8	0
3336	0x06000CE8	LocalMatchSaveLoad/<SetLoadStatWithDelay>d__9	LocalMatchSaveLoad.<SetLoadStatWithDelay>d__9::System.Collections.IEnumerator.get_Current()	LocalMatchSaveLoad::SetLoadStatWithDelay	7	0	8	0
3337	0x06000CE9	LocalMatchSaveLoad/<TriggerDelayedSave>d__10	LocalMatchSaveLoad.<TriggerDelayedSave>d__10::.ctor(int)	LocalMatchSaveLoad::TriggerDelayedSave	14	0	8	0
3338	0x06000CEA	LocalMatchSaveLoad/<TriggerDelayedSave>d__10	LocalMatchSaveLoad.<TriggerDelayedSave>d__10::System.IDisposable.Dispose()	LocalMatchSaveLoad::TriggerDelayedSave	1	0	8	0
3339	0x06000CEB	LocalMatchSaveLoad/<TriggerDelayedSave>d__10	LocalMatchSaveLoad.<TriggerDelayedSave>d__10::MoveNext()	LocalMatchSaveLoad::TriggerDelayedSave	149	2	2	0
3340	0x06000CEC	LocalMatchSaveLoad/<TriggerDelayedSave>d__10	LocalMatchSaveLoad.<TriggerDelayedSave>d__10::System.Collections.Generic.IEnumerator<System.Object>.get_Current()	LocalMatchSaveLoad::TriggerDelayedSave	7	0	8	0
3341	0x06000CED	LocalMatchSaveLoad/<TriggerDelayedSave>d__10	LocalMatchSaveLoad.<TriggerDelayedSave>d__10::System.Collections.IEnumerator.Reset()	LocalMatchSaveLoad::TriggerDelayedSave	6	0	8	0
3342	0x06000CEE	LocalMatchSaveLoad/<TriggerDelayedSave>d__10	LocalMatchSaveLoad.<TriggerDelayedSave>d__10::System.Collections.IEnumerator.get_Current()	LocalMatchSaveLoad::TriggerDelayedSave	7	0	8	0
3343	0x06000CEF	MatchSaveLoadHandler	MatchSaveLoadHandler::get_SavePath()	MatchSaveLoadHandler::get_SavePath	16	0	8	0
3344	0x06000CF0	MatchSaveLoadHandler	MatchSaveLoadHandler::get_SaveLoadForbidden()	MatchSaveLoadHandler::get_SaveLoadForbidden	16	0	8	0
3345	0x06000CF1	MatchSaveLoadHandler	MatchSaveLoadHandler::get_CurrentSave()	MatchSaveLoadHandler::get_CurrentSave	6	0	8	0
3346	0x06000CF2	MatchSaveLoadHandler	MatchSaveLoadHandler::get_IsLoadingPermitted()	MatchSaveLoadHandler::get_IsLoadingPermitted	68	0	2	0
3347	0x06000CF3	MatchSaveLoadHandler	MatchSaveLoadHandler::GetPathFromIdentifierAndGUID(string,string)	MatchSaveLoadHandler::GetPathFromIdentifierAndGUID	13	0	8	0
3348	0x06000CF4	MatchSaveLoadHandler	MatchSaveLoadHandler::TryLoadValue(string,string,ref !!0)	MatchSaveLoadHandler::TryLoadValue	28	0	8	0
3349	0x06000CF5	MatchSaveLoadHandler	MatchSaveLoadHandler::SaveValue(string,string,string)	MatchSaveLoadHandler::SaveValue	19	0	8	0
3350	0x06000CF6	MatchSaveLoadHandler	MatchSaveLoadHandler::SaveValue(string,string,int)	MatchSaveLoadHandler::SaveValue	19	0	8	0
3351	0x06000CF7	MatchSaveLoadHandler	MatchSaveLoadHandler::SaveValue(string,string,float)	MatchSaveLoadHandler::SaveValue	19	0	8	0
3352	0x06000CF8	MatchSaveLoadHandler	MatchSaveLoadHandler::SaveValue(string,string,bool)	MatchSaveLoadHandler::SaveValue	19	0	8	0
3353	0x06000CF9	MatchSaveLoadHandler	MatchSaveLoadHandler::SaveValue(string,string,int[])	MatchSaveLoadHandler::SaveValue	19	0	8	0
3354	0x06000CFA	MatchSaveLoadHandler	MatchSaveLoadHandler::SaveValue(string,string,TagManager.ETag[])	MatchSaveLoadHandler::SaveValue	19	0	8	0
3355	0x06000CFB	MatchSaveLoadHandler	MatchSaveLoadHandler::InitializeCurrentSave()	MatchSaveLoadHandler::InitializeCurrentSave	31	0	8	0
3356	0x06000CFC	MatchSaveLoadHandler	MatchSaveLoadHandler::SaveRun()	MatchSaveLoadHandler::SaveRun	92	1	3	1
3357	0x06000CFD	MatchSaveLoadHandler	MatchSaveLoadHandler::MarkRunCompleteAndSave()	MatchSaveLoadHandler::MarkRunCompleteAndSave	25	0	8	0
3358	0x06000CFE	MatchSaveLoadHandler	MatchSaveLoadHandler::TryLoadRun(string)	MatchSaveLoadHandler::TryLoadRun	140	1	3	1
3359	0x06000CFF	MatchSaveLoadHandler	MatchSaveLoadHandler::SubmitScoreAndSave(int)	MatchSaveLoadHandler::SubmitScoreAndSave	38	0	8	0
3360	0x06000D00	MatchSaveLoadHandler	MatchSaveLoadHandler::.cctor()	MatchSaveLoadHandler::.cctor	17	0	8	0
3361	0x06000D01	MatchSave	MatchSave::TryLoadValue(string,ref !!0)	MatchSave::TryLoadValue	42	1	3	0
3362	0x06000D02	MatchSave	MatchSave::AddValue(string,!!0)	MatchSave::AddValue	52	0	8	0
3363	0x06000D03	MatchSave	MatchSave::ConvertObjectDataToStrings()	MatchSave::ConvertObjectDataToStrings	514	4	3	2
3364	0x06000D04	MatchSave	MatchSave::ConvertStringsToObjectData()	MatchSave::ConvertStringsToObjectData	623	16	3	8
3365	0x06000D05	MatchSave	MatchSave::ApplyLoadout()	MatchSave::ApplyLoadout	58	1	2	1
3366	0x06000D06	MatchSave	MatchSave::FetchLoadout()	MatchSave::FetchLoadout	33	0	8	0
3367	0x06000D07	MatchSave	MatchSave::.ctor()	MatchSave::.ctor	95	0	2	0
3368	0x06000D08	MatchSave/SerializableDictionaryValue`1	MatchSave.SerializableDictionaryValue::.ctor(string,!0)	MatchSave/SerializableDictionaryValue`1::.ctor	21	0	8	0
3369	0x06000D09	SaveLoadEntity	SaveLoadEntity::get_GUID()	SaveLoadEntity::get_GUID	7	0	8	0
3370	0x06000D0A	SaveLoadEntity	SaveLoadEntity::AssignNewGUID()	SaveLoadEntity::AssignNewGUID	26	1	2	0
3371	0x06000D0B	SaveLoadEntity	SaveLoadEntity::ExecuteBeforeMainLoadPass()	SaveLoadEntity::ExecuteBeforeMainLoadPass	61	0	8	0
3372	0x06000D0C	SaveLoadEntity	SaveLoadEntity::ExecuteLoad()	SaveLoadEntity::ExecuteLoad	61	0	8	0
3373	0x06000D0D	SaveLoadEntity	SaveLoadEntity::ExecuteAfterMainLoadPass()	SaveLoadEntity::ExecuteAfterMainLoadPass	61	0	8	0
3374	0x06000D0E	SaveLoadEntity	SaveLoadEntity::ExecuteSave()	SaveLoadEntity::ExecuteSave	61	0	8	0
3375	0x06000D0F	SaveLoadEntity	SaveLoadEntity::.ctor()	SaveLoadEntity::.ctor	18	0	8	0
3376	0x06000D10	ScoreManager	ScoreManager::get_Instance()	ScoreManager::get_Instance	6	0	8	0
3377	0x06000D11	ScoreManager	ScoreManager::get_CurrentScore()	ScoreManager::get_CurrentScore	7	0	8	0
3378	0x06000D12	ScoreManager	ScoreManager::get_VictoryGoldBonus()	ScoreManager::get_VictoryGoldBonus	24	0	8	0
3379	0x06000D13	ScoreManager	ScoreManager::get_VictoryMutatorBonus()	ScoreManager::get_VictoryMutatorBonus	122	3	3	1
3380	0x06000D14	ScoreManager	ScoreManager::get_DefeatNoRetryBonus()	ScoreManager::get_DefeatNoRetryBonus	91	0	3	0
3381	0x06000D15	ScoreManager	ScoreManager::get_VictoryNoRetryBonus()	ScoreManager::get_VictoryNoRetryBonus	119	0	3	0
3382	0x06000D16	ScoreManager	ScoreManager::OnBeforeMainLoadPass(string)	ScoreManager::OnBeforeMainLoadPass	1	0	8	0
3383	0x06000D17	ScoreManager	ScoreManager::OnAfterMainLoadPass(string)	ScoreManager::OnAfterMainLoadPass	1	0	8	0
3384	0x06000D18	ScoreManager	ScoreManager::OnLoad(string)	ScoreManager::OnLoad	56	0	8	0
3385	0x06000D19	ScoreManager	ScoreManager::OnSave(string)	ScoreManager::OnSave	18	0	8	0
3386	0x06000D1A	ScoreManager	ScoreManager::Awake()	ScoreManager::Awake	40	0	8	0
3387	0x06000D1B	ScoreManager	ScoreManager::Start()	ScoreManager::Start	34	0	8	0
3388	0x06000D1C	ScoreManager	ScoreManager::get_MaxScorePerNight()	ScoreManager::get_MaxScorePerNight	34	0	8	0
3389	0x06000D1D	ScoreManager	ScoreManager::CalculateEndOfNightScore()	ScoreManager::CalculateEndOfNightScore	367	12	5	1
3390	0x06000D1E	ScoreManager	ScoreManager::OnDusk()	ScoreManager::OnDusk	1	0	8	0
3391	0x06000D1F	ScoreManager	ScoreManager::OnDawn_AfterSunrise()	ScoreManager::OnDawn_AfterSunrise	1	0	8	0
3392	0x06000D20	ScoreManager	ScoreManager::OnDawn_BeforeSunrise()	ScoreManager::OnDawn_BeforeSunrise	7	0	8	0
3393	0x06000D21	ScoreManager	ScoreManager::AddDebugPoints(int)	ScoreManager::AddDebugPoints	15	0	8	0
3394	0x06000D22	ScoreManager	ScoreManager::OnDuskEarly()	ScoreManager::OnDuskEarly	1	0	8	0
3395	0x06000D23	ScoreManager	ScoreManager::.ctor()	ScoreManager::.ctor	157	0	5	0
3396	0x06000D24	ScreenMarker	ScreenMarker::get_MyRandomVal()	ScreenMarker::get_MyRandomVal	7	0	8	0
3397	0x06000D25	ScreenMarker	ScreenMarker::get_UnclampedScreenPos()	ScreenMarker::get_UnclampedScreenPos	7	0	8	0
3398	0x06000D26	ScreenMarker	ScreenMarker::set_UnclampedScreenPos(UnityEngine.Vector2)	ScreenMarker::set_UnclampedScreenPos	8	0	8	0
3399	0x06000D27	ScreenMarker	ScreenMarker::get_ClampedScreenPos()	ScreenMarker::get_ClampedScreenPos	7	0	8	0
3400	0x06000D28	ScreenMarker	ScreenMarker::set_ClampedScreenPos(UnityEngine.Vector2)	ScreenMarker::set_ClampedScreenPos	8	0	8	0
3401	0x06000D29	ScreenMarker	ScreenMarker::get_OnScreen()	ScreenMarker::get_OnScreen	7	0	8	0
3402	0x06000D2A	ScreenMarker	ScreenMarker::set_OnScreen(bool)	ScreenMarker::set_OnScreen	8	0	8	0
3403	0x06000D2B	ScreenMarker	ScreenMarker::get_Initialised()	ScreenMarker::get_Initialised	13	0	8	0
3404	0x06000D2C	ScreenMarker	ScreenMarker::Start()	ScreenMarker::Start	242	0	3	0
3405	0x06000D2D	ScreenMarker	ScreenMarker::SetEnemyPrefab(UnityEngine.GameObject)	ScreenMarker::SetEnemyPrefab	8	0	8	0
3406	0x06000D2E	ScreenMarker	ScreenMarker::RefreshSprite()	ScreenMarker::RefreshSprite	56	2	2	0
3407	0x06000D2F	ScreenMarker	ScreenMarker::SetSprite(UnityEngine.Sprite)	ScreenMarker::SetSprite	43	0	8	0
3408	0x06000D30	ScreenMarker	ScreenMarker::Show(bool)	ScreenMarker::Show	40	0	8	0
3409	0x06000D31	ScreenMarker	ScreenMarker::get_Sprite()	ScreenMarker::get_Sprite	7	0	8	0
3410	0x06000D32	ScreenMarker	ScreenMarker::SetElite(bool)	ScreenMarker::SetElite	33	0	8	0
3411	0x06000D33	ScreenMarker	ScreenMarker::get_Elite()	ScreenMarker::get_Elite	7	0	8	0
3412	0x06000D34	ScreenMarker	ScreenMarker::SetNumber(int)	ScreenMarker::SetNumber	63	0	8	0
3413	0x06000D35	ScreenMarker	ScreenMarker::get_Number()	ScreenMarker::get_Number	7	0	8	0
3414	0x06000D36	ScreenMarker	ScreenMarker::OnEnable()	ScreenMarker::OnEnable	49	0	8	0
3415	0x06000D37	ScreenMarker	ScreenMarker::OnDisable()	ScreenMarker::OnDisable	49	0	8	0
3416	0x06000D38	ScreenMarker	ScreenMarker::OnDestroy()	ScreenMarker::OnDestroy	36	0	8	0
3417	0x06000D39	ScreenMarker	ScreenMarker::KillOnSceneChange()	ScreenMarker::KillOnSceneChange	23	0	8	0
3418	0x06000D3A	ScreenMarker	ScreenMarker::get_Position()	ScreenMarker::get_Position	36	0	8	0
3419	0x06000D3B	ScreenMarker	ScreenMarker::set_Position(UnityEngine.Vector2)	ScreenMarker::set_Position	31	0	8	0
3420	0x06000D3C	ScreenMarker	ScreenMarker::get_ImageRotation()	ScreenMarker::get_ImageRotation	22	0	8	0
3421	0x06000D3D	ScreenMarker	ScreenMarker::set_ImageRotation(float)	ScreenMarker::set_ImageRotation	65	0	4	0
3422	0x06000D3E	ScreenMarker	ScreenMarker::get_Rect()	ScreenMarker::get_Rect	35	1	1	0
3423	0x06000D3F	ScreenMarker	ScreenMarker::.ctor()	ScreenMarker::.ctor	21	0	8	0
3424	0x06000D40	ScreenMarkerIcon	ScreenMarkerIcon::get_UnitDescription()	ScreenMarkerIcon::get_UnitDescription	50	0	8	0
3425	0x06000D41	ScreenMarkerIcon	ScreenMarkerIcon::get_UnitName()	ScreenMarkerIcon::get_UnitName	50	0	8	0
3426	0x06000D42	ScreenMarkerIcon	ScreenMarkerIcon::.ctor()	ScreenMarkerIcon::.ctor	7	0	8	0
3427	0x06000D43	ScreenMarkerManager	ScreenMarkerManager::get_FIXED_CANVAS_HEIGHT()	ScreenMarkerManager::get_FIXED_CANVAS_HEIGHT	11	0	8	0
3428	0x06000D44	ScreenMarkerManager	ScreenMarkerManager::Awake()	ScreenMarkerManager::Awake	7	0	8	0
3429	0x06000D45	ScreenMarkerManager	ScreenMarkerManager::Start()	ScreenMarkerManager::Start	18	0	8	0
3430	0x06000D46	ScreenMarkerManager	ScreenMarkerManager::UpdateCam()	ScreenMarkerManager::UpdateCam	89	1	3	0
3431	0x06000D47	ScreenMarkerManager	ScreenMarkerManager::RegisterScreenMarker(ScreenMarker)	ScreenMarkerManager::RegisterScreenMarker	27	0	8	0
3432	0x06000D48	ScreenMarkerManager	ScreenMarkerManager::UnregisterScreenMarker(ScreenMarker)	ScreenMarkerManager::UnregisterScreenMarker	28	0	8	0
3433	0x06000D49	ScreenMarkerManager	ScreenMarkerManager::Update()	ScreenMarkerManager::Update	709	17	4	0
3434	0x06000D4A	ScreenMarkerManager	ScreenMarkerManager::CheckOverlap(ScreenMarker,ScreenMarker)	ScreenMarkerManager::CheckOverlap	174	2	3	0
3435	0x06000D4B	ScreenMarkerManager	ScreenMarkerManager::FormatGroup(System.Collections.Generic.List<ScreenMarker>)	ScreenMarkerManager::FormatGroup	542	9	7	0
3436	0x06000D4C	ScreenMarkerManager	ScreenMarkerManager::UpdateMarkerPosition(ScreenMarker)	ScreenMarkerManager::UpdateMarkerPosition	589	9	7	0
3437	0x06000D4D	ScreenMarkerManager	ScreenMarkerManager::.ctor()	ScreenMarkerManager::.ctor	51	0	8	0
3438	0x06000D4E	ScreenMarkerManager/SortNoGC	ScreenMarkerManager.SortNoGC::Swap(System.Collections.Generic.IList<!!0>,int,int)	ScreenMarkerManager/SortNoGC::Swap	31	1	4	0
3439	0x06000D4F	ScreenMarkerManager/SortNoGC	ScreenMarkerManager.SortNoGC::SortByX(System.Collections.Generic.List<ScreenMarker>)	ScreenMarkerManager/SortNoGC::SortByX	186	3	5	0
3440	0x06000D50	ScreenMarkerManager/SortNoGC	ScreenMarkerManager.SortNoGC::SortByY(System.Collections.Generic.List<ScreenMarker>)	ScreenMarkerManager/SortNoGC::SortByY	186	3	5	0
3441	0x06000D51	ScreenMarkerManager/ComparePositionX	ScreenMarkerManager.ComparePositionX::Compare(ScreenMarker,ScreenMarker)	ScreenMarkerManager/ComparePositionX::Compare	111	0	4	0
3442	0x06000D52	ScreenMarkerManager/ComparePositionX	ScreenMarkerManager.ComparePositionX::.ctor()	ScreenMarkerManager/ComparePositionX::.ctor	7	0	8	0
3443	0x06000D53	ScreenMarkerManager/ComparePositionY	ScreenMarkerManager.ComparePositionY::Compare(ScreenMarker,ScreenMarker)	ScreenMarkerManager/ComparePositionY::Compare	111	0	4	0
3444	0x06000D54	ScreenMarkerManager/ComparePositionY	ScreenMarkerManager.ComparePositionY::.ctor()	ScreenMarkerManager/ComparePositionY::.ctor	7	0	8	0
3445	0x06000D55	SelfDestructWhenInRangeOf	SelfDestructWhenInRangeOf::Start()	SelfDestructWhenInRangeOf::Start	25	0	8	0
3446	0x06000D56	SelfDestructWhenInRangeOf	SelfDestructWhenInRangeOf::Update()	SelfDestructWhenInRangeOf::Update	107	0	5	0
3447	0x06000D57	SelfDestructWhenInRangeOf	SelfDestructWhenInRangeOf::.ctor()	SelfDestructWhenInRangeOf::.ctor	18	0	8	0
3448	0x06000D58	SetStateWhenMacOSX	SetStateWhenMacOSX::Awake()	SetStateWhenMacOSX::Awake	18	0	8	0
3449	0x06000D59	SetStateWhenMacOSX	SetStateWhenMacOSX::.ctor()	SetStateWhenMacOSX::.ctor	7	0	8	0
3450	0x06000D5A	GameProgressResetter	GameProgressResetter::get_savegameDirectoryPath()	GameProgressResetter::get_savegameDirectoryPath	6	0	8	0
3451	0x06000D5B	GameProgressResetter	GameProgressResetter::ResetAndBackupAllGameProgress()	GameProgressResetter::ResetAndBackupAllGameProgress	268	6	4	1
3452	0x06000D5C	GameProgressResetter	GameProgressResetter::GetFileNamesToBackUp()	GameProgressResetter::GetFileNamesToBackUp	110	4	3	0
3453	0x06000D5D	GameProgressResetter	GameProgressResetter::GetFileNamesToSkip()	GameProgressResetter::GetFileNamesToSkip	22	0	8	0
3454	0x06000D5E	GameProgressResetter	GameProgressResetter::GetTimestamp()	GameProgressResetter::GetTimestamp	19	1	2	0
3455	0x06000D5F	ResetAudioSettings	ResetAudioSettings::Trigger()	ResetAudioSettings::Trigger	35	0	8	0
3456	0x06000D60	ResetAudioSettings	ResetAudioSettings::.ctor()	ResetAudioSettings::.ctor	7	0	8	0
3457	0x06000D61	SettingsAntiAliasing	SettingsAntiAliasing::Start()	SettingsAntiAliasing::Start	29	0	8	0
3458	0x06000D62	SettingsAntiAliasing	SettingsAntiAliasing::OnEnable()	SettingsAntiAliasing::OnEnable	109	0	5	0
3459	0x06000D63	SettingsAntiAliasing	SettingsAntiAliasing::OnChange()	SettingsAntiAliasing::OnChange	27	0	8	0
3460	0x06000D64	SettingsAntiAliasing	SettingsAntiAliasing::.ctor()	SettingsAntiAliasing::.ctor	7	0	8	0
3461	0x06000D65	SettingsArachnophobiaMode	SettingsArachnophobiaMode::OnApply()	SettingsArachnophobiaMode::OnApply	22	0	8	0
3462	0x06000D66	SettingsArachnophobiaMode	SettingsArachnophobiaMode::OnEnable()	SettingsArachnophobiaMode::OnEnable	34	0	8	0
3463	0x06000D67	SettingsArachnophobiaMode	SettingsArachnophobiaMode::.ctor()	SettingsArachnophobiaMode::.ctor	7	0	8	0
3464	0x06000D68	SettingsAudioVolume	SettingsAudioVolume::OnEnable()	SettingsAudioVolume::OnEnable	41	0	8	0
3465	0x06000D69	SettingsAudioVolume	SettingsAudioVolume::Start()	SettingsAudioVolume::Start	29	0	8	0
3466	0x06000D6A	SettingsAudioVolume	SettingsAudioVolume::OnChange()	SettingsAudioVolume::OnChange	28	0	8	0
3467	0x06000D6B	SettingsAudioVolume	SettingsAudioVolume::.ctor()	SettingsAudioVolume::.ctor	7	0	8	0
3468	0x06000D6C	SettingsBrightnessHelper	SettingsBrightnessHelper::Start()	SettingsBrightnessHelper::Start	34	0	8	0
3469	0x06000D6D	SettingsBrightnessHelper	SettingsBrightnessHelper::Refresh()	SettingsBrightnessHelper::Refresh	27	0	8	0
3470	0x06000D6E	SettingsBrightnessHelper	SettingsBrightnessHelper::OnDestroy()	SettingsBrightnessHelper::OnDestroy	22	0	8	0
3471	0x06000D6F	SettingsBrightnessHelper	SettingsBrightnessHelper::.ctor()	SettingsBrightnessHelper::.ctor	7	0	8	0
3472	0x06000D70	SettingsBrightnessScale	SettingsBrightnessScale::OnEnable()	SettingsBrightnessScale::OnEnable	35	0	8	0
3473	0x06000D71	SettingsBrightnessScale	SettingsBrightnessScale::Start()	SettingsBrightnessScale::Start	29	0	8	0
3474	0x06000D72	SettingsBrightnessScale	SettingsBrightnessScale::OnChange()	SettingsBrightnessScale::OnChange	22	0	8	0
3475	0x06000D73	SettingsBrightnessScale	SettingsBrightnessScale::.ctor()	SettingsBrightnessScale::.ctor	7	0	8	0
3476	0x06000D74	SettingsColorBlind	SettingsColorBlind::Start()	SettingsColorBlind::Start	29	0	8	0
3477	0x06000D75	SettingsColorBlind	SettingsColorBlind::OnEnable()	SettingsColorBlind::OnEnable	157	0	9	0
3478	0x06000D76	SettingsColorBlind	SettingsColorBlind::OnChange()	SettingsColorBlind::OnChange	22	0	8	0
3479	0x06000D77	SettingsColorBlind	SettingsColorBlind::.ctor()	SettingsColorBlind::.ctor	7	0	8	0
3480	0x06000D78	SettingsDisableExtraTips	SettingsDisableExtraTips::OnApply()	SettingsDisableExtraTips::OnApply	22	0	8	0
3481	0x06000D79	SettingsDisableExtraTips	SettingsDisableExtraTips::OnEnable()	SettingsDisableExtraTips::OnEnable	34	0	8	0
3482	0x06000D7A	SettingsDisableExtraTips	SettingsDisableExtraTips::.ctor()	SettingsDisableExtraTips::.ctor	7	0	8	0
3483	0x06000D7B	SettingsDisableScreenShake	SettingsDisableScreenShake::OnApply()	SettingsDisableScreenShake::OnApply	28	0	8	0
3484	0x06000D7C	SettingsDisableScreenShake	SettingsDisableScreenShake::OnEnable()	SettingsDisableScreenShake::OnEnable	34	0	8	0
3485	0x06000D7D	SettingsDisableScreenShake	SettingsDisableScreenShake::Refresh()	SettingsDisableScreenShake::Refresh	31	0	8	0
3486	0x06000D7E	SettingsDisableScreenShake	SettingsDisableScreenShake::.ctor()	SettingsDisableScreenShake::.ctor	7	0	8	0
3487	0x06000D7F	SettingsDisableTooltips	SettingsDisableTooltips::OnApply()	SettingsDisableTooltips::OnApply	22	0	8	0
3488	0x06000D80	SettingsDisableTooltips	SettingsDisableTooltips::OnEnable()	SettingsDisableTooltips::OnEnable	34	0	8	0
3489	0x06000D81	SettingsDisableTooltips	SettingsDisableTooltips::.ctor()	SettingsDisableTooltips::.ctor	7	0	8	0
3490	0x06000D82	SettingsDisplayTowerRange	SettingsDisplayTowerRange::OnApply()	SettingsDisplayTowerRange::OnApply	1	0	8	0
3491	0x06000D83	SettingsDisplayTowerRange	SettingsDisplayTowerRange::OnEnable()	SettingsDisplayTowerRange::OnEnable	1	0	8	0
3492	0x06000D84	SettingsDisplayTowerRange	SettingsDisplayTowerRange::.ctor()	SettingsDisplayTowerRange::.ctor	7	0	8	0
3493	0x06000D85	SettingsDisplayTowerRangesOnInteract	SettingsDisplayTowerRangesOnInteract::OnApply()	SettingsDisplayTowerRangesOnInteract::OnApply	22	0	8	0
3494	0x06000D86	SettingsDisplayTowerRangesOnInteract	SettingsDisplayTowerRangesOnInteract::OnEnable()	SettingsDisplayTowerRangesOnInteract::OnEnable	34	0	8	0
3495	0x06000D87	SettingsDisplayTowerRangesOnInteract	SettingsDisplayTowerRangesOnInteract::.ctor()	SettingsDisplayTowerRangesOnInteract::.ctor	7	0	8	0
3496	0x06000D88	SettingsEnableControlGroups	SettingsEnableControlGroups::OnApply()	SettingsEnableControlGroups::OnApply	51	0	8	0
3497	0x06000D89	SettingsEnableControlGroups	SettingsEnableControlGroups::OnEnable()	SettingsEnableControlGroups::OnEnable	34	0	8	0
3498	0x06000D8A	SettingsEnableControlGroups	SettingsEnableControlGroups::.ctor()	SettingsEnableControlGroups::.ctor	7	0	8	0
3499	0x06000D8B	SettingsEnableDamageStats	SettingsEnableDamageStats::OnApply()	SettingsEnableDamageStats::OnApply	52	0	8	0
3500	0x06000D8C	SettingsEnableDamageStats	SettingsEnableDamageStats::OnEnable()	SettingsEnableDamageStats::OnEnable	64	0	2	0
3501	0x06000D8D	SettingsEnableDamageStats	SettingsEnableDamageStats::.ctor()	SettingsEnableDamageStats::.ctor	7	0	8	0
3502	0x06000D8E	SettingsEnableUnitStats	SettingsEnableUnitStats::OnApply()	SettingsEnableUnitStats::OnApply	22	0	8	0
3503	0x06000D8F	SettingsEnableUnitStats	SettingsEnableUnitStats::OnEnable()	SettingsEnableUnitStats::OnEnable	34	0	8	0
3504	0x06000D90	SettingsEnableUnitStats	SettingsEnableUnitStats::.ctor()	SettingsEnableUnitStats::.ctor	7	0	8	0
3505	0x06000D91	SettingsFullscreen	SettingsFullscreen::OnApply()	SettingsFullscreen::OnApply	22	0	8	0
3506	0x06000D92	SettingsFullscreen	SettingsFullscreen::OnEnable()	SettingsFullscreen::OnEnable	34	0	8	0
3507	0x06000D93	SettingsFullscreen	SettingsFullscreen::.ctor()	SettingsFullscreen::.ctor	7	0	8	0
3508	0x06000D94	SettingsLanguage	SettingsLanguage::Start()	SettingsLanguage::Start	29	0	8	0
3509	0x06000D95	SettingsLanguage	SettingsLanguage::OnEnable()	SettingsLanguage::OnEnable	110	2	2	0
3510	0x06000D96	SettingsLanguage	SettingsLanguage::OnChange()	SettingsLanguage::OnChange	33	0	8	0
3511	0x06000D97	SettingsLanguage	SettingsLanguage::.ctor()	SettingsLanguage::.ctor	7	0	8	0
3512	0x06000D98	SettingsLanguageReset	SettingsLanguageReset::ResetLanguage()	SettingsLanguageReset::ResetLanguage	36	0	8	0
3513	0x06000D99	SettingsLanguageReset	SettingsLanguageReset::.ctor()	SettingsLanguageReset::.ctor	7	0	8	0
3514	0x06000D9A	SettingsManager	SettingsManager::get_Instance()	SettingsManager::get_Instance	6	0	8	0
3515	0x06000D9B	SettingsManager	SettingsManager::get_Fullscreen()	SettingsManager::get_Fullscreen	7	0	8	0
3516	0x06000D9C	SettingsManager	SettingsManager::get_VSync()	SettingsManager::get_VSync	7	0	8	0
3517	0x06000D9D	SettingsManager	SettingsManager::get_CurrentResolution()	SettingsManager::get_CurrentResolution	7	0	8	0
3518	0x06000D9E	SettingsManager	SettingsManager::get_PostProcessing()	SettingsManager::get_PostProcessing	7	0	8	0
3519	0x06000D9F	SettingsManager	SettingsManager::get_AntiAliasing()	SettingsManager::get_AntiAliasing	7	0	8	0
3520	0x06000DA0	SettingsManager	SettingsManager::get_Renderscale()	SettingsManager::get_Renderscale	7	0	8	0
3521	0x06000DA1	SettingsManager	SettingsManager::get_BrightnessScale()	SettingsManager::get_BrightnessScale	7	0	8	0
3522	0x06000DA2	SettingsManager	SettingsManager::get_VolumeMaster()	SettingsManager::get_VolumeMaster	7	0	8	0
3523	0x06000DA3	SettingsManager	SettingsManager::get_VolumeSFX()	SettingsManager::get_VolumeSFX	7	0	8	0
3524	0x06000DA4	SettingsManager	SettingsManager::get_VolumeEnvironment()	SettingsManager::get_VolumeEnvironment	7	0	8	0
3525	0x06000DA5	SettingsManager	SettingsManager::get_VolumeMusic()	SettingsManager::get_VolumeMusic	7	0	8	0
3526	0x06000DA6	SettingsManager	SettingsManager::get_ResetUnitFormationEveryMorning()	SettingsManager::get_ResetUnitFormationEveryMorning	7	0	8	0
3527	0x06000DA7	SettingsManager	SettingsManager::get_UiReferenceResolutionFactor()	SettingsManager::get_UiReferenceResolutionFactor	7	0	8	0
3528	0x06000DA8	SettingsManager	SettingsManager::get_DisableTooltips()	SettingsManager::get_DisableTooltips	7	0	8	0
3529	0x06000DA9	SettingsManager	SettingsManager::get_DisableExtraTips()	SettingsManager::get_DisableExtraTips	7	0	8	0
3530	0x06000DAA	SettingsManager	SettingsManager::get_ArachnophobiaMode()	SettingsManager::get_ArachnophobiaMode	7	0	8	0
3531	0x06000DAB	SettingsManager	SettingsManager::get_DisplayTowerRangesOnInteract()	SettingsManager::get_DisplayTowerRangesOnInteract	7	0	8	0
3532	0x06000DAC	SettingsManager	SettingsManager::get_EnableControlGroups()	SettingsManager::get_EnableControlGroups	7	0	8	0
3533	0x06000DAD	SettingsManager	SettingsManager::get_DisableScreenShake()	SettingsManager::get_DisableScreenShake	7	0	8	0
3534	0x06000DAE	SettingsManager	SettingsManager::get_EnableUnitDamageStats()	SettingsManager::get_EnableUnitDamageStats	7	0	8	0
3535	0x06000DAF	SettingsManager	SettingsManager::get_EnableEnemyUnitDamageStats()	SettingsManager::get_EnableEnemyUnitDamageStats	7	0	8	0
3536	0x06000DB0	SettingsManager	SettingsManager::get_EnableUnitStats()	SettingsManager::get_EnableUnitStats	7	0	8	0
3537	0x06000DB1	SettingsManager	SettingsManager::get_ColorblindMode()	SettingsManager::get_ColorblindMode	7	0	8	0
3538	0x06000DB2	SettingsManager	SettingsManager::Awake()	SettingsManager::Awake	32	0	8	0
3539	0x06000DB3	SettingsManager	SettingsManager::Start()	SettingsManager::Start	19	0	8	0
3540	0x06000DB4	SettingsManager	SettingsManager::OnEnable()	SettingsManager::OnEnable	31	0	8	0
3541	0x06000DB5	SettingsManager	SettingsManager::OnDisable()	SettingsManager::OnDisable	18	0	8	0
3542	0x06000DB6	SettingsManager	SettingsManager::OnControllerConnect(Rewired.ControllerStatusChangedEventArgs)	SettingsManager::OnControllerConnect	14	0	8	0
3543	0x06000DB7	SettingsManager	SettingsManager::LoadControlsConfigDeffered()	SettingsManager::LoadControlsConfigDeffered	14	0	8	0
3544	0x06000DB8	SettingsManager	SettingsManager::SetResolution(UnityEngine.Resolution)	SettingsManager::SetResolution	179	4	4	1
3545	0x06000DB9	SettingsManager	SettingsManager::SetVSync(bool)	SettingsManager::SetVSync	43	0	8	0
3546	0x06000DBA	SettingsManager	SettingsManager::SetPostProcessing(bool)	SettingsManager::SetPostProcessing	37	0	8	0
3547	0x06000DBB	SettingsManager	SettingsManager::SetAntiAliasing(UnityEngine.Rendering.Universal.MsaaQuality)	SettingsManager::SetAntiAliasing	47	0	8	0
3548	0x06000DBC	SettingsManager	SettingsManager::SetColorblind(SettingsManager.ColorBlindMode)	SettingsManager::SetColorblind	47	0	8	0
3549	0x06000DBD	SettingsManager	SettingsManager::SetFullscreen(bool)	SettingsManager::SetFullscreen	32	0	8	0
3550	0x06000DBE	SettingsManager	SettingsManager::SetShadowResolution(int)	SettingsManager::SetShadowResolution	1	0	8	0
3551	0x06000DBF	SettingsManager	SettingsManager::SetRenderscale(float)	SettingsManager::SetRenderscale	42	0	8	0
3552	0x06000DC0	SettingsManager	SettingsManager::SetBrightnessScale(float)	SettingsManager::SetBrightnessScale	31	0	8	0
3553	0x06000DC1	SettingsManager	SettingsManager::SetAudioValue(float,SettingsManager.MixerChannel)	SettingsManager::SetAudioValue	163	1	3	0
3554	0x06000DC2	SettingsManager	SettingsManager::GetAudioVolume(SettingsManager.MixerChannel)	SettingsManager::GetAudioVolume	59	0	8	0
3555	0x06000DC3	SettingsManager	SettingsManager::PercentageToAudioLogarithmic(float)	SettingsManager::PercentageToAudioLogarithmic	51	0	8	0
3556	0x06000DC4	SettingsManager	SettingsManager::SetResetUnitsInTheMorning(bool)	SettingsManager::SetResetUnitsInTheMorning	26	0	8	0
3557	0x06000DC5	SettingsManager	SettingsManager::SetDisableTooltips(bool)	SettingsManager::SetDisableTooltips	26	0	8	0
3558	0x06000DC6	SettingsManager	SettingsManager::SetDisableExtraTips(bool)	SettingsManager::SetDisableExtraTips	37	0	8	0
3559	0x06000DC7	SettingsManager	SettingsManager::SetArachnophobiaMode(bool)	SettingsManager::SetArachnophobiaMode	37	0	8	0
3560	0x06000DC8	SettingsManager	SettingsManager::SetDisplayTowerRangesOnInteract(bool)	SettingsManager::SetDisplayTowerRangesOnInteract	26	0	8	0
3561	0x06000DC9	SettingsManager	SettingsManager::SetEnableControlGroups(bool)	SettingsManager::SetEnableControlGroups	37	0	8	0
3562	0x06000DCA	SettingsManager	SettingsManager::SetDisableScreenShake(bool)	SettingsManager::SetDisableScreenShake	26	0	8	0
3563	0x06000DCB	SettingsManager	SettingsManager::SetEnabledUnitStats(bool)	SettingsManager::SetEnabledUnitStats	26	0	8	0
3564	0x06000DCC	SettingsManager	SettingsManager::SetEnabledUnitDamageStats(bool)	SettingsManager::SetEnabledUnitDamageStats	45	0	8	0
3565	0x06000DCD	SettingsManager	SettingsManager::SetEnabledEnemyUnitDamageStats(bool)	SettingsManager::SetEnabledEnemyUnitDamageStats	45	0	8	0
3566	0x06000DCE	SettingsManager	SettingsManager::SetUIReferenceResolutionScaleFactor(float)	SettingsManager::SetUIReferenceResolutionScaleFactor	36	0	8	0
3567	0x06000DCF	SettingsManager	SettingsManager::AALevelToInt(UnityEngine.Rendering.Universal.MsaaQuality)	SettingsManager::AALevelToInt	40	0	8	0
3568	0x06000DD0	SettingsManager	SettingsManager::IntToAALevel(int)	SettingsManager::IntToAALevel	34	0	8	0
3569	0x06000DD1	SettingsManager	SettingsManager::InitializeVideoSettingsToPlayerPrefs(bool)	SettingsManager::InitializeVideoSettingsToPlayerPrefs	286	1	3	0
3570	0x06000DD2	SettingsManager	SettingsManager::LoadVideoSettingsFromPlayerPrefs()	SettingsManager::LoadVideoSettingsFromPlayerPrefs	199	1	3	0
3571	0x06000DD3	SettingsManager	SettingsManager::InitializeAudioSettingsToPlayerPrefs()	SettingsManager::InitializeAudioSettingsToPlayerPrefs	77	0	2	0
3572	0x06000DD4	SettingsManager	SettingsManager::LoadAudioSettingsFromPlayerPrefs()	SettingsManager::LoadAudioSettingsFromPlayerPrefs	140	0	3	0
3573	0x06000DD5	SettingsManager	SettingsManager::InitializeGameplaySettingsToPlayerPrefs()	SettingsManager::InitializeGameplaySettingsToPlayerPrefs	201	0	2	0
3574	0x06000DD6	SettingsManager	SettingsManager::LoadGameplaySettingsFromPlayerPrefs()	SettingsManager::LoadGameplaySettingsFromPlayerPrefs	411	0	4	0
3575	0x06000DD7	SettingsManager	SettingsManager::ResetVideoSettings()	SettingsManager::ResetVideoSettings	14	0	8	0
3576	0x06000DD8	SettingsManager	SettingsManager::ResetAudioSettings()	SettingsManager::ResetAudioSettings	13	0	8	0
3577	0x06000DD9	SettingsManager	SettingsManager::ResetGameplaySettings()	SettingsManager::ResetGameplaySettings	13	0	8	0
3578	0x06000DDA	SettingsManager	SettingsManager::ResetGameProgress()	SettingsManager::ResetGameProgress	6	0	8	0
3579	0x06000DDB	SettingsManager	SettingsManager::.ctor()	SettingsManager::.ctor	501	0	2	0
3580	0x06000DDC	SettingsManager/<LoadControlsConfigDeffered>d__122	SettingsManager.<LoadControlsConfigDeffered>d__122::.ctor(int)	SettingsManager::LoadControlsConfigDeffered	14	0	8	0
3581	0x06000DDD	SettingsManager/<LoadControlsConfigDeffered>d__122	SettingsManager.<LoadControlsConfigDeffered>d__122::System.IDisposable.Dispose()	SettingsManager::LoadControlsConfigDeffered	1	0	8	0
3582	0x06000DDE	SettingsManager/<LoadControlsConfigDeffered>d__122	SettingsManager.<LoadControlsConfigDeffered>d__122::MoveNext()	SettingsManager::LoadControlsConfigDeffered	84	2	2	0
3583	0x06000DDF	SettingsManager/<LoadControlsConfigDeffered>d__122	SettingsManager.<LoadControlsConfigDeffered>d__122::System.Collections.Generic.IEnumerator<System.Object>.get_Current()	SettingsManager::LoadControlsConfigDeffered	7	0	8	0
3584	0x06000DE0	SettingsManager/<LoadControlsConfigDeffered>d__122	SettingsManager.<LoadControlsConfigDeffered>d__122::System.Collections.IEnumerator.Reset()	SettingsManager::LoadControlsConfigDeffered	6	0	8	0
3585	0x06000DE1	SettingsManager/<LoadControlsConfigDeffered>d__122	SettingsManager.<LoadControlsConfigDeffered>d__122::System.Collections.IEnumerator.get_Current()	SettingsManager::LoadControlsConfigDeffered	7	0	8	0
3586	0x06000DE2	ResolutionExtensions	ResolutionExtensions::CompareResolutions(UnityEngine.Resolution,UnityEngine.Resolution)	ResolutionExtensions::CompareResolutions	35	0	8	0
3587	0x06000DE3	SettingsPostProcessing	SettingsPostProcessing::OnApply()	SettingsPostProcessing::OnApply	22	0	8	0
3588	0x06000DE4	SettingsPostProcessing	SettingsPostProcessing::OnEnable()	SettingsPostProcessing::OnEnable	34	0	8	0
3589	0x06000DE5	SettingsPostProcessing	SettingsPostProcessing::.ctor()	SettingsPostProcessing::.ctor	7	0	8	0
3590	0x06000DE6	SettingsPostProcessingHelper	SettingsPostProcessingHelper::Start()	SettingsPostProcessingHelper::Start	34	0	8	0
3591	0x06000DE7	SettingsPostProcessingHelper	SettingsPostProcessingHelper::Refresh()	SettingsPostProcessingHelper::Refresh	22	0	8	0
3592	0x06000DE8	SettingsPostProcessingHelper	SettingsPostProcessingHelper::.ctor()	SettingsPostProcessingHelper::.ctor	7	0	8	0
3593	0x06000DE9	SettingsRenderScale	SettingsRenderScale::OnEnable()	SettingsRenderScale::OnEnable	35	0	8	0
3594	0x06000DEA	SettingsRenderScale	SettingsRenderScale::Start()	SettingsRenderScale::Start	29	0	8	0
3595	0x06000DEB	SettingsRenderScale	SettingsRenderScale::OnChange()	SettingsRenderScale::OnChange	22	0	8	0
3596	0x06000DEC	SettingsRenderScale	SettingsRenderScale::.ctor()	SettingsRenderScale::.ctor	7	0	8	0
3597	0x06000DED	SettingsResetGameProgress	SettingsResetGameProgress::ResetGameProgress()	SettingsResetGameProgress::ResetGameProgress	11	0	8	0
3598	0x06000DEE	SettingsResetGameProgress	SettingsResetGameProgress::.ctor()	SettingsResetGameProgress::.ctor	7	0	8	0
3599	0x06000DEF	SettingsResetUnitsMorning	SettingsResetUnitsMorning::OnApply()	SettingsResetUnitsMorning::OnApply	22	0	8	0
3600	0x06000DF0	SettingsResetUnitsMorning	SettingsResetUnitsMorning::OnEnable()	SettingsResetUnitsMorning::OnEnable	34	0	8	0
3601	0x06000DF1	SettingsResetUnitsMorning	SettingsResetUnitsMorning::.ctor()	SettingsResetUnitsMorning::.ctor	7	0	8	0
3602	0x06000DF2	SettingsResetVideo	SettingsResetVideo::ResetVideoSettings()	SettingsResetVideo::ResetVideoSettings	35	0	8	0
3603	0x06000DF3	SettingsResetVideo	SettingsResetVideo::.ctor()	SettingsResetVideo::.ctor	7	0	8	0
3604	0x06000DF4	SettingsResolution	SettingsResolution::Start()	SettingsResolution::Start	29	0	8	0
3605	0x06000DF5	SettingsResolution	SettingsResolution::OnEnable()	SettingsResolution::OnEnable	235	7	5	0
3606	0x06000DF6	SettingsResolution	SettingsResolution::ApplyResolution()	SettingsResolution::ApplyResolution	56	1	3	0
3607	0x06000DF7	SettingsResolution	SettingsResolution::.ctor()	SettingsResolution::.ctor	18	0	8	0
3608	0x06000DF8	SettingsShadowResolution	SettingsShadowResolution::Start()	SettingsShadowResolution::Start	29	0	8	0
3609	0x06000DF9	SettingsShadowResolution	SettingsShadowResolution::OnEnable()	SettingsShadowResolution::OnEnable	117	0	5	0
3610	0x06000DFA	SettingsShadowResolution	SettingsShadowResolution::OnChange()	SettingsShadowResolution::OnChange	27	0	8	0
3611	0x06000DFB	SettingsShadowResolution	SettingsShadowResolution::.ctor()	SettingsShadowResolution::.ctor	7	0	8	0
3612	0x06000DFC	SettingsUIScale	SettingsUIScale::OnEnable()	SettingsUIScale::OnEnable	42	0	8	0
3613	0x06000DFD	SettingsUIScale	SettingsUIScale::Start()	SettingsUIScale::Start	29	0	8	0
3614	0x06000DFE	SettingsUIScale	SettingsUIScale::OnChange()	SettingsUIScale::OnChange	28	0	8	0
3615	0x06000DFF	SettingsUIScale	SettingsUIScale::.ctor()	SettingsUIScale::.ctor	7	0	8	0
3616	0x06000E00	SettingsVsync	SettingsVsync::OnApply()	SettingsVsync::OnApply	22	0	8	0
3617	0x06000E01	SettingsVsync	SettingsVsync::OnEnable()	SettingsVsync::OnEnable	34	0	8	0
3618	0x06000E02	SettingsVsync	SettingsVsync::.ctor()	SettingsVsync::.ctor	7	0	8	0
3619	0x06000E03	SharpCornerMidigator	SharpCornerMidigator::get_Order()	SharpCornerMidigator::get_Order	3	0	8	0
3620	0x06000E04	SharpCornerMidigator	SharpCornerMidigator::Apply(Pathfinding.Path)	SharpCornerMidigator::Apply	479	4	5	0
3621	0x06000E05	SharpCornerMidigator	SharpCornerMidigator::.ctor()	SharpCornerMidigator::.ctor	18	0	8	0
3622	0x06000E06	ShieldOnFirstDamaged	ShieldOnFirstDamaged::Reset()	ShieldOnFirstDamaged::Reset	33	0	8	0
3623	0x06000E07	ShieldOnFirstDamaged	ShieldOnFirstDamaged::Update()	ShieldOnFirstDamaged::Update	74	0	3	0
3624	0x06000E08	ShieldOnFirstDamaged	ShieldOnFirstDamaged::Start()	ShieldOnFirstDamaged::Start	46	0	8	0
3625	0x06000E09	ShieldOnFirstDamaged	ShieldOnFirstDamaged::OnDamaged(bool)	ShieldOnFirstDamaged::OnDamaged	62	0	8	0
3626	0x06000E0A	ShieldOnFirstDamaged	ShieldOnFirstDamaged::SetShieldVisuals(bool)	ShieldOnFirstDamaged::SetShieldVisuals	13	0	8	0
3627	0x06000E0B	ShieldOnFirstDamaged	ShieldOnFirstDamaged::OnDawn_AfterSunrise()	ShieldOnFirstDamaged::OnDawn_AfterSunrise	7	0	8	0
3628	0x06000E0C	ShieldOnFirstDamaged	ShieldOnFirstDamaged::OnDawn_BeforeSunrise()	ShieldOnFirstDamaged::OnDawn_BeforeSunrise	1	0	8	0
3629	0x06000E0D	ShieldOnFirstDamaged	ShieldOnFirstDamaged::OnDusk()	ShieldOnFirstDamaged::OnDusk	1	0	8	0
3630	0x06000E0E	ShieldOnFirstDamaged	ShieldOnFirstDamaged::OnDuskEarly()	ShieldOnFirstDamaged::OnDuskEarly	1	0	8	0
3631	0x06000E0F	ShieldOnFirstDamaged	ShieldOnFirstDamaged::.ctor()	ShieldOnFirstDamaged::.ctor	7	0	8	0
3632	0x06000E10	Shrine	Shrine::get_CollectionRange()	Shrine::get_CollectionRange	7	0	8	0
3633	0x06000E11	Shrine	Shrine::set_CollectionRange(float)	Shrine::set_CollectionRange	8	0	8	0
3634	0x06000E12	Shrine	Shrine::get_IncomeOnceUnlocked()	Shrine::get_IncomeOnceUnlocked	7	0	8	0
3635	0x06000E13	Shrine	Shrine::get_ParentBuildSlot()	Shrine::get_ParentBuildSlot	7	0	8	0
3636	0x06000E14	Shrine	Shrine::get_ShrineHasBeenActivated()	Shrine::get_ShrineHasBeenActivated	7	0	8	0
3637	0x06000E15	Shrine	Shrine::Start()	Shrine::Start	12	0	8	0
3638	0x06000E16	Shrine	Shrine::AdjustRequiredXp(float)	Shrine::AdjustRequiredXp	26	0	8	0
3639	0x06000E17	Shrine	Shrine::MakeProgressAndUpdateBar(float)	Shrine::MakeProgressAndUpdateBar	87	0	3	0
3640	0x06000E18	Shrine	Shrine::DebugActivate()	Shrine::DebugActivate	8	0	8	0
3641	0x06000E19	Shrine	Shrine::ActivateShrine(bool)	Shrine::ActivateShrine	448	4	4	4
3642	0x06000E1A	Shrine	Shrine::DeathOfUnitAt(UnityEngine.Vector3,float)	Shrine::DeathOfUnitAt	171	3	4	1
3643	0x06000E1B	Shrine	Shrine::OnBeforeMainLoadPass(string)	Shrine::OnBeforeMainLoadPass	1	0	8	0
3644	0x06000E1C	Shrine	Shrine::OnAfterMainLoadPass(string)	Shrine::OnAfterMainLoadPass	1	0	8	0
3645	0x06000E1D	Shrine	Shrine::OnSave(string)	Shrine::OnSave	35	0	8	0
3646	0x06000E1E	Shrine	Shrine::OnLoad(string)	Shrine::OnLoad	58	0	8	0
3647	0x06000E1F	Shrine	Shrine::ActivateShrineDelayedInSaveLoad()	Shrine::ActivateShrineDelayedInSaveLoad	14	0	8	0
3648	0x06000E20	Shrine	Shrine::UpgradeMyPower()	Shrine::UpgradeMyPower	43	2	3	0
3649	0x06000E21	Shrine	Shrine::.ctor()	Shrine::.ctor	47	0	8	0
3650	0x06000E22	Shrine	Shrine::.cctor()	Shrine::.cctor	41	0	8	0
3651	0x06000E23	Shrine/<ActivateShrineDelayedInSaveLoad>d__37	Shrine.<ActivateShrineDelayedInSaveLoad>d__37::.ctor(int)	Shrine::ActivateShrineDelayedInSaveLoad	14	0	8	0
3652	0x06000E24	Shrine/<ActivateShrineDelayedInSaveLoad>d__37	Shrine.<ActivateShrineDelayedInSaveLoad>d__37::System.IDisposable.Dispose()	Shrine::ActivateShrineDelayedInSaveLoad	1	0	8	0
3653	0x06000E25	Shrine/<ActivateShrineDelayedInSaveLoad>d__37	Shrine.<ActivateShrineDelayedInSaveLoad>d__37::MoveNext()	Shrine::ActivateShrineDelayedInSaveLoad	96	2	2	0
3654	0x06000E26	Shrine/<ActivateShrineDelayedInSaveLoad>d__37	Shrine.<ActivateShrineDelayedInSaveLoad>d__37::System.Collections.Generic.IEnumerator<System.Object>.get_Current()	Shrine::ActivateShrineDelayedInSaveLoad	7	0	8	0
3655	0x06000E27	Shrine/<ActivateShrineDelayedInSaveLoad>d__37	Shrine.<ActivateShrineDelayedInSaveLoad>d__37::System.Collections.IEnumerator.Reset()	Shrine::ActivateShrineDelayedInSaveLoad	6	0	8	0
3656	0x06000E28	Shrine/<ActivateShrineDelayedInSaveLoad>d__37	Shrine.<ActivateShrineDelayedInSaveLoad>d__37::System.Collections.IEnumerator.get_Current()	Shrine::ActivateShrineDelayedInSaveLoad	7	0	8	0
3657	0x06000E29	SimpleMove	SimpleMove::Update()	SimpleMove::Update	39	0	8	0
3658	0x06000E2A	SimpleMove	SimpleMove::.ctor()	SimpleMove::.ctor	7	0	8	0
3659	0x06000E2B	SlowEffect	SlowEffect::Effect(Hp,TaggedObject,TaggedObject,Weapon,float,bool,float)	SlowEffect::Effect	31	0	8	0
3660	0x06000E2C	SlowEffect	SlowEffect::.ctor()	SlowEffect::.ctor	18	0	8	0
3661	0x06000E2D	Spawn2ndStageFinalBossFx	Spawn2ndStageFinalBossFx::.ctor()	Spawn2ndStageFinalBossFx::.ctor	7	0	8	0
3662	0x06000E2E	SplashDamageArea	SplashDamageArea::OnDrawGizmosSelected()	SplashDamageArea::OnDrawGizmosSelected	95	0	2	0
3663	0x06000E2F	SplashDamageArea	SplashDamageArea::AddReiveDamageHpScriptsInAreaToList(System.Collections.Generic.List<Hp>)	SplashDamageArea::AddReiveDamageHpScriptsInAreaToList	153	3	5	0
3664	0x06000E30	SplashDamageArea	SplashDamageArea::.ctor()	SplashDamageArea::.ctor	7	0	8	0
3665	0x06000E31	SplashDamageArea	SplashDamageArea::.cctor()	SplashDamageArea::.cctor	16	0	8	0
3666	0x06000E32	SummoningCircle	SummoningCircle::OnEnable()	SummoningCircle::OnEnable	74	0	2	0
3667	0x06000E33	SummoningCircle	SummoningCircle::OnSave(string)	SummoningCircle::OnSave	60	0	8	0
3668	0x06000E34	SummoningCircle	SummoningCircle::ManualLoad(string)	SummoningCircle::ManualLoad	74	0	6	0
3669	0x06000E35	SummoningCircle	SummoningCircle::OnBeforeMainLoadPass(string)	SummoningCircle::OnBeforeMainLoadPass	1	0	8	0
3670	0x06000E36	SummoningCircle	SummoningCircle::OnLoad(string)	SummoningCircle::OnLoad	1	0	8	0
3671	0x06000E37	SummoningCircle	SummoningCircle::OnAfterMainLoadPass(string)	SummoningCircle::OnAfterMainLoadPass	1	0	8	0
3672	0x06000E38	SummoningCircle	SummoningCircle::.ctor()	SummoningCircle::.ctor	7	0	8	0
3673	0x06000E39	SuspendPlayerCollisionUntilNoOverlap	SuspendPlayerCollisionUntilNoOverlap::Awake()	SuspendPlayerCollisionUntilNoOverlap::Awake	73	1	2	0
3674	0x06000E3A	SuspendPlayerCollisionUntilNoOverlap	SuspendPlayerCollisionUntilNoOverlap::OnEnable()	SuspendPlayerCollisionUntilNoOverlap::OnEnable	15	0	8	0
3675	0x06000E3B	SuspendPlayerCollisionUntilNoOverlap	SuspendPlayerCollisionUntilNoOverlap::Trigger()	SuspendPlayerCollisionUntilNoOverlap::Trigger	110	2	2	1
3676	0x06000E3C	SuspendPlayerCollisionUntilNoOverlap	SuspendPlayerCollisionUntilNoOverlap::SwitchBack()	SuspendPlayerCollisionUntilNoOverlap::SwitchBack	60	1	2	1
3677	0x06000E3D	SuspendPlayerCollisionUntilNoOverlap	SuspendPlayerCollisionUntilNoOverlap::Update()	SuspendPlayerCollisionUntilNoOverlap::Update	229	7	6	0
3678	0x06000E3E	SuspendPlayerCollisionUntilNoOverlap	SuspendPlayerCollisionUntilNoOverlap::.ctor()	SuspendPlayerCollisionUntilNoOverlap::.ctor	25	0	8	0
3679	0x06000E3F	TaggedObject	TaggedObject::get_Tags()	TaggedObject::get_Tags	7	0	8	0
3680	0x06000E40	TaggedObject	TaggedObject::get_TagBitfield()	TaggedObject::get_TagBitfield	7	0	8	0
3681	0x06000E41	TaggedObject	TaggedObject::get_Hp()	TaggedObject::get_Hp	32	0	8	0
3682	0x06000E42	TaggedObject	TaggedObject::get_Shrine()	TaggedObject::get_Shrine	27	0	8	0
3683	0x06000E43	TaggedObject	TaggedObject::OnBeforeMainLoadPass(string)	TaggedObject::OnBeforeMainLoadPass	1	0	8	0
3684	0x06000E44	TaggedObject	TaggedObject::OnAfterMainLoadPass(string)	TaggedObject::OnAfterMainLoadPass	1	0	8	0
3685	0x06000E45	TaggedObject	TaggedObject::OnLoad(string)	TaggedObject::OnLoad	102	1	3	0
3686	0x06000E46	TaggedObject	TaggedObject::OnSave(string)	TaggedObject::OnSave	39	0	8	0
3687	0x06000E47	TaggedObject	TaggedObject::OnEnable()	TaggedObject::OnEnable	44	0	8	0
3688	0x06000E48	TaggedObject	TaggedObject::OnDisable()	TaggedObject::OnDisable	38	0	8	0
3689	0x06000E49	TaggedObject	TaggedObject::AddTag(TagManager.ETag)	TaggedObject::AddTag	61	0	8	0
3690	0x06000E4A	TaggedObject	TaggedObject::RemoveTag(TagManager.ETag)	TaggedObject::RemoveTag	63	0	8	0
3691	0x06000E4B	TaggedObject	TaggedObject::SetTagBitfieldFromTags()	TaggedObject::SetTagBitfieldFromTags	56	2	5	0
3692	0x06000E4C	TaggedObject	TaggedObject::Contains(TagManager.ETag)	TaggedObject::Contains	19	0	8	0
3693	0x06000E4D	TaggedObject	TaggedObject::AddUnitGroupTag(TagManager.ETag)	TaggedObject::AddUnitGroupTag	73	0	2	0
3694	0x06000E4E	TaggedObject	TaggedObject::RemoveUnitGroupTag(TagManager.ETag)	TaggedObject::RemoveUnitGroupTag	19	0	8	0
3695	0x06000E4F	TaggedObject	TaggedObject::Match(System.Collections.Generic.HashSet<TagManager.ETag>,System.Collections.Generic.HashSet<TagManager.ETag>)	TaggedObject::Match	126	5	2	2
3696	0x06000E50	TaggedObject	TaggedObject::GetSqrDistance(UnityEngine.Vector3)	TaggedObject::GetSqrDistance	67	1	2	0
3697	0x06000E51	TaggedObject	TaggedObject::.ctor()	TaggedObject::.ctor	29	0	8	0
3698	0x06000E52	TagManager	TagManager::get_PlayerUnits()	TagManager::get_PlayerUnits	12	0	8	0
3699	0x06000E53	TagManager	TagManager::get_EnemyUnits()	TagManager::get_EnemyUnits	12	0	8	0
3700	0x06000E54	TagManager	TagManager::get_Players()	TagManager::get_Players	12	0	8	0
3701	0x06000E55	TagManager	TagManager::OnEnable()	TagManager::OnEnable	66	1	3	0
3702	0x06000E56	TagManager	TagManager::AddTaggedObject(TaggedObject)	TagManager::AddTaggedObject	104	2	3	1
3703	0x06000E57	TagManager	TagManager::RemoveTaggedObject(TaggedObject)	TagManager::RemoveTaggedObject	110	2	3	1
3704	0x06000E58	TagManager	TagManager::AddTag(TaggedObject,TagManager.ETag)	TagManager::AddTag	30	1	2	0
3705	0x06000E59	TagManager	TagManager::RemoveTag(TaggedObject,TagManager.ETag)	TagManager::RemoveTag	31	1	2	0
3706	0x06000E5A	TagManager	TagManager::CountObjectsWithTag(TagManager.ETag)	TagManager::CountObjectsWithTag	18	0	8	0
3707	0x06000E5B	TagManager	TagManager::FindAllTaggedObjectsWithTags(System.Collections.Generic.List<TaggedObject>,System.Collections.Generic.List<TagManager.ETag>,System.Collections.Generic.List<TagManager.ETag>)	TagManager::FindAllTaggedObjectsWithTags	264	13	4	0
3708	0x06000E5C	TagManager	TagManager::FindAllTaggedObjectsWithTag(System.Collections.Generic.List<TaggedObject>,TagManager.ETag)	TagManager::FindAllTaggedObjectsWithTag	25	0	8	0
3709	0x06000E5D	TagManager	TagManager::FindAllTaggedObjectsWithTagDirect_UseWithCare(TagManager.ETag)	TagManager::FindAllTaggedObjectsWithTagDirect_UseWithCare	13	0	8	0
3710	0x06000E5E	TagManager	TagManager::FindClosestTaggedObjectWithTags(UnityEngine.Vector3,System.Collections.Generic.List<TagManager.ETag>,System.Collections.Generic.List<TagManager.ETag>)	TagManager::FindClosestTaggedObjectWithTags	161	7	4	0
3711	0x06000E5F	TagManager	TagManager::FindClosestTaggedObjectsWithTags(UnityEngine.Vector3,System.Collections.Generic.List<TagManager.ETag>,System.Collections.Generic.List<TagManager.ETag>,TaggedObject[],float)	TagManager::FindClosestTaggedObjectsWithTags	229	8	4	0
3712	0x06000E60	TagManager	TagManager::FindUnsortedTaggedObjectsInRange(UnityEngine.Vector3,System.Collections.Generic.List<TagManager.ETag>,System.Collections.Generic.List<TagManager.ETag>,float)	TagManager::FindUnsortedTaggedObjectsInRange	155	2	4	0
3713	0x06000E61	TagManager	TagManager::FindFarthestTaggedObjectWithTags(UnityEngine.Vector3,System.Collections.Generic.List<TagManager.ETag>,System.Collections.Generic.List<TagManager.ETag>,float)	TagManager::FindFarthestTaggedObjectWithTags	96	5	4	0
3714	0x06000E62	TagManager	TagManager::FindLowestHealthTaggedObjectsWithTags(UnityEngine.Vector3,System.Collections.Generic.List<TagManager.ETag>,System.Collections.Generic.List<TagManager.ETag>,TaggedObject[],float,bool)	TagManager::FindLowestHealthTaggedObjectsWithTags	248	7	4	1
3715	0x06000E63	TagManager	TagManager::MeasureDistanceToTaggedObject(TaggedObject,UnityEngine.Vector3)	TagManager::MeasureDistanceToTaggedObject	67	1	2	0
3716	0x06000E64	TagManager	TagManager::MeasureDirectionToTaggedObject(TaggedObject,UnityEngine.Vector3)	TagManager::MeasureDirectionToTaggedObject	51	0	8	0
3717	0x06000E65	TagManager	TagManager::CountAllTaggedObjectsWithTag(TagManager.ETag)	TagManager::CountAllTaggedObjectsWithTag	18	0	8	0
3718	0x06000E66	TagManager	TagManager::CountAllTaggedObjectsWithTag(TagManager.ETag,TagManager.ETag,TagManager.ETag)	TagManager::CountAllTaggedObjectsWithTag	115	3	2	1
3719	0x06000E67	TagManager	TagManager::.ctor()	TagManager::.ctor	106	0	2	0
3720	0x06000E68	TagManager/TempDistanceBuffer	TagManager.TempDistanceBuffer::Allocate(int)	TagManager/TempDistanceBuffer::Allocate	56	1	2	0
3721	0x06000E69	TagManager/TempDistanceBuffer	TagManager.TempDistanceBuffer::Sort(TagManager.DistanceEntry[],int)	TagManager/TempDistanceBuffer::Sort	78	2	4	0
3722	0x06000E6A	TagManager/TempDistanceBuffer	TagManager.TempDistanceBuffer::Free(TagManager.DistanceEntry[],int)	TagManager/TempDistanceBuffer::Free	1	0	8	0
3723	0x06000E6B	TagManager/TempDistanceBuffer	TagManager.TempDistanceBuffer::.cctor()	TagManager/TempDistanceBuffer::.cctor	31	0	8	0
3724	0x06000E6C	TagManager/TempDistanceBuffer/DistanceComparer	TagManager.TempDistanceBuffer.DistanceComparer::Compare(TagManager.DistanceEntry,TagManager.DistanceEntry)	TagManager/TempDistanceBuffer/DistanceComparer::Compare	19	0	8	0
3725	0x06000E6D	TagManager/TempDistanceBuffer/DistanceComparer	TagManager.TempDistanceBuffer.DistanceComparer::.ctor()	TagManager/TempDistanceBuffer/DistanceComparer::.ctor	7	0	8	0
3726	0x06000E6E	TagManager/TempDistanceBuffer/DistanceComparer	TagManager.TempDistanceBuffer.DistanceComparer::.cctor()	TagManager/TempDistanceBuffer/DistanceComparer::.cctor	11	0	8	0
3727	0x06000E6F	TargetPriority	TargetPriority::FindClosestTaggedObject(UnityEngine.Vector3)	TargetPriority::FindClosestTaggedObject	117	3	4	0
3728	0x06000E70	TargetPriority	TargetPriority::FindFarthestTaggedObjectWithRange(UnityEngine.Vector3)	TargetPriority::FindFarthestTaggedObjectWithRange	132	3	5	0
3729	0x06000E71	TargetPriority	TargetPriority::FindClosestTaggedObjectWithoutMaxDistanceCheck(UnityEngine.Vector3)	TargetPriority::FindClosestTaggedObjectWithoutMaxDistanceCheck	24	0	8	0
3730	0x06000E72	TargetPriority	TargetPriority::FindClosestTaggedObjects(UnityEngine.Vector3,TaggedObject[])	TargetPriority::FindClosestTaggedObjects	31	0	8	0
3731	0x06000E73	TargetPriority	TargetPriority::FindUnsortedTaggedObjectsInRange(UnityEngine.Vector3)	TargetPriority::FindUnsortedTaggedObjectsInRange	30	0	8	0
3732	0x06000E74	TargetPriority	TargetPriority::FindLowestHealthTaggedObjects(UnityEngine.Vector3,TaggedObject[],bool)	TargetPriority::FindLowestHealthTaggedObjects	32	0	8	0
3733	0x06000E75	TargetPriority	TargetPriority::FindHighestHealthObjectInRange(UnityEngine.Vector3)	TargetPriority::FindHighestHealthObjectInRange	162	4	4	0
3734	0x06000E76	TargetPriority	TargetPriority::FindHighestHealthObjectsInRange(UnityEngine.Vector3,TaggedObject[])	TargetPriority::FindHighestHealthObjectsInRange	265	7	4	0
3735	0x06000E77	TargetPriority	TargetPriority::FindHighestMaxHealthObjectsInRange(UnityEngine.Vector3,TaggedObject[])	TargetPriority::FindHighestMaxHealthObjectsInRange	265	7	4	0
3736	0x06000E78	TargetPriority	TargetPriority::FindRandomObjectInRange(UnityEngine.Vector3)	TargetPriority::FindRandomObjectInRange	140	4	4	0
3737	0x06000E79	TargetPriority	TargetPriority::FindRandomObjectsInRange(UnityEngine.Vector3,TaggedObject[])	TargetPriority::FindRandomObjectsInRange	143	3	4	1
3738	0x06000E7A	TargetPriority	TargetPriority::FindLowestHealthObjectInRange(UnityEngine.Vector3,bool)	TargetPriority::FindLowestHealthObjectInRange	178	4	4	0
3739	0x06000E7B	TargetPriority	TargetPriority::FindLowestHealthObjectsInRange(UnityEngine.Vector3,TaggedObject[],bool)	TargetPriority::FindLowestHealthObjectsInRange	288	7	4	0
3740	0x06000E7C	TargetPriority	TargetPriority::FindTaggedObject(UnityEngine.Vector3,ref UnityEngine.Vector3)	TargetPriority::FindTaggedObject	152	3	4	0
3741	0x06000E7D	TargetPriority	TargetPriority::FindTaggedObjectCloseToHome(UnityEngine.Vector3,UnityEngine.Vector3,float,ref UnityEngine.Vector3)	TargetPriority::FindTaggedObjectCloseToHome	155	2	4	0
3742	0x06000E7E	TargetPriority	TargetPriority::FindTaggedObjectCloseToHomeInHomeRange(UnityEngine.Vector3,UnityEngine.Vector3,float,ref UnityEngine.Vector3)	TargetPriority::FindTaggedObjectCloseToHomeInHomeRange	159	3	4	0
3743	0x06000E7F	TargetPriority	TargetPriority::FindTaggedObjectsCloseToHomeInRange(UnityEngine.Vector3,UnityEngine.Vector3,float,ref System.Collections.Generic.List<TaggedObject>)	TargetPriority::FindTaggedObjectsCloseToHomeInRange	270	9	4	0
3744	0x06000E80	TargetPriority	TargetPriority::.ctor()	TargetPriority::.ctor	51	0	8	0
3745	0x06000E81	HealthSortBuffer	HealthSortBuffer::Allocate(int)	HealthSortBuffer::Allocate	92	0	4	0
3746	0x06000E82	HealthSortBuffer	HealthSortBuffer::Free(HealthEntry[],int)	HealthSortBuffer::Free	33	0	8	0
3747	0x06000E83	HealthSortBuffer	HealthSortBuffer::SortDesc(HealthEntry[],int)	HealthSortBuffer::SortDesc	14	0	8	0
3748	0x06000E84	HealthSortBuffer	HealthSortBuffer::SortAsc(HealthEntry[],int)	HealthSortBuffer::SortAsc	14	0	8	0
3749	0x06000E85	HealthSortBuffer	HealthSortBuffer::.cctor()	HealthSortBuffer::.cctor	17	0	8	0
3750	0x06000E86	HealthSortBuffer/DescComparer	HealthSortBuffer.DescComparer::Compare(HealthEntry,HealthEntry)	HealthSortBuffer/DescComparer::Compare	19	0	8	0
3751	0x06000E87	HealthSortBuffer/DescComparer	HealthSortBuffer.DescComparer::.ctor()	HealthSortBuffer/DescComparer::.ctor	7	0	8	0
3752	0x06000E88	HealthSortBuffer/DescComparer	HealthSortBuffer.DescComparer::.cctor()	HealthSortBuffer/DescComparer::.cctor	11	0	8	0
3753	0x06000E89	HealthSortBuffer/AscComparer	HealthSortBuffer.AscComparer::Compare(HealthEntry,HealthEntry)	HealthSortBuffer/AscComparer::Compare	19	0	8	0
3754	0x06000E8A	HealthSortBuffer/AscComparer	HealthSortBuffer.AscComparer::.ctor()	HealthSortBuffer/AscComparer::.ctor	7	0	8	0
3755	0x06000E8B	HealthSortBuffer/AscComparer	HealthSortBuffer.AscComparer::.cctor()	HealthSortBuffer/AscComparer::.cctor	11	0	8	0
3756	0x06000E8C	DisablePooledObjectAfterTime	DisablePooledObjectAfterTime::ResetDisabledObject()	DisablePooledObjectAfterTime::ResetDisabledObject	19	0	8	0
3757	0x06000E8D	DisablePooledObjectAfterTime	DisablePooledObjectAfterTime::InterruptDisableCoroutine()	DisablePooledObjectAfterTime::InterruptDisableCoroutine	40	0	8	0
3758	0x06000E8E	DisablePooledObjectAfterTime	DisablePooledObjectAfterTime::DisableAfter(float)	DisablePooledObjectAfterTime::DisableAfter	33	0	8	0
3759	0x06000E8F	DisablePooledObjectAfterTime	DisablePooledObjectAfterTime::CoroutineDisableAfter(float)	DisablePooledObjectAfterTime::CoroutineDisableAfter	21	0	8	0
3760	0x06000E90	DisablePooledObjectAfterTime	DisablePooledObjectAfterTime::.ctor()	DisablePooledObjectAfterTime::.ctor	7	0	8	0
3761	0x06000E91	DisablePooledObjectAfterTime/<CoroutineDisableAfter>d__4	DisablePooledObjectAfterTime.<CoroutineDisableAfter>d__4::.ctor(int)	DisablePooledObjectAfterTime::CoroutineDisableAfter	14	0	8	0
3762	0x06000E92	DisablePooledObjectAfterTime/<CoroutineDisableAfter>d__4	DisablePooledObjectAfterTime.<CoroutineDisableAfter>d__4::System.IDisposable.Dispose()	DisablePooledObjectAfterTime::CoroutineDisableAfter	1	0	8	0
3763	0x06000E93	DisablePooledObjectAfterTime/<CoroutineDisableAfter>d__4	DisablePooledObjectAfterTime.<CoroutineDisableAfter>d__4::MoveNext()	DisablePooledObjectAfterTime::CoroutineDisableAfter	77	2	2	0
3764	0x06000E94	DisablePooledObjectAfterTime/<CoroutineDisableAfter>d__4	DisablePooledObjectAfterTime.<CoroutineDisableAfter>d__4::System.Collections.Generic.IEnumerator<System.Object>.get_Current()	DisablePooledObjectAfterTime::CoroutineDisableAfter	7	0	8	0
3765	0x06000E95	DisablePooledObjectAfterTime/<CoroutineDisableAfter>d__4	DisablePooledObjectAfterTime.<CoroutineDisableAfter>d__4::System.Collections.IEnumerator.Reset()	DisablePooledObjectAfterTime::CoroutineDisableAfter	6	0	8	0
3766	0x06000E96	DisablePooledObjectAfterTime/<CoroutineDisableAfter>d__4	DisablePooledObjectAfterTime.<CoroutineDisableAfter>d__4::System.Collections.IEnumerator.get_Current()	DisablePooledObjectAfterTime::CoroutineDisableAfter	7	0	8	0
3767	0x06000E97	ObjectPools	ObjectPools::Awake()	ObjectPools::Awake	50	0	8	0
3768	0x06000E98	ObjectPools	ObjectPools::GetObjectPoolByHashCode(int)	ObjectPools::GetObjectPoolByHashCode	12	0	8	0
3769	0x06000E99	ObjectPools	ObjectPools::CreatePooledItem(UnityEngine.GameObject)	ObjectPools::CreatePooledItem	24	0	8	0
3770	0x06000E9A	ObjectPools	ObjectPools::GetPooledItemByObject(UnityEngine.GameObject)	ObjectPools::GetPooledItemByObject	400	2	9	0
3771	0x06000E9B	ObjectPools	ObjectPools::ReleasePooledItemByObject(UnityEngine.GameObject)	ObjectPools::ReleasePooledItemByObject	84	2	3	0
3772	0x06000E9C	ObjectPools	ObjectPools::OnDestroy()	ObjectPools::OnDestroy	79	2	1	1
3773	0x06000E9D	ObjectPools	ObjectPools::OnApplicationQuit()	ObjectPools::OnApplicationQuit	79	2	1	1
3774	0x06000E9E	ObjectPools	ObjectPools::OnActiveSceneChanged(UnityEngine.SceneManagement.Scene,UnityEngine.SceneManagement.Scene)	ObjectPools::OnActiveSceneChanged	79	2	1	1
3775	0x06000E9F	ObjectPools	ObjectPools::.ctor()	ObjectPools::.ctor	7	0	8	0
3776	0x06000EA0	ObjectPools	ObjectPools::.cctor()	ObjectPools::.cctor	33	0	8	0
3777	0x06000EA1	ObjectPools/<>c	ObjectPools.<>c::.cctor()	ObjectPools::.cctor	11	0	8	0
3778	0x06000EA2	ObjectPools/<>c	ObjectPools.<>c::.ctor()	ObjectPools::.ctor	7	0	8	0
3779	0x06000EA3	ObjectPools/<>c	ObjectPools.<>c::<GetPooledItemByObject>b__8_1(UnityEngine.GameObject)	ObjectPools::GetPooledItemByObject	8	0	8	0
3780	0x06000EA4	ObjectPools/<>c	ObjectPools.<>c::<GetPooledItemByObject>b__8_2(UnityEngine.GameObject)	ObjectPools::GetPooledItemByObject	8	0	8	0
3781	0x06000EA5	ObjectPools/<>c	ObjectPools.<>c::<GetPooledItemByObject>b__8_3(UnityEngine.GameObject)	ObjectPools::GetPooledItemByObject	7	0	8	0
3782	0x06000EA6	ObjectPools/<>c	ObjectPools.<>c::<GetPooledItemByObject>b__8_5(UnityEngine.GameObject)	ObjectPools::GetPooledItemByObject	8	0	8	0
3783	0x06000EA7	ObjectPools/<>c	ObjectPools.<>c::<GetPooledItemByObject>b__8_6(UnityEngine.GameObject)	ObjectPools::GetPooledItemByObject	8	0	8	0
3784	0x06000EA8	ObjectPools/<>c	ObjectPools.<>c::<GetPooledItemByObject>b__8_7(UnityEngine.GameObject)	ObjectPools::GetPooledItemByObject	7	0	8	0
3785	0x06000EA9	ObjectPools/<>c__DisplayClass8_0	ObjectPools.<>c__DisplayClass8_0::.ctor()	ObjectPools::.ctor	7	0	8	0
3786	0x06000EAA	ObjectPools/<>c__DisplayClass8_0	ObjectPools.<>c__DisplayClass8_0::<GetPooledItemByObject>b__0()	ObjectPools::GetPooledItemByObject	12	0	8	0
3787	0x06000EAB	ObjectPools/<>c__DisplayClass8_0	ObjectPools.<>c__DisplayClass8_0::<GetPooledItemByObject>b__4()	ObjectPools::GetPooledItemByObject	12	0	8	0
3788	0x06000EAC	ReturnGameObjectToPool	ReturnGameObjectToPool::.ctor()	ReturnGameObjectToPool::.ctor	14	0	8	0
3789	0x06000EAD	PathMesher	PathMesher::UpdateMesh()	PathMesher::UpdateMesh	1495	26	9	0
3790	0x06000EAE	PathMesher	PathMesher::ConnectTriangle(int,int,int,System.Collections.Generic.List<int>,UnityEngine.Vector3[],System.Collections.Generic.List<UnityEngine.Vector3>,bool,bool)	PathMesher::ConnectTriangle	184	2	4	0
3791	0x06000EAF	PathMesher	PathMesher::AddUnwrappedVertTop(UnityEngine.Vector3,System.Collections.Generic.List<UnityEngine.Vector3>,System.Collections.Generic.List<UnityEngine.Vector2>,float,float)	PathMesher::AddUnwrappedVertTop	114	1	4	0
3792	0x06000EB0	PathMesher	PathMesher::InterpolateModifyer(System.Collections.Generic.List<PathMesher.PathPoint>,System.Collections.Generic.List<PathMesher.PathPoint>,int)	PathMesher::InterpolateModifyer	281	10	5	0
3793	0x06000EB1	PathMesher	PathMesher::ResampleModifyer(ref System.Collections.Generic.List<PathMesher.PathPoint>,float,float)	PathMesher::ResampleModifyer	276	9	4	0
3794	0x06000EB2	PathMesher	PathMesher::WhobbleModifyer(System.Collections.Generic.List<PathMesher.PathPoint>,float,float)	PathMesher::WhobbleModifyer	130	1	6	0
3795	0x06000EB3	PathMesher	PathMesher::AddRoundedEndsModifyer(System.Collections.Generic.List<PathMesher.PathPoint>,int)	PathMesher::AddRoundedEndsModifyer	291	14	5	0
3796	0x06000EB4	PathMesher	PathMesher::GetForwards(int,System.Collections.Generic.List<PathMesher.PathPoint>,bool)	PathMesher::GetForwards	176	2	4	0
3797	0x06000EB5	PathMesher	PathMesher::Nullify()	PathMesher::Nullify	126	4	3	0
3798	0x06000EB6	PathMesher	PathMesher::.ctor()	PathMesher::.ctor	87	0	2	0
3799	0x06000EB7	PathMesher/PathPoint	PathMesher.PathPoint::.ctor(UnityEngine.Vector3,float)	PathMesher/PathPoint::.ctor	21	0	8	0
3800	0x06000EB8	FakeTransorm	FakeTransorm::.ctor(UnityEngine.Transform)	FakeTransorm::.ctor	14	0	8	0
3801	0x06000EB9	FakeTransorm	FakeTransorm::SetToTransormValues(UnityEngine.Transform)	FakeTransorm::SetToTransormValues	37	0	8	0
3802	0x06000EBA	FakeTransorm	FakeTransorm::IsEqualTo(UnityEngine.Transform)	FakeTransorm::IsEqualTo	65	0	2	0
3803	0x06000EBB	TelePlayer	TelePlayer::Start()	TelePlayer::Start	37	0	8	0
3804	0x06000EBC	TelePlayer	TelePlayer::Update()	TelePlayer::Update	30	0	8	0
3805	0x06000EBD	TelePlayer	TelePlayer::MovePlayerToTheLevelYouCameFrom()	TelePlayer::MovePlayerToTheLevelYouCameFrom	297	5	3	0
3806	0x06000EBE	TelePlayer	TelePlayer::.ctor()	TelePlayer::.ctor	7	0	8	0
3807	0x06000EBF	TempleBlessing	TempleBlessing::EnableEffectAtDusk()	TempleBlessing::EnableEffectAtDusk	150	2	4	0
3808	0x06000EC0	TempleBlessing	TempleBlessing::DisableEffectAtDawn()	TempleBlessing::DisableEffectAtDawn	150	2	4	0
3809	0x06000EC1	TempleBlessing	TempleBlessing::.ctor()	TempleBlessing::.ctor	51	0	8	0
3810	0x06000EC2	TempleIceAndFire	TempleIceAndFire::EnableEffectAtDusk()	TempleIceAndFire::EnableEffectAtDusk	42	0	8	0
3811	0x06000EC3	TempleIceAndFire	TempleIceAndFire::DisableEffectAtDawn()	TempleIceAndFire::DisableEffectAtDawn	8	0	8	0
3812	0x06000EC4	TempleIceAndFire	TempleIceAndFire::Update()	TempleIceAndFire::Update	59	0	8	0
3813	0x06000EC5	TempleIceAndFire	TempleIceAndFire::SpawnIceBolt()	TempleIceAndFire::SpawnIceBolt	131	1	6	0
3814	0x06000EC6	TempleIceAndFire	TempleIceAndFire::.ctor()	TempleIceAndFire::.ctor	41	0	8	0
3815	0x06000EC7	TempleOverload	TempleOverload::EnableEffectAtDusk()	TempleOverload::EnableEffectAtDusk	143	1	4	1
3816	0x06000EC8	TempleOverload	TempleOverload::Update()	TempleOverload::Update	138	2	5	1
3817	0x06000EC9	TempleOverload	TempleOverload::DisableEffectAtDawn()	TempleOverload::DisableEffectAtDawn	85	1	3	1
3818	0x06000ECA	TempleOverload	TempleOverload::.ctor()	TempleOverload::.ctor	62	0	8	0
3819	0x06000ECB	TemplePrayers	TemplePrayers::EnableEffectAtPurchase()	TemplePrayers::EnableEffectAtPurchase	103	2	4	0
3820	0x06000ECC	TemplePrayers	TemplePrayers::EnableEffectAtDusk()	TemplePrayers::EnableEffectAtDusk	67	3	2	0
3821	0x06000ECD	TemplePrayers	TemplePrayers::MarkShrineAsKnockedOut()	TemplePrayers::MarkShrineAsKnockedOut	14	0	8	0
3822	0x06000ECE	TemplePrayers	TemplePrayers::DisableEffectAtDawn()	TemplePrayers::DisableEffectAtDawn	79	2	4	0
3823	0x06000ECF	TemplePrayers	TemplePrayers::.ctor()	TemplePrayers::.ctor	18	0	8	0
3824	0x06000ED0	TemplePrayers/<MarkShrineAsKnockedOut>d__4	TemplePrayers.<MarkShrineAsKnockedOut>d__4::.ctor(int)	TemplePrayers::MarkShrineAsKnockedOut	14	0	8	0
3825	0x06000ED1	TemplePrayers/<MarkShrineAsKnockedOut>d__4	TemplePrayers.<MarkShrineAsKnockedOut>d__4::System.IDisposable.Dispose()	TemplePrayers::MarkShrineAsKnockedOut	1	0	8	0
3826	0x06000ED2	TemplePrayers/<MarkShrineAsKnockedOut>d__4	TemplePrayers.<MarkShrineAsKnockedOut>d__4::MoveNext()	TemplePrayers::MarkShrineAsKnockedOut	128	4	2	0
3827	0x06000ED3	TemplePrayers/<MarkShrineAsKnockedOut>d__4	TemplePrayers.<MarkShrineAsKnockedOut>d__4::System.Collections.Generic.IEnumerator<System.Object>.get_Current()	TemplePrayers::MarkShrineAsKnockedOut	7	0	8	0
3828	0x06000ED4	TemplePrayers/<MarkShrineAsKnockedOut>d__4	TemplePrayers.<MarkShrineAsKnockedOut>d__4::System.Collections.IEnumerator.Reset()	TemplePrayers::MarkShrineAsKnockedOut	6	0	8	0
3829	0x06000ED5	TemplePrayers/<MarkShrineAsKnockedOut>d__4	TemplePrayers.<MarkShrineAsKnockedOut>d__4::System.Collections.IEnumerator.get_Current()	TemplePrayers::MarkShrineAsKnockedOut	7	0	8	0
3830	0x06000ED6	TempleSacrifice	TempleSacrifice::EnableEffectAtDusk()	TempleSacrifice::EnableEffectAtDusk	87	1	5	1
3831	0x06000ED7	TempleSacrifice	TempleSacrifice::DisableEffectAtDawn()	TempleSacrifice::DisableEffectAtDawn	24	0	8	0
3832	0x06000ED8	TempleSacrifice	TempleSacrifice::.ctor()	TempleSacrifice::.ctor	18	0	8	0
3833	0x06000ED9	TempleUpgrade	TempleUpgrade::Start()	TempleUpgrade::Start	12	0	8	0
3834	0x06000EDA	TempleUpgrade	TempleUpgrade::OnDawn_AfterSunrise()	TempleUpgrade::OnDawn_AfterSunrise	1	0	8	0
3835	0x06000EDB	TempleUpgrade	TempleUpgrade::OnDawn_BeforeSunrise()	TempleUpgrade::OnDawn_BeforeSunrise	71	0	3	0
3836	0x06000EDC	TempleUpgrade	TempleUpgrade::OnDusk()	TempleUpgrade::OnDusk	23	0	8	0
3837	0x06000EDD	TempleUpgrade	TempleUpgrade::OnEnable()	TempleUpgrade::OnEnable	92	0	3	0
3838	0x06000EDE	TempleUpgrade	TempleUpgrade::OnSave(string)	TempleUpgrade::OnSave	68	1	5	0
3839	0x06000EDF	TempleUpgrade	TempleUpgrade::ManualLoad(string)	TempleUpgrade::ManualLoad	87	1	6	0
3840	0x06000EE0	TempleUpgrade	TempleUpgrade::OnDuskEarly()	TempleUpgrade::OnDuskEarly	1	0	8	0
3841	0x06000EE1	TempleUpgrade	TempleUpgrade::OnBeforeMainLoadPass(string)	TempleUpgrade::OnBeforeMainLoadPass	1	0	8	0
3842	0x06000EE2	TempleUpgrade	TempleUpgrade::OnLoad(string)	TempleUpgrade::OnLoad	1	0	8	0
3843	0x06000EE3	TempleUpgrade	TempleUpgrade::OnAfterMainLoadPass(string)	TempleUpgrade::OnAfterMainLoadPass	1	0	8	0
3844	0x06000EE4	TempleUpgrade	TempleUpgrade::EnableEffectAtDusk()	TempleUpgrade::EnableEffectAtDusk	1	0	8	0
3845	0x06000EE5	TempleUpgrade	TempleUpgrade::DisableEffectAtDawn()	TempleUpgrade::DisableEffectAtDawn	1	0	8	0
3846	0x06000EE6	TempleUpgrade	TempleUpgrade::EnableEffectAtPurchase()	TempleUpgrade::EnableEffectAtPurchase	1	0	8	0
3847	0x06000EE7	TempleUpgrade	TempleUpgrade::.ctor()	TempleUpgrade::.ctor	7	0	8	0
3848	0x06000EE8	TempleWisdom	TempleWisdom::EnableEffectAtDusk()	TempleWisdom::EnableEffectAtDusk	137	1	4	1
3849	0x06000EE9	TempleWisdom	TempleWisdom::DisableEffectAtDawn()	TempleWisdom::DisableEffectAtDawn	89	1	4	1
3850	0x06000EEA	TempleWisdom	TempleWisdom::Update()	TempleWisdom::Update	153	2	5	1
3851	0x06000EEB	TempleWisdom	TempleWisdom::.ctor()	TempleWisdom::.ctor	18	0	8	0
3852	0x06000EEC	TieBreaker	TieBreaker::Awake()	TieBreaker::Awake	7	0	8	0
3853	0x06000EED	TieBreaker	TieBreaker::Start()	TieBreaker::Start	59	0	8	0
3854	0x06000EEE	TieBreaker	TieBreaker::OnDuskEarly()	TieBreaker::OnDuskEarly	1	0	8	0
3855	0x06000EEF	TieBreaker	TieBreaker::OnDusk()	TieBreaker::OnDusk	40	0	8	0
3856	0x06000EF0	TieBreaker	TieBreaker::OnDawn_AfterSunrise()	TieBreaker::OnDawn_AfterSunrise	1	0	8	0
3857	0x06000EF1	TieBreaker	TieBreaker::OnDawn_BeforeSunrise()	TieBreaker::OnDawn_BeforeSunrise	15	0	8	0
3858	0x06000EF2	TieBreaker	TieBreaker::Update()	TieBreaker::Update	220	1	4	0
3859	0x06000EF3	TieBreaker	TieBreaker::TieBreak()	TieBreaker::TieBreak	71	0	5	0
3860	0x06000EF4	TieBreaker	TieBreaker::.ctor()	TieBreaker::.ctor	76	0	2	0
3861	0x06000EF5	TimesensitiveLight	TimesensitiveLight::OnDawn_AfterSunrise()	TimesensitiveLight::OnDawn_AfterSunrise	1	0	8	0
3862	0x06000EF6	TimesensitiveLight	TimesensitiveLight::OnDawn_BeforeSunrise()	TimesensitiveLight::OnDawn_BeforeSunrise	26	0	8	0
3863	0x06000EF7	TimesensitiveLight	TimesensitiveLight::OnDusk()	TimesensitiveLight::OnDusk	26	0	8	0
3864	0x06000EF8	TimesensitiveLight	TimesensitiveLight::Start()	TimesensitiveLight::Start	73	0	3	0
3865	0x06000EF9	TimesensitiveLight	TimesensitiveLight::BlendToNight(float)	TimesensitiveLight::BlendToNight	21	0	8	0
3866	0x06000EFA	TimesensitiveLight	TimesensitiveLight::BlendToDay(float)	TimesensitiveLight::BlendToDay	21	0	8	0
3867	0x06000EFB	TimesensitiveLight	TimesensitiveLight::OnDuskEarly()	TimesensitiveLight::OnDuskEarly	1	0	8	0
3868	0x06000EFC	TimesensitiveLight	TimesensitiveLight::.ctor()	TimesensitiveLight::.ctor	29	0	8	0
3869	0x06000EFD	TimesensitiveLight/<BlendToDay>d__9	TimesensitiveLight.<BlendToDay>d__9::.ctor(int)	TimesensitiveLight::BlendToDay	14	0	8	0
3870	0x06000EFE	TimesensitiveLight/<BlendToDay>d__9	TimesensitiveLight.<BlendToDay>d__9::System.IDisposable.Dispose()	TimesensitiveLight::BlendToDay	1	0	8	0
3871	0x06000EFF	TimesensitiveLight/<BlendToDay>d__9	TimesensitiveLight.<BlendToDay>d__9::MoveNext()	TimesensitiveLight::BlendToDay	167	2	6	0
3872	0x06000F00	TimesensitiveLight/<BlendToDay>d__9	TimesensitiveLight.<BlendToDay>d__9::System.Collections.Generic.IEnumerator<System.Object>.get_Current()	TimesensitiveLight::BlendToDay	7	0	8	0
3873	0x06000F01	TimesensitiveLight/<BlendToDay>d__9	TimesensitiveLight.<BlendToDay>d__9::System.Collections.IEnumerator.Reset()	TimesensitiveLight::BlendToDay	6	0	8	0
3874	0x06000F02	TimesensitiveLight/<BlendToDay>d__9	TimesensitiveLight.<BlendToDay>d__9::System.Collections.IEnumerator.get_Current()	TimesensitiveLight::BlendToDay	7	0	8	0
3875	0x06000F03	TimesensitiveLight/<BlendToNight>d__8	TimesensitiveLight.<BlendToNight>d__8::.ctor(int)	TimesensitiveLight::BlendToNight	14	0	8	0
3876	0x06000F04	TimesensitiveLight/<BlendToNight>d__8	TimesensitiveLight.<BlendToNight>d__8::System.IDisposable.Dispose()	TimesensitiveLight::BlendToNight	1	0	8	0
3877	0x06000F05	TimesensitiveLight/<BlendToNight>d__8	TimesensitiveLight.<BlendToNight>d__8::MoveNext()	TimesensitiveLight::BlendToNight	167	2	6	0
3878	0x06000F06	TimesensitiveLight/<BlendToNight>d__8	TimesensitiveLight.<BlendToNight>d__8::System.Collections.Generic.IEnumerator<System.Object>.get_Current()	TimesensitiveLight::BlendToNight	7	0	8	0
3879	0x06000F07	TimesensitiveLight/<BlendToNight>d__8	TimesensitiveLight.<BlendToNight>d__8::System.Collections.IEnumerator.Reset()	TimesensitiveLight::BlendToNight	6	0	8	0
3880	0x06000F08	TimesensitiveLight/<BlendToNight>d__8	TimesensitiveLight.<BlendToNight>d__8::System.Collections.IEnumerator.get_Current()	TimesensitiveLight::BlendToNight	7	0	8	0
3881	0x06000F09	TipManager	TipManager::Awake()	TipManager::Awake	39	0	8	0
3882	0x06000F0A	TipManager	TipManager::Start()	TipManager::Start	12	0	8	0
3883	0x06000F0B	TipManager	TipManager::UpdateTipRaw(string,string,bool)	TipManager::UpdateTipRaw	205	0	2	0
3884	0x06000F0C	TipManager	TipManager::UpdateTipLocalized(string,string,bool)	TipManager::UpdateTipLocalized	32	2	5	0
3885	0x06000F0D	TipManager	TipManager::.ctor()	TipManager::.ctor	7	0	8	0
3886	0x06000F0E	TooltipManager	TooltipManager::SetTutorialOverrideToNone()	TooltipManager::SetTutorialOverrideToNone	13	0	8	0
3887	0x06000F0F	TooltipManager	TooltipManager::SetTutorialOverride(string,bool)	TooltipManager::SetTutorialOverride	19	0	8	0
3888	0x06000F10	TooltipManager	TooltipManager::Awake()	TooltipManager::Awake	7	0	8	0
3889	0x06000F11	TooltipManager	TooltipManager::Start()	TooltipManager::Start	50	0	8	0
3890	0x06000F12	TooltipManager	TooltipManager::ResetAfterSceneLoad()	TooltipManager::ResetAfterSceneLoad	34	0	8	0
3891	0x06000F13	TooltipManager	TooltipManager::Update()	TooltipManager::Update	399	0	2	0
3892	0x06000F14	TooltipManager	TooltipManager::SetInteractorRefreshFlag()	TooltipManager::SetInteractorRefreshFlag	8	0	8	0
3893	0x06000F15	TooltipManager	TooltipManager::.ctor()	TooltipManager::.ctor	40	0	8	0
3894	0x06000F16	TowerUpgrade	TowerUpgrade::get_RangeMulti()	TowerUpgrade::get_RangeMulti	7	0	8	0
3895	0x06000F17	TowerUpgrade	TowerUpgrade::OnEnable()	TowerUpgrade::OnEnable	575	4	4	2
3896	0x06000F18	TowerUpgrade	TowerUpgrade::.ctor()	TowerUpgrade::.ctor	51	0	8	0
3897	0x06000F19	TriggerOnHealthLoss	TriggerOnHealthLoss::Start()	TriggerOnHealthLoss::Start	55	0	8	0
3898	0x06000F1A	TriggerOnHealthLoss	TriggerOnHealthLoss::Update()	TriggerOnHealthLoss::Update	73	3	2	0
3899	0x06000F1B	TriggerOnHealthLoss	TriggerOnHealthLoss::.ctor()	TriggerOnHealthLoss::.ctor	7	0	8	0
3900	0x06000F1C	TutorialManager	TutorialManager::get_AllowStartingTheNight()	TutorialManager::get_AllowStartingTheNight	25	0	8	0
3901	0x06000F1D	TutorialManager	TutorialManager::get_MayShowEnemySpawn()	TutorialManager::get_MayShowEnemySpawn	7	0	8	0
3902	0x06000F1E	TutorialManager	TutorialManager::SetArrowMarker(bool,UnityEngine.Vector3,bool)	TutorialManager::SetArrowMarker	79	0	4	0
3903	0x06000F1F	TutorialManager	TutorialManager::MarkNearestObjectWithTag(TagManager.ETag,bool)	TutorialManager::MarkNearestObjectWithTag	209	5	4	0
3904	0x06000F20	TutorialManager	TutorialManager::MarkNearestUnbuiltBuilding(System.Collections.Generic.List<BuildSlot>)	TutorialManager::MarkNearestUnbuiltBuilding	201	7	4	0
3905	0x06000F21	TutorialManager	TutorialManager::MarkNearestGoldCoin()	TutorialManager::MarkNearestGoldCoin	130	6	4	0
3906	0x06000F22	TutorialManager	TutorialManager::Awake()	TutorialManager::Awake	7	0	8	0
3907	0x06000F23	TutorialManager	TutorialManager::Start()	TutorialManager::Start	96	0	3	0
3908	0x06000F24	TutorialManager	TutorialManager::SetTutorialTipLocalize(string,string)	TutorialManager::SetTutorialTipLocalize	22	0	8	0
3909	0x06000F25	TutorialManager	TutorialManager::SetTutorialTip(string,string)	TutorialManager::SetTutorialTip	22	0	8	0
3910	0x06000F26	TutorialManager	TutorialManager::Update()	TutorialManager::Update	142	0	4	0
3911	0x06000F27	TutorialManager	TutorialManager::OnDisable()	TutorialManager::OnDisable	12	0	8	0
3912	0x06000F28	TutorialManager	TutorialManager::TutorialUpdate()	TutorialManager::TutorialUpdate	3197	9	10	1
3913	0x06000F29	TutorialManager	TutorialManager::.ctor()	TutorialManager::.ctor	69	0	2	0
3914	0x06000F2A	TutorialManager	TutorialManager::.cctor()	TutorialManager::.cctor	11	0	8	0
3915	0x06000F2B	AdjustLayoutGroupSpacingBasedOnUIScale	AdjustLayoutGroupSpacingBasedOnUIScale::OnEnable()	AdjustLayoutGroupSpacingBasedOnUIScale::OnEnable	90	2	6	0
3916	0x06000F2C	AdjustLayoutGroupSpacingBasedOnUIScale	AdjustLayoutGroupSpacingBasedOnUIScale::.ctor()	AdjustLayoutGroupSpacingBasedOnUIScale::.ctor	29	0	8	0
3917	0x06000F2D	AdjustSizeAndPositionBasedOnUIScale	AdjustSizeAndPositionBasedOnUIScale::OnEnable()	AdjustSizeAndPositionBasedOnUIScale::OnEnable	177	4	5	0
3918	0x06000F2E	AdjustSizeAndPositionBasedOnUIScale	AdjustSizeAndPositionBasedOnUIScale::.ctor()	AdjustSizeAndPositionBasedOnUIScale::.ctor	36	0	8	0
3919	0x06000F2F	EternalTrialsDefeatUI	EternalTrialsDefeatUI::Update()	EternalTrialsDefeatUI::Update	88	0	2	0
3920	0x06000F30	EternalTrialsDefeatUI	EternalTrialsDefeatUI::PlayAnimation(UIFrame)	EternalTrialsDefeatUI::PlayAnimation	21	0	8	0
3921	0x06000F31	EternalTrialsDefeatUI	EternalTrialsDefeatUI::Reset()	EternalTrialsDefeatUI::Reset	13	0	8	0
3922	0x06000F32	EternalTrialsDefeatUI	EternalTrialsDefeatUI::ETDefeatAnimationSequence()	EternalTrialsDefeatUI::ETDefeatAnimationSequence	14	0	8	0
3923	0x06000F33	EternalTrialsDefeatUI	EternalTrialsDefeatUI::GetNextMetaLevel()	EternalTrialsDefeatUI::GetNextMetaLevel	32	0	8	0
3924	0x06000F34	EternalTrialsDefeatUI	EternalTrialsDefeatUI::EnableMaxLevelReachedUI()	EternalTrialsDefeatUI::EnableMaxLevelReachedUI	31	0	8	0
3925	0x06000F35	EternalTrialsDefeatUI	EternalTrialsDefeatUI::EnableRewardDisplayUI(Equippable)	EternalTrialsDefeatUI::EnableRewardDisplayUI	189	0	9	0
3926	0x06000F36	EternalTrialsDefeatUI	EternalTrialsDefeatUI::UpdateLevelingBar()	EternalTrialsDefeatUI::UpdateLevelingBar	90	0	4	0
3927	0x06000F37	EternalTrialsDefeatUI	EternalTrialsDefeatUI::UnrollScores()	EternalTrialsDefeatUI::UnrollScores	14	0	8	0
3928	0x06000F38	EternalTrialsDefeatUI	EternalTrialsDefeatUI::SkipUnrollScores()	EternalTrialsDefeatUI::SkipUnrollScores	394	0	3	0
3929	0x06000F39	EternalTrialsDefeatUI	EternalTrialsDefeatUI::AddToOverallScore(int,float)	EternalTrialsDefeatUI::AddToOverallScore	28	0	8	0
3930	0x06000F3A	EternalTrialsDefeatUI	EternalTrialsDefeatUI::LockInScoreBump(float)	EternalTrialsDefeatUI::LockInScoreBump	21	0	8	0
3931	0x06000F3B	EternalTrialsDefeatUI	EternalTrialsDefeatUI::Bump(float,UnityEngine.Transform,UnityEngine.AudioClip)	EternalTrialsDefeatUI::Bump	35	0	8	0
3932	0x06000F3C	EternalTrialsDefeatUI	EternalTrialsDefeatUI::PopShowTransform(UnityEngine.Transform,UnityEngine.AudioClip,UnityEngine.AnimationCurve,float)	EternalTrialsDefeatUI::PopShowTransform	43	0	8	0
3933	0x06000F3D	EternalTrialsDefeatUI	EternalTrialsDefeatUI::FillUpXPBar(int)	EternalTrialsDefeatUI::FillUpXPBar	21	0	8	0
3934	0x06000F3E	EternalTrialsDefeatUI	EternalTrialsDefeatUI::GetColorForEquippable(Equippable)	EternalTrialsDefeatUI::GetColorForEquippable	110	1	2	0
3935	0x06000F3F	EternalTrialsDefeatUI	EternalTrialsDefeatUI::OnDisable()	EternalTrialsDefeatUI::OnDisable	8	0	8	0
3936	0x06000F40	EternalTrialsDefeatUI	EternalTrialsDefeatUI::.ctor()	EternalTrialsDefeatUI::.ctor	106	0	2	0
3937	0x06000F41	EternalTrialsDefeatUI/<AddToOverallScore>d__72	EternalTrialsDefeatUI.<AddToOverallScore>d__72::.ctor(int)	EternalTrialsDefeatUI::AddToOverallScore	14	0	8	0
3938	0x06000F42	EternalTrialsDefeatUI/<AddToOverallScore>d__72	EternalTrialsDefeatUI.<AddToOverallScore>d__72::System.IDisposable.Dispose()	EternalTrialsDefeatUI::AddToOverallScore	1	0	8	0
3939	0x06000F43	EternalTrialsDefeatUI/<AddToOverallScore>d__72	EternalTrialsDefeatUI.<AddToOverallScore>d__72::MoveNext()	EternalTrialsDefeatUI::AddToOverallScore	386	3	6	0
3940	0x06000F44	EternalTrialsDefeatUI/<AddToOverallScore>d__72	EternalTrialsDefeatUI.<AddToOverallScore>d__72::System.Collections.Generic.IEnumerator<System.Object>.get_Current()	EternalTrialsDefeatUI::AddToOverallScore	7	0	8	0
3941	0x06000F45	EternalTrialsDefeatUI/<AddToOverallScore>d__72	EternalTrialsDefeatUI.<AddToOverallScore>d__72::System.Collections.IEnumerator.Reset()	EternalTrialsDefeatUI::AddToOverallScore	6	0	8	0
3942	0x06000F46	EternalTrialsDefeatUI/<AddToOverallScore>d__72	EternalTrialsDefeatUI.<AddToOverallScore>d__72::System.Collections.IEnumerator.get_Current()	EternalTrialsDefeatUI::AddToOverallScore	7	0	8	0
3943	0x06000F47	EternalTrialsDefeatUI/<Bump>d__74	EternalTrialsDefeatUI.<Bump>d__74::.ctor(int)	EternalTrialsDefeatUI::Bump	14	0	8	0
3944	0x06000F48	EternalTrialsDefeatUI/<Bump>d__74	EternalTrialsDefeatUI.<Bump>d__74::System.IDisposable.Dispose()	EternalTrialsDefeatUI::Bump	1	0	8	0
3945	0x06000F49	EternalTrialsDefeatUI/<Bump>d__74	EternalTrialsDefeatUI.<Bump>d__74::MoveNext()	EternalTrialsDefeatUI::Bump	213	2	6	0
3946	0x06000F4A	EternalTrialsDefeatUI/<Bump>d__74	EternalTrialsDefeatUI.<Bump>d__74::System.Collections.Generic.IEnumerator<System.Object>.get_Current()	EternalTrialsDefeatUI::Bump	7	0	8	0
3947	0x06000F4B	EternalTrialsDefeatUI/<Bump>d__74	EternalTrialsDefeatUI.<Bump>d__74::System.Collections.IEnumerator.Reset()	EternalTrialsDefeatUI::Bump	6	0	8	0
3948	0x06000F4C	EternalTrialsDefeatUI/<Bump>d__74	EternalTrialsDefeatUI.<Bump>d__74::System.Collections.IEnumerator.get_Current()	EternalTrialsDefeatUI::Bump	7	0	8	0
3949	0x06000F4D	EternalTrialsDefeatUI/<ETDefeatAnimationSequence>d__65	EternalTrialsDefeatUI.<ETDefeatAnimationSequence>d__65::.ctor(int)	EternalTrialsDefeatUI::ETDefeatAnimationSequence	14	0	8	0
3950	0x06000F4E	EternalTrialsDefeatUI/<ETDefeatAnimationSequence>d__65	EternalTrialsDefeatUI.<ETDefeatAnimationSequence>d__65::System.IDisposable.Dispose()	EternalTrialsDefeatUI::ETDefeatAnimationSequence	1	0	8	0
3951	0x06000F4F	EternalTrialsDefeatUI/<ETDefeatAnimationSequence>d__65	EternalTrialsDefeatUI.<ETDefeatAnimationSequence>d__65::MoveNext()	EternalTrialsDefeatUI::ETDefeatAnimationSequence	1222	4	7	0
3952	0x06000F50	EternalTrialsDefeatUI/<ETDefeatAnimationSequence>d__65	EternalTrialsDefeatUI.<ETDefeatAnimationSequence>d__65::System.Collections.Generic.IEnumerator<System.Object>.get_Current()	EternalTrialsDefeatUI::ETDefeatAnimationSequence	7	0	8	0
3953	0x06000F51	EternalTrialsDefeatUI/<ETDefeatAnimationSequence>d__65	EternalTrialsDefeatUI.<ETDefeatAnimationSequence>d__65::System.Collections.IEnumerator.Reset()	EternalTrialsDefeatUI::ETDefeatAnimationSequence	6	0	8	0
3954	0x06000F52	EternalTrialsDefeatUI/<ETDefeatAnimationSequence>d__65	EternalTrialsDefeatUI.<ETDefeatAnimationSequence>d__65::System.Collections.IEnumerator.get_Current()	EternalTrialsDefeatUI::ETDefeatAnimationSequence	7	0	8	0
3955	0x06000F53	EternalTrialsDefeatUI/<FillUpXPBar>d__76	EternalTrialsDefeatUI.<FillUpXPBar>d__76::.ctor(int)	EternalTrialsDefeatUI::FillUpXPBar	14	0	8	0
3956	0x06000F54	EternalTrialsDefeatUI/<FillUpXPBar>d__76	EternalTrialsDefeatUI.<FillUpXPBar>d__76::System.IDisposable.Dispose()	EternalTrialsDefeatUI::FillUpXPBar	1	0	8	0
3957	0x06000F55	EternalTrialsDefeatUI/<FillUpXPBar>d__76	EternalTrialsDefeatUI.<FillUpXPBar>d__76::MoveNext()	EternalTrialsDefeatUI::FillUpXPBar	1190	4	6	0
3958	0x06000F56	EternalTrialsDefeatUI/<FillUpXPBar>d__76	EternalTrialsDefeatUI.<FillUpXPBar>d__76::System.Collections.Generic.IEnumerator<System.Object>.get_Current()	EternalTrialsDefeatUI::FillUpXPBar	7	0	8	0
3959	0x06000F57	EternalTrialsDefeatUI/<FillUpXPBar>d__76	EternalTrialsDefeatUI.<FillUpXPBar>d__76::System.Collections.IEnumerator.Reset()	EternalTrialsDefeatUI::FillUpXPBar	6	0	8	0
3960	0x06000F58	EternalTrialsDefeatUI/<FillUpXPBar>d__76	EternalTrialsDefeatUI.<FillUpXPBar>d__76::System.Collections.IEnumerator.get_Current()	EternalTrialsDefeatUI::FillUpXPBar	7	0	8	0
3961	0x06000F59	EternalTrialsDefeatUI/<LockInScoreBump>d__73	EternalTrialsDefeatUI.<LockInScoreBump>d__73::.ctor(int)	EternalTrialsDefeatUI::LockInScoreBump	14	0	8	0
3962	0x06000F5A	EternalTrialsDefeatUI/<LockInScoreBump>d__73	EternalTrialsDefeatUI.<LockInScoreBump>d__73::System.IDisposable.Dispose()	EternalTrialsDefeatUI::LockInScoreBump	1	0	8	0
3963	0x06000F5B	EternalTrialsDefeatUI/<LockInScoreBump>d__73	EternalTrialsDefeatUI.<LockInScoreBump>d__73::MoveNext()	EternalTrialsDefeatUI::LockInScoreBump	214	2	6	0
3964	0x06000F5C	EternalTrialsDefeatUI/<LockInScoreBump>d__73	EternalTrialsDefeatUI.<LockInScoreBump>d__73::System.Collections.Generic.IEnumerator<System.Object>.get_Current()	EternalTrialsDefeatUI::LockInScoreBump	7	0	8	0
3965	0x06000F5D	EternalTrialsDefeatUI/<LockInScoreBump>d__73	EternalTrialsDefeatUI.<LockInScoreBump>d__73::System.Collections.IEnumerator.Reset()	EternalTrialsDefeatUI::LockInScoreBump	6	0	8	0
3966	0x06000F5E	EternalTrialsDefeatUI/<LockInScoreBump>d__73	EternalTrialsDefeatUI.<LockInScoreBump>d__73::System.Collections.IEnumerator.get_Current()	EternalTrialsDefeatUI::LockInScoreBump	7	0	8	0
3967	0x06000F5F	EternalTrialsDefeatUI/<PlayAnimation>d__63	EternalTrialsDefeatUI.<PlayAnimation>d__63::.ctor(int)	EternalTrialsDefeatUI::PlayAnimation	14	0	8	0
3968	0x06000F60	EternalTrialsDefeatUI/<PlayAnimation>d__63	EternalTrialsDefeatUI.<PlayAnimation>d__63::System.IDisposable.Dispose()	EternalTrialsDefeatUI::PlayAnimation	1	0	8	0
3969	0x06000F61	EternalTrialsDefeatUI/<PlayAnimation>d__63	EternalTrialsDefeatUI.<PlayAnimation>d__63::MoveNext()	EternalTrialsDefeatUI::PlayAnimation	178	2	3	0
3970	0x06000F62	EternalTrialsDefeatUI/<PlayAnimation>d__63	EternalTrialsDefeatUI.<PlayAnimation>d__63::System.Collections.Generic.IEnumerator<System.Object>.get_Current()	EternalTrialsDefeatUI::PlayAnimation	7	0	8	0
3971	0x06000F63	EternalTrialsDefeatUI/<PlayAnimation>d__63	EternalTrialsDefeatUI.<PlayAnimation>d__63::System.Collections.IEnumerator.Reset()	EternalTrialsDefeatUI::PlayAnimation	6	0	8	0
3972	0x06000F64	EternalTrialsDefeatUI/<PlayAnimation>d__63	EternalTrialsDefeatUI.<PlayAnimation>d__63::System.Collections.IEnumerator.get_Current()	EternalTrialsDefeatUI::PlayAnimation	7	0	8	0
3973	0x06000F65	EternalTrialsDefeatUI/<PopShowTransform>d__75	EternalTrialsDefeatUI.<PopShowTransform>d__75::.ctor(int)	EternalTrialsDefeatUI::PopShowTransform	14	0	8	0
3974	0x06000F66	EternalTrialsDefeatUI/<PopShowTransform>d__75	EternalTrialsDefeatUI.<PopShowTransform>d__75::System.IDisposable.Dispose()	EternalTrialsDefeatUI::PopShowTransform	1	0	8	0
3975	0x06000F67	EternalTrialsDefeatUI/<PopShowTransform>d__75	EternalTrialsDefeatUI.<PopShowTransform>d__75::MoveNext()	EternalTrialsDefeatUI::PopShowTransform	203	2	6	0
3976	0x06000F68	EternalTrialsDefeatUI/<PopShowTransform>d__75	EternalTrialsDefeatUI.<PopShowTransform>d__75::System.Collections.Generic.IEnumerator<System.Object>.get_Current()	EternalTrialsDefeatUI::PopShowTransform	7	0	8	0
3977	0x06000F69	EternalTrialsDefeatUI/<PopShowTransform>d__75	EternalTrialsDefeatUI.<PopShowTransform>d__75::System.Collections.IEnumerator.Reset()	EternalTrialsDefeatUI::PopShowTransform	6	0	8	0
3978	0x06000F6A	EternalTrialsDefeatUI/<PopShowTransform>d__75	EternalTrialsDefeatUI.<PopShowTransform>d__75::System.Collections.IEnumerator.get_Current()	EternalTrialsDefeatUI::PopShowTransform	7	0	8	0
3979	0x06000F6B	EternalTrialsDefeatUI/<UnrollScores>d__70	EternalTrialsDefeatUI.<UnrollScores>d__70::.ctor(int)	EternalTrialsDefeatUI::UnrollScores	14	0	8	0
3980	0x06000F6C	EternalTrialsDefeatUI/<UnrollScores>d__70	EternalTrialsDefeatUI.<UnrollScores>d__70::System.IDisposable.Dispose()	EternalTrialsDefeatUI::UnrollScores	1	0	8	0
3981	0x06000F6D	EternalTrialsDefeatUI/<UnrollScores>d__70	EternalTrialsDefeatUI.<UnrollScores>d__70::MoveNext()	EternalTrialsDefeatUI::UnrollScores	733	3	6	0
3982	0x06000F6E	EternalTrialsDefeatUI/<UnrollScores>d__70	EternalTrialsDefeatUI.<UnrollScores>d__70::System.Collections.Generic.IEnumerator<System.Object>.get_Current()	EternalTrialsDefeatUI::UnrollScores	7	0	8	0
3983	0x06000F6F	EternalTrialsDefeatUI/<UnrollScores>d__70	EternalTrialsDefeatUI.<UnrollScores>d__70::System.Collections.IEnumerator.Reset()	EternalTrialsDefeatUI::UnrollScores	6	0	8	0
3984	0x06000F70	EternalTrialsDefeatUI/<UnrollScores>d__70	EternalTrialsDefeatUI.<UnrollScores>d__70::System.Collections.IEnumerator.get_Current()	EternalTrialsDefeatUI::UnrollScores	7	0	8	0
3985	0x06000F71	EternalTrialsVictoryUI	EternalTrialsVictoryUI::Update()	EternalTrialsVictoryUI::Update	113	0	3	0
3986	0x06000F72	EternalTrialsVictoryUI	EternalTrialsVictoryUI::PlayAnimation(UIFrame)	EternalTrialsVictoryUI::PlayAnimation	21	0	8	0
3987	0x06000F73	EternalTrialsVictoryUI	EternalTrialsVictoryUI::Reset()	EternalTrialsVictoryUI::Reset	13	0	8	0
3988	0x06000F74	EternalTrialsVictoryUI	EternalTrialsVictoryUI::UnrollScores()	EternalTrialsVictoryUI::UnrollScores	14	0	8	0
3989	0x06000F75	EternalTrialsVictoryUI	EternalTrialsVictoryUI::SkipUnrollScores()	EternalTrialsVictoryUI::SkipUnrollScores	339	0	3	0
3990	0x06000F76	EternalTrialsVictoryUI	EternalTrialsVictoryUI::AddToOverallScore(int,float)	EternalTrialsVictoryUI::AddToOverallScore	28	0	8	0
3991	0x06000F77	EternalTrialsVictoryUI	EternalTrialsVictoryUI::LockInScoreBump(float)	EternalTrialsVictoryUI::LockInScoreBump	21	0	8	0
3992	0x06000F78	EternalTrialsVictoryUI	EternalTrialsVictoryUI::Bump(float,UnityEngine.Transform,UnityEngine.AudioClip)	EternalTrialsVictoryUI::Bump	35	0	8	0
3993	0x06000F79	EternalTrialsVictoryUI	EternalTrialsVictoryUI::PopShowTransform(UnityEngine.Transform,UnityEngine.AudioClip,UnityEngine.AnimationCurve,float)	EternalTrialsVictoryUI::PopShowTransform	43	0	8	0
3994	0x06000F7A	EternalTrialsVictoryUI	EternalTrialsVictoryUI::.ctor()	EternalTrialsVictoryUI::.ctor	51	0	8	0
3995	0x06000F7B	EternalTrialsVictoryUI/<AddToOverallScore>d__33	EternalTrialsVictoryUI.<AddToOverallScore>d__33::.ctor(int)	EternalTrialsVictoryUI::AddToOverallScore	14	0	8	0
3996	0x06000F7C	EternalTrialsVictoryUI/<AddToOverallScore>d__33	EternalTrialsVictoryUI.<AddToOverallScore>d__33::System.IDisposable.Dispose()	EternalTrialsVictoryUI::AddToOverallScore	1	0	8	0
3997	0x06000F7D	EternalTrialsVictoryUI/<AddToOverallScore>d__33	EternalTrialsVictoryUI.<AddToOverallScore>d__33::MoveNext()	EternalTrialsVictoryUI::AddToOverallScore	386	3	6	0
3998	0x06000F7E	EternalTrialsVictoryUI/<AddToOverallScore>d__33	EternalTrialsVictoryUI.<AddToOverallScore>d__33::System.Collections.Generic.IEnumerator<System.Object>.get_Current()	EternalTrialsVictoryUI::AddToOverallScore	7	0	8	0
3999	0x06000F7F	EternalTrialsVictoryUI/<AddToOverallScore>d__33	EternalTrialsVictoryUI.<AddToOverallScore>d__33::System.Collections.IEnumerator.Reset()	EternalTrialsVictoryUI::AddToOverallScore	6	0	8	0
4000	0x06000F80	EternalTrialsVictoryUI/<AddToOverallScore>d__33	EternalTrialsVictoryUI.<AddToOverallScore>d__33::System.Collections.IEnumerator.get_Current()	EternalTrialsVictoryUI::AddToOverallScore	7	0	8	0
4001	0x06000F81	EternalTrialsVictoryUI/<Bump>d__35	EternalTrialsVictoryUI.<Bump>d__35::.ctor(int)	EternalTrialsVictoryUI::Bump	14	0	8	0
4002	0x06000F82	EternalTrialsVictoryUI/<Bump>d__35	EternalTrialsVictoryUI.<Bump>d__35::System.IDisposable.Dispose()	EternalTrialsVictoryUI::Bump	1	0	8	0
4003	0x06000F83	EternalTrialsVictoryUI/<Bump>d__35	EternalTrialsVictoryUI.<Bump>d__35::MoveNext()	EternalTrialsVictoryUI::Bump	213	2	6	0
4004	0x06000F84	EternalTrialsVictoryUI/<Bump>d__35	EternalTrialsVictoryUI.<Bump>d__35::System.Collections.Generic.IEnumerator<System.Object>.get_Current()	EternalTrialsVictoryUI::Bump	7	0	8	0
4005	0x06000F85	EternalTrialsVictoryUI/<Bump>d__35	EternalTrialsVictoryUI.<Bump>d__35::System.Collections.IEnumerator.Reset()	EternalTrialsVictoryUI::Bump	6	0	8	0
4006	0x06000F86	EternalTrialsVictoryUI/<Bump>d__35	EternalTrialsVictoryUI.<Bump>d__35::System.Collections.IEnumerator.get_Current()	EternalTrialsVictoryUI::Bump	7	0	8	0
4007	0x06000F87	EternalTrialsVictoryUI/<LockInScoreBump>d__34	EternalTrialsVictoryUI.<LockInScoreBump>d__34::.ctor(int)	EternalTrialsVictoryUI::LockInScoreBump	14	0	8	0
4008	0x06000F88	EternalTrialsVictoryUI/<LockInScoreBump>d__34	EternalTrialsVictoryUI.<LockInScoreBump>d__34::System.IDisposable.Dispose()	EternalTrialsVictoryUI::LockInScoreBump	1	0	8	0
4009	0x06000F89	EternalTrialsVictoryUI/<LockInScoreBump>d__34	EternalTrialsVictoryUI.<LockInScoreBump>d__34::MoveNext()	EternalTrialsVictoryUI::LockInScoreBump	214	2	6	0
4010	0x06000F8A	EternalTrialsVictoryUI/<LockInScoreBump>d__34	EternalTrialsVictoryUI.<LockInScoreBump>d__34::System.Collections.Generic.IEnumerator<System.Object>.get_Current()	EternalTrialsVictoryUI::LockInScoreBump	7	0	8	0
4011	0x06000F8B	EternalTrialsVictoryUI/<LockInScoreBump>d__34	EternalTrialsVictoryUI.<LockInScoreBump>d__34::System.Collections.IEnumerator.Reset()	EternalTrialsVictoryUI::LockInScoreBump	6	0	8	0
4012	0x06000F8C	EternalTrialsVictoryUI/<LockInScoreBump>d__34	EternalTrialsVictoryUI.<LockInScoreBump>d__34::System.Collections.IEnumerator.get_Current()	EternalTrialsVictoryUI::LockInScoreBump	7	0	8	0
4013	0x06000F8D	EternalTrialsVictoryUI/<PlayAnimation>d__29	EternalTrialsVictoryUI.<PlayAnimation>d__29::.ctor(int)	EternalTrialsVictoryUI::PlayAnimation	14	0	8	0
4014	0x06000F8E	EternalTrialsVictoryUI/<PlayAnimation>d__29	EternalTrialsVictoryUI.<PlayAnimation>d__29::System.IDisposable.Dispose()	EternalTrialsVictoryUI::PlayAnimation	1	0	8	0
4015	0x06000F8F	EternalTrialsVictoryUI/<PlayAnimation>d__29	EternalTrialsVictoryUI.<PlayAnimation>d__29::MoveNext()	EternalTrialsVictoryUI::PlayAnimation	512	2	7	0
4016	0x06000F90	EternalTrialsVictoryUI/<PlayAnimation>d__29	EternalTrialsVictoryUI.<PlayAnimation>d__29::System.Collections.Generic.IEnumerator<System.Object>.get_Current()	EternalTrialsVictoryUI::PlayAnimation	7	0	8	0
4017	0x06000F91	EternalTrialsVictoryUI/<PlayAnimation>d__29	EternalTrialsVictoryUI.<PlayAnimation>d__29::System.Collections.IEnumerator.Reset()	EternalTrialsVictoryUI::PlayAnimation	6	0	8	0
4018	0x06000F92	EternalTrialsVictoryUI/<PlayAnimation>d__29	EternalTrialsVictoryUI.<PlayAnimation>d__29::System.Collections.IEnumerator.get_Current()	EternalTrialsVictoryUI::PlayAnimation	7	0	8	0
4019	0x06000F93	EternalTrialsVictoryUI/<PopShowTransform>d__36	EternalTrialsVictoryUI.<PopShowTransform>d__36::.ctor(int)	EternalTrialsVictoryUI::PopShowTransform	14	0	8	0
4020	0x06000F94	EternalTrialsVictoryUI/<PopShowTransform>d__36	EternalTrialsVictoryUI.<PopShowTransform>d__36::System.IDisposable.Dispose()	EternalTrialsVictoryUI::PopShowTransform	1	0	8	0
4021	0x06000F95	EternalTrialsVictoryUI/<PopShowTransform>d__36	EternalTrialsVictoryUI.<PopShowTransform>d__36::MoveNext()	EternalTrialsVictoryUI::PopShowTransform	203	2	6	0
4022	0x06000F96	EternalTrialsVictoryUI/<PopShowTransform>d__36	EternalTrialsVictoryUI.<PopShowTransform>d__36::System.Collections.Generic.IEnumerator<System.Object>.get_Current()	EternalTrialsVictoryUI::PopShowTransform	7	0	8	0
4023	0x06000F97	EternalTrialsVictoryUI/<PopShowTransform>d__36	EternalTrialsVictoryUI.<PopShowTransform>d__36::System.Collections.IEnumerator.Reset()	EternalTrialsVictoryUI::PopShowTransform	6	0	8	0
4024	0x06000F98	EternalTrialsVictoryUI/<PopShowTransform>d__36	EternalTrialsVictoryUI.<PopShowTransform>d__36::System.Collections.IEnumerator.get_Current()	EternalTrialsVictoryUI::PopShowTransform	7	0	8	0
4025	0x06000F99	EternalTrialsVictoryUI/<UnrollScores>d__31	EternalTrialsVictoryUI.<UnrollScores>d__31::.ctor(int)	EternalTrialsVictoryUI::UnrollScores	14	0	8	0
4026	0x06000F9A	EternalTrialsVictoryUI/<UnrollScores>d__31	EternalTrialsVictoryUI.<UnrollScores>d__31::System.IDisposable.Dispose()	EternalTrialsVictoryUI::UnrollScores	1	0	8	0
4027	0x06000F9B	EternalTrialsVictoryUI/<UnrollScores>d__31	EternalTrialsVictoryUI.<UnrollScores>d__31::MoveNext()	EternalTrialsVictoryUI::UnrollScores	732	2	6	0
4028	0x06000F9C	EternalTrialsVictoryUI/<UnrollScores>d__31	EternalTrialsVictoryUI.<UnrollScores>d__31::System.Collections.Generic.IEnumerator<System.Object>.get_Current()	EternalTrialsVictoryUI::UnrollScores	7	0	8	0
4029	0x06000F9D	EternalTrialsVictoryUI/<UnrollScores>d__31	EternalTrialsVictoryUI.<UnrollScores>d__31::System.Collections.IEnumerator.Reset()	EternalTrialsVictoryUI::UnrollScores	6	0	8	0
4030	0x06000F9E	EternalTrialsVictoryUI/<UnrollScores>d__31	EternalTrialsVictoryUI.<UnrollScores>d__31::System.Collections.IEnumerator.get_Current()	EternalTrialsVictoryUI::UnrollScores	7	0	8	0
4031	0x06000F9F	IUIAnimationSequence	IUIAnimationSequence::Reset()	IUIAnimationSequence::Reset	0	0	0	0
4032	0x06000FA0	IUIAnimationSequence	IUIAnimationSequence::PlayAnimation(UIFrame)	IUIAnimationSequence::PlayAnimation	0	0	0	0
4033	0x06000FA1	IUIAnimationSequence	IUIAnimationSequence::.ctor()	IUIAnimationSequence::.ctor	7	0	8	0
4034	0x06000FA2	ApplyUpgradeIndicatorColor	ApplyUpgradeIndicatorColor::Start()	ApplyUpgradeIndicatorColor::Start	47	1	2	0
4035	0x06000FA3	ApplyUpgradeIndicatorColor	ApplyUpgradeIndicatorColor::.ctor()	ApplyUpgradeIndicatorColor::.ctor	7	0	8	0
4036	0x06000FA4	AttackCooldownAnimation	AttackCooldownAnimation::Start()	AttackCooldownAnimation::Start	13	0	8	0
4037	0x06000FA5	AttackCooldownAnimation	AttackCooldownAnimation::SetCurrentCooldownPercentage(float)	AttackCooldownAnimation::SetCurrentCooldownPercentage	130	0	2	0
4038	0x06000FA6	AttackCooldownAnimation	AttackCooldownAnimation::Update()	AttackCooldownAnimation::Update	37	0	8	0
4039	0x06000FA7	AttackCooldownAnimation	AttackCooldownAnimation::.ctor()	AttackCooldownAnimation::.ctor	7	0	8	0
4040	0x06000FA8	BackToLevelSelectHelper	BackToLevelSelectHelper::TransitionToLevelSelect()	BackToLevelSelectHelper::TransitionToLevelSelect	11	0	8	0
4041	0x06000FA9	BackToLevelSelectHelper	BackToLevelSelectHelper::.ctor()	BackToLevelSelectHelper::.ctor	7	0	8	0
4042	0x06000FAA	BackToTitlescreenUIHelper	BackToTitlescreenUIHelper::TransitionToMainMenu()	BackToTitlescreenUIHelper::TransitionToMainMenu	11	0	8	0
4043	0x06000FAB	BackToTitlescreenUIHelper	BackToTitlescreenUIHelper::.ctor()	BackToTitlescreenUIHelper::.ctor	7	0	8	0
4044	0x06000FAC	BonusLevelInteractor	BonusLevelInteractor::UpdateVisualsOnStart()	BonusLevelInteractor::UpdateVisualsOnStart	345	5	9	0
4045	0x06000FAD	BonusLevelInteractor	BonusLevelInteractor::get_CanBePlayed()	BonusLevelInteractor::get_CanBePlayed	31	0	8	0
4046	0x06000FAE	BonusLevelInteractor	BonusLevelInteractor::get_CanNotBePlayedReason()	BonusLevelInteractor::get_CanNotBePlayedReason	64	0	7	0
4047	0x06000FAF	BonusLevelInteractor	BonusLevelInteractor::Start()	BonusLevelInteractor::Start	82	0	3	0
4048	0x06000FB0	BonusLevelInteractor	BonusLevelInteractor::ReturnTooltip()	BonusLevelInteractor::ReturnTooltip	29	0	8	0
4049	0x06000FB1	BonusLevelInteractor	BonusLevelInteractor::GenerateCueText()	BonusLevelInteractor::GenerateCueText	46	0	8	0
4050	0x06000FB2	BonusLevelInteractor	BonusLevelInteractor::InteractionBegin(PlayerInteraction)	BonusLevelInteractor::InteractionBegin	58	0	8	0
4051	0x06000FB3	BonusLevelInteractor	BonusLevelInteractor::Focus(PlayerInteraction)	BonusLevelInteractor::Focus	159	0	9	0
4052	0x06000FB4	BonusLevelInteractor	BonusLevelInteractor::Unfocus(PlayerInteraction)	BonusLevelInteractor::Unfocus	25	0	8	0
4053	0x06000FB5	BonusLevelInteractor	BonusLevelInteractor::.ctor()	BonusLevelInteractor::.ctor	18	0	8	0
4054	0x06000FB6	BuildingRangeIndicator	BuildingRangeIndicator::Start()	BuildingRangeIndicator::Start	136	0	3	0
4055	0x06000FB7	BuildingRangeIndicator	BuildingRangeIndicator::Activate()	BuildingRangeIndicator::Activate	46	0	8	0
4056	0x06000FB8	BuildingRangeIndicator	BuildingRangeIndicator::OnFocus()	BuildingRangeIndicator::OnFocus	14	0	8	0
4057	0x06000FB9	BuildingRangeIndicator	BuildingRangeIndicator::OnUnfocus()	BuildingRangeIndicator::OnUnfocus	14	0	8	0
4058	0x06000FBA	BuildingRangeIndicator	BuildingRangeIndicator::DisplayAllTowerRange()	BuildingRangeIndicator::DisplayAllTowerRange	421	10	5	2
4059	0x06000FBB	BuildingRangeIndicator	BuildingRangeIndicator::Tick()	BuildingRangeIndicator::Tick	14	0	8	0
4060	0x06000FBC	BuildingRangeIndicator	BuildingRangeIndicator::Deactivate()	BuildingRangeIndicator::Deactivate	117	0	3	0
4061	0x06000FBD	BuildingRangeIndicator	BuildingRangeIndicator::.ctor()	BuildingRangeIndicator::.ctor	7	0	8	0
4062	0x06000FBE	BuildingRangeIndicator/<Tick>d__11	BuildingRangeIndicator.<Tick>d__11::.ctor(int)	BuildingRangeIndicator::Tick	14	0	8	0
4063	0x06000FBF	BuildingRangeIndicator/<Tick>d__11	BuildingRangeIndicator.<Tick>d__11::System.IDisposable.Dispose()	BuildingRangeIndicator::Tick	1	0	8	0
4064	0x06000FC0	BuildingRangeIndicator/<Tick>d__11	BuildingRangeIndicator.<Tick>d__11::MoveNext()	BuildingRangeIndicator::Tick	1085	25	5	5
4065	0x06000FC1	BuildingRangeIndicator/<Tick>d__11	BuildingRangeIndicator.<Tick>d__11::System.Collections.Generic.IEnumerator<System.Object>.get_Current()	BuildingRangeIndicator::Tick	7	0	8	0
4066	0x06000FC2	BuildingRangeIndicator/<Tick>d__11	BuildingRangeIndicator.<Tick>d__11::System.Collections.IEnumerator.Reset()	BuildingRangeIndicator::Tick	6	0	8	0
4067	0x06000FC3	BuildingRangeIndicator/<Tick>d__11	BuildingRangeIndicator.<Tick>d__11::System.Collections.IEnumerator.get_Current()	BuildingRangeIndicator::Tick	7	0	8	0
4068	0x06000FC4	CheatCategory	CheatCategory::.ctor()	CheatCategory::.ctor	18	0	8	0
4069	0x06000FC5	CheatEntry	CheatEntry::.ctor()	CheatEntry::.ctor	18	0	8	0
4070	0x06000FC6	CheatMenuBootstrap	CheatMenuBootstrap::.ctor()	CheatMenuBootstrap::.ctor	14	0	8	0
4071	0x06000FC7	CheatMenuIMGUI	CheatMenuIMGUI::Awake()	CheatMenuIMGUI::Awake	23	0	8	0
4072	0x06000FC8	CheatMenuIMGUI	CheatMenuIMGUI::Init(System.Collections.Generic.IEnumerable<CheatCategory>)	CheatMenuIMGUI::Init	13	0	8	0
4073	0x06000FC9	CheatMenuIMGUI	CheatMenuIMGUI::Update()	CheatMenuIMGUI::Update	16	0	8	0
4074	0x06000FCA	CheatMenuIMGUI	CheatMenuIMGUI::OnGUI()	CheatMenuIMGUI::OnGUI	205	1	5	0
4075	0x06000FCB	CheatMenuIMGUI	CheatMenuIMGUI::DrawCategoryContents()	CheatMenuIMGUI::DrawCategoryContents	299	5	6	0
4076	0x06000FCC	CheatMenuIMGUI	CheatMenuIMGUI::HandleInput()	CheatMenuIMGUI::HandleInput	541	2	4	0
4077	0x06000FCD	CheatMenuIMGUI	CheatMenuIMGUI::Open()	CheatMenuIMGUI::Open	149	2	3	1
4078	0x06000FCE	CheatMenuIMGUI	CheatMenuIMGUI::Close()	CheatMenuIMGUI::Close	142	2	3	1
4079	0x06000FCF	CheatMenuIMGUI	CheatMenuIMGUI::.ctor()	CheatMenuIMGUI::.ctor	18	0	8	0
4080	0x06000FD0	CheatSystem	CheatSystem::GetCategories()	CheatSystem::GetCategories	11	0	8	0
4081	0x06000FD1	CheatSystem	CheatSystem::GetOrCreateCategory(string)	CheatSystem::GetOrCreateCategory	42	1	3	0
4082	0x06000FD2	CheatSystem	CheatSystem::AddAction(string,string,System.Action)	CheatSystem::AddAction	46	1	3	0
4083	0x06000FD3	CheatSystem	CheatSystem::AddToggle(string,string,bool,System.Action<bool>)	CheatSystem::AddToggle	53	1	3	0
4084	0x06000FD4	CheatSystem	CheatSystem::AddSlider(string,string,float,float,float,System.Action<float>,float)	CheatSystem::AddSlider	77	1	3	0
4085	0x06000FD5	CheatSystem	CheatSystem::.cctor()	CheatSystem::.cctor	11	0	8	0
4086	0x06000FD6	Checkbox	Checkbox::SetState(bool)	Checkbox::SetState	14	0	8	0
4087	0x06000FD7	Checkbox	Checkbox::Toggle()	Checkbox::Toggle	33	0	8	0
4088	0x06000FD8	Checkbox	Checkbox::UpdateDisplay()	Checkbox::UpdateDisplay	18	0	8	0
4089	0x06000FD9	Checkbox	Checkbox::.ctor()	Checkbox::.ctor	18	0	8	0
4090	0x06000FDA	ChoiceUI	ChoiceUI::get_IsUnlocked()	ChoiceUI::get_IsUnlocked	7	0	8	0
4091	0x06000FDB	ChoiceUI	ChoiceUI::SetChoice(Choice)	ChoiceUI::SetChoice	152	0	3	0
4092	0x06000FDC	ChoiceUI	ChoiceUI::SetHighlighted(bool)	ChoiceUI::SetHighlighted	13	0	8	0
4093	0x06000FDD	ChoiceUI	ChoiceUI::.ctor()	ChoiceUI::.ctor	7	0	8	0
4094	0x06000FDE	ChoiceUIFrameHelper	ChoiceUIFrameHelper::OnShow()	ChoiceUIFrameHelper::OnShow	204	4	3	2
4095	0x06000FDF	ChoiceUIFrameHelper	ChoiceUIFrameHelper::AddChoiceTFUI(UnityEngine.UI.LayoutGroup,Choice)	ChoiceUIFrameHelper::AddChoiceTFUI	43	1	2	0
4096	0x06000FE0	ChoiceUIFrameHelper	ChoiceUIFrameHelper::RecomputeNavigation()	ChoiceUIFrameHelper::RecomputeNavigation	342	5	4	0
4097	0x06000FE1	ChoiceUIFrameHelper	ChoiceUIFrameHelper::UpdateSelectedChoice()	ChoiceUIFrameHelper::UpdateSelectedChoice	349	3	6	0
4098	0x06000FE2	ChoiceUIFrameHelper	ChoiceUIFrameHelper::OnApply()	ChoiceUIFrameHelper::OnApply	62	1	2	0
4099	0x06000FE3	ChoiceUIFrameHelper	ChoiceUIFrameHelper::.ctor()	ChoiceUIFrameHelper::.ctor	18	0	8	0
4100	0x06000FE4	Coinslot	Coinslot::get_isFull()	Coinslot::get_isFull	17	0	8	0
4101	0x06000FE5	Coinslot	Coinslot::get_CurrentFill01()	Coinslot::get_CurrentFill01	7	0	8	0
4102	0x06000FE6	Coinslot	Coinslot::AddFill(float,bool)	Coinslot::AddFill	96	0	4	0
4103	0x06000FE7	Coinslot	Coinslot::SetEmpty()	Coinslot::SetEmpty	28	0	8	0
4104	0x06000FE8	Coinslot	Coinslot::PlayDeny()	Coinslot::PlayDeny	12	0	8	0
4105	0x06000FE9	Coinslot	Coinslot::Appear()	Coinslot::Appear	99	0	2	0
4106	0x06000FEA	Coinslot	Coinslot::Disappear()	Coinslot::Disappear	56	0	8	0
4107	0x06000FEB	Coinslot	Coinslot::.ctor()	Coinslot::.ctor	7	0	8	0
4108	0x06000FEC	PlatformCRTWriter	PlatformCRTWriter::Awake()	PlatformCRTWriter::Awake	84	0	2	0
4109	0x06000FED	PlatformCRTWriter	PlatformCRTWriter::.ctor()	PlatformCRTWriter::.ctor	7	0	8	0
4110	0x06000FEE	ControlGroupController	ControlGroupController::get_Hidden()	ControlGroupController::get_Hidden	7	0	8	0
4111	0x06000FEF	ControlGroupController	ControlGroupController::Start()	ControlGroupController::Start	7	0	8	0
4112	0x06000FF0	ControlGroupController	ControlGroupController::SetInitialColor()	ControlGroupController::SetInitialColor	106	3	2	0
4113	0x06000FF1	ControlGroupController	ControlGroupController::FlagDrop()	ControlGroupController::FlagDrop	40	0	8	0
4114	0x06000FF2	ControlGroupController	ControlGroupController::FlagHide()	ControlGroupController::FlagHide	35	0	8	0
4115	0x06000FF3	ControlGroupController	ControlGroupController::RemovingPulse()	ControlGroupController::RemovingPulse	20	0	8	0
4116	0x06000FF4	ControlGroupController	ControlGroupController::DoRemovingPulse()	ControlGroupController::DoRemovingPulse	14	0	8	0
4117	0x06000FF5	ControlGroupController	ControlGroupController::Pulse()	ControlGroupController::Pulse	20	0	8	0
4118	0x06000FF6	ControlGroupController	ControlGroupController::DoPulse()	ControlGroupController::DoPulse	14	0	8	0
4119	0x06000FF7	ControlGroupController	ControlGroupController::SetFillAmount(float)	ControlGroupController::SetFillAmount	13	0	8	0
4120	0x06000FF8	ControlGroupController	ControlGroupController::.ctor()	ControlGroupController::.ctor	117	0	5	0
4121	0x06000FF9	ControlGroupController/<DoPulse>d__21	ControlGroupController.<DoPulse>d__21::.ctor(int)	ControlGroupController::DoPulse	14	0	8	0
4122	0x06000FFA	ControlGroupController/<DoPulse>d__21	ControlGroupController.<DoPulse>d__21::System.IDisposable.Dispose()	ControlGroupController::DoPulse	1	0	8	0
4123	0x06000FFB	ControlGroupController/<DoPulse>d__21	ControlGroupController.<DoPulse>d__21::MoveNext()	ControlGroupController::DoPulse	184	3	5	0
4124	0x06000FFC	ControlGroupController/<DoPulse>d__21	ControlGroupController.<DoPulse>d__21::System.Collections.Generic.IEnumerator<System.Object>.get_Current()	ControlGroupController::DoPulse	7	0	8	0
4125	0x06000FFD	ControlGroupController/<DoPulse>d__21	ControlGroupController.<DoPulse>d__21::System.Collections.IEnumerator.Reset()	ControlGroupController::DoPulse	6	0	8	0
4126	0x06000FFE	ControlGroupController/<DoPulse>d__21	ControlGroupController.<DoPulse>d__21::System.Collections.IEnumerator.get_Current()	ControlGroupController::DoPulse	7	0	8	0
4127	0x06000FFF	ControlGroupController/<DoRemovingPulse>d__19	ControlGroupController.<DoRemovingPulse>d__19::.ctor(int)	ControlGroupController::DoRemovingPulse	14	0	8	0
4128	0x06001000	ControlGroupController/<DoRemovingPulse>d__19	ControlGroupController.<DoRemovingPulse>d__19::System.IDisposable.Dispose()	ControlGroupController::DoRemovingPulse	1	0	8	0
4129	0x06001001	ControlGroupController/<DoRemovingPulse>d__19	ControlGroupController.<DoRemovingPulse>d__19::MoveNext()	ControlGroupController::DoRemovingPulse	197	3	5	0
4130	0x06001002	ControlGroupController/<DoRemovingPulse>d__19	ControlGroupController.<DoRemovingPulse>d__19::System.Collections.Generic.IEnumerator<System.Object>.get_Current()	ControlGroupController::DoRemovingPulse	7	0	8	0
4131	0x06001003	ControlGroupController/<DoRemovingPulse>d__19	ControlGroupController.<DoRemovingPulse>d__19::System.Collections.IEnumerator.Reset()	ControlGroupController::DoRemovingPulse	6	0	8	0
4132	0x06001004	ControlGroupController/<DoRemovingPulse>d__19	ControlGroupController.<DoRemovingPulse>d__19::System.Collections.IEnumerator.get_Current()	ControlGroupController::DoRemovingPulse	7	0	8	0
4133	0x06001005	ControllerPicker	ControllerPicker::Start()	ControllerPicker::Start	1	0	8	0
4134	0x06001006	ControllerPicker	ControllerPicker::Update()	ControllerPicker::Update	1	0	8	0
4135	0x06001007	ControllerPicker	ControllerPicker::.ctor()	ControllerPicker::.ctor	7	0	8	0
4136	0x06001008	ControlMapButton	ControlMapButton::get_descriptor()	ControlMapButton::get_descriptor	74	0	2	0
4137	0x06001009	ControlMapButton	ControlMapButton::Start()	ControlMapButton::Start	69	0	3	0
4138	0x0600100A	ControlMapButton	ControlMapButton::SetData(Rewired.InputAction,KeyRebinder,ControlMapButton.AxisMode)	ControlMapButton::SetData	67	0	9	0
4139	0x0600100B	ControlMapButton	ControlMapButton::Refresh()	ControlMapButton::Refresh	13	0	8	0
4140	0x0600100C	ControlMapButton	ControlMapButton::UpdateMappings()	ControlMapButton::UpdateMappings	501	10	3	0
4141	0x0600100D	ControlMapButton	ControlMapButton::UpdateLabels()	ControlMapButton::UpdateLabels	124	3	2	0
4142	0x0600100E	ControlMapButton	ControlMapButton::OnApply()	ControlMapButton::OnApply	42	0	8	0
4143	0x0600100F	ControlMapButton	ControlMapButton::UpdateSelectionIndicator()	ControlMapButton::UpdateSelectionIndicator	40	0	8	0
4144	0x06001010	ControlMapButton	ControlMapButton::.ctor()	ControlMapButton::.ctor	7	0	8	0
4145	0x06001011	CostDisplay	CostDisplay::get_CompletelyFilled()	CostDisplay::get_CompletelyFilled	18	0	8	0
4146	0x06001012	CostDisplay	CostDisplay::get_CompletelyEmpty()	CostDisplay::get_CompletelyEmpty	13	0	8	0
4147	0x06001013	CostDisplay	CostDisplay::Start()	CostDisplay::Start	113	1	4	0
4148	0x06001014	CostDisplay	CostDisplay::Update()	CostDisplay::Update	22	0	8	0
4149	0x06001015	CostDisplay	CostDisplay::SetClearCoinPoolFlag()	CostDisplay::SetClearCoinPoolFlag	8	0	8	0
4150	0x06001016	CostDisplay	CostDisplay::ClearCoinPool()	CostDisplay::ClearCoinPool	94	1	2	0
4151	0x06001017	CostDisplay	CostDisplay::UpdateDisplay(int,bool)	CostDisplay::UpdateDisplay	712	12	5	2
4152	0x06001018	CostDisplay	CostDisplay::get_TotalFillTime()	CostDisplay::get_TotalFillTime	41	0	8	0
4153	0x06001019	CostDisplay	CostDisplay::FillUp()	CostDisplay::FillUp	137	1	4	0
4154	0x0600101A	CostDisplay	CostDisplay::Deny()	CostDisplay::Deny	49	0	8	0
4155	0x0600101B	CostDisplay	CostDisplay::OnCompletion()	CostDisplay::OnCompletion	21	0	8	0
4156	0x0600101C	CostDisplay	CostDisplay::CancelFill(PlayerInteraction)	CostDisplay::CancelFill	127	2	3	1
4157	0x0600101D	CostDisplay	CostDisplay::AnimateShowSlots()	CostDisplay::AnimateShowSlots	14	0	8	0
4158	0x0600101E	CostDisplay	CostDisplay::Hide()	CostDisplay::Hide	49	0	8	0
4159	0x0600101F	CostDisplay	CostDisplay::AnimateHideSlots()	CostDisplay::AnimateHideSlots	14	0	8	0
4160	0x06001020	CostDisplay	CostDisplay::.ctor()	CostDisplay::.ctor	91	0	2	0
4161	0x06001021	CostDisplay/<AnimateHideSlots>d__45	CostDisplay.<AnimateHideSlots>d__45::.ctor(int)	CostDisplay::AnimateHideSlots	14	0	8	0
4162	0x06001022	CostDisplay/<AnimateHideSlots>d__45	CostDisplay.<AnimateHideSlots>d__45::System.IDisposable.Dispose()	CostDisplay::AnimateHideSlots	27	1	2	1
4163	0x06001023	CostDisplay/<AnimateHideSlots>d__45	CostDisplay.<AnimateHideSlots>d__45::MoveNext()	CostDisplay::AnimateHideSlots	312	3	3	1
4164	0x06001024	CostDisplay/<AnimateHideSlots>d__45	CostDisplay.<AnimateHideSlots>d__45::<>m__Finally1()	CostDisplay::AnimateHideSlots	25	0	8	0
4165	0x06001025	CostDisplay/<AnimateHideSlots>d__45	CostDisplay.<AnimateHideSlots>d__45::System.Collections.Generic.IEnumerator<System.Object>.get_Current()	CostDisplay::AnimateHideSlots	7	0	8	0
4166	0x06001026	CostDisplay/<AnimateHideSlots>d__45	CostDisplay.<AnimateHideSlots>d__45::System.Collections.IEnumerator.Reset()	CostDisplay::AnimateHideSlots	6	0	8	0
4167	0x06001027	CostDisplay/<AnimateHideSlots>d__45	CostDisplay.<AnimateHideSlots>d__45::System.Collections.IEnumerator.get_Current()	CostDisplay::AnimateHideSlots	7	0	8	0
4168	0x06001028	CostDisplay/<AnimateShowSlots>d__43	CostDisplay.<AnimateShowSlots>d__43::.ctor(int)	CostDisplay::AnimateShowSlots	14	0	8	0
4169	0x06001029	CostDisplay/<AnimateShowSlots>d__43	CostDisplay.<AnimateShowSlots>d__43::System.IDisposable.Dispose()	CostDisplay::AnimateShowSlots	27	1	2	1
4170	0x0600102A	CostDisplay/<AnimateShowSlots>d__43	CostDisplay.<AnimateShowSlots>d__43::MoveNext()	CostDisplay::AnimateShowSlots	300	3	3	1
4171	0x0600102B	CostDisplay/<AnimateShowSlots>d__43	CostDisplay.<AnimateShowSlots>d__43::<>m__Finally1()	CostDisplay::AnimateShowSlots	25	0	8	0
4172	0x0600102C	CostDisplay/<AnimateShowSlots>d__43	CostDisplay.<AnimateShowSlots>d__43::System.Collections.Generic.IEnumerator<System.Object>.get_Current()	CostDisplay::AnimateShowSlots	7	0	8	0
4173	0x0600102D	CostDisplay/<AnimateShowSlots>d__43	CostDisplay.<AnimateShowSlots>d__43::System.Collections.IEnumerator.Reset()	CostDisplay::AnimateShowSlots	6	0	8	0
4174	0x0600102E	CostDisplay/<AnimateShowSlots>d__43	CostDisplay.<AnimateShowSlots>d__43::System.Collections.IEnumerator.get_Current()	CostDisplay::AnimateShowSlots	7	0	8	0
4175	0x0600102F	DamageIndicatorUI	DamageIndicatorUI::Start()	DamageIndicatorUI::Start	18	0	8	0
4176	0x06001030	DamageIndicatorUI	DamageIndicatorUI::SetStat(float,bool,bool,DamageIndicatorUIHandler)	DamageIndicatorUI::SetStat	208	1	3	0
4177	0x06001031	DamageIndicatorUI	DamageIndicatorUI::Update()	DamageIndicatorUI::Update	125	2	4	0
4178	0x06001032	DamageIndicatorUI	DamageIndicatorUI::UnitStatsDisabled()	DamageIndicatorUI::UnitStatsDisabled	32	0	8	0
4179	0x06001033	DamageIndicatorUI	DamageIndicatorUI::OnDestroy()	DamageIndicatorUI::OnDestroy	32	0	8	0
4180	0x06001034	DamageIndicatorUI	DamageIndicatorUI::.ctor()	DamageIndicatorUI::.ctor	29	0	8	0
4181	0x06001035	DamageIndicatorUIHandler	DamageIndicatorUIHandler::Start()	DamageIndicatorUIHandler::Start	96	0	3	0
4182	0x06001036	DamageIndicatorUIHandler	DamageIndicatorUIHandler::InstantiateDamageIndicator(float)	DamageIndicatorUIHandler::InstantiateDamageIndicator	275	4	5	1
4183	0x06001037	DamageIndicatorUIHandler	DamageIndicatorUIHandler::RemoveDamageIndicatorFromPool(UnityEngine.GameObject)	DamageIndicatorUIHandler::RemoveDamageIndicatorFromPool	14	0	8	0
4184	0x06001038	DamageIndicatorUIHandler	DamageIndicatorUIHandler::DamageTaken(float)	DamageIndicatorUIHandler::DamageTaken	8	0	8	0
4185	0x06001039	DamageIndicatorUIHandler	DamageIndicatorUIHandler::WaitForDamageUItoFinish()	DamageIndicatorUIHandler::WaitForDamageUItoFinish	14	0	8	0
4186	0x0600103A	DamageIndicatorUIHandler	DamageIndicatorUIHandler::AllObjectsInactive()	DamageIndicatorUIHandler::AllObjectsInactive	72	3	2	1
4187	0x0600103B	DamageIndicatorUIHandler	DamageIndicatorUIHandler::UnparentItself()	DamageIndicatorUIHandler::UnparentItself	26	0	8	0
4188	0x0600103C	DamageIndicatorUIHandler	DamageIndicatorUIHandler::.ctor()	DamageIndicatorUIHandler::.ctor	7	0	8	0
4189	0x0600103D	DamageIndicatorUIHandler/<>c	DamageIndicatorUIHandler.<>c::.cctor()	DamageIndicatorUIHandler::.cctor	11	0	8	0
4190	0x0600103E	DamageIndicatorUIHandler/<>c	DamageIndicatorUIHandler.<>c::.ctor()	DamageIndicatorUIHandler::.ctor	7	0	8	0
4191	0x0600103F	DamageIndicatorUIHandler/<>c	DamageIndicatorUIHandler.<>c::<InstantiateDamageIndicator>b__8_0(UnityEngine.GameObject)	DamageIndicatorUIHandler::InstantiateDamageIndicator	8	0	8	0
4192	0x06001040	DamageIndicatorUIHandler/<WaitForDamageUItoFinish>d__11	DamageIndicatorUIHandler.<WaitForDamageUItoFinish>d__11::.ctor(int)	DamageIndicatorUIHandler::WaitForDamageUItoFinish	14	0	8	0
4193	0x06001041	DamageIndicatorUIHandler/<WaitForDamageUItoFinish>d__11	DamageIndicatorUIHandler.<WaitForDamageUItoFinish>d__11::System.IDisposable.Dispose()	DamageIndicatorUIHandler::WaitForDamageUItoFinish	1	0	8	0
4194	0x06001042	DamageIndicatorUIHandler/<WaitForDamageUItoFinish>d__11	DamageIndicatorUIHandler.<WaitForDamageUItoFinish>d__11::MoveNext()	DamageIndicatorUIHandler::WaitForDamageUItoFinish	76	2	2	0
4195	0x06001043	DamageIndicatorUIHandler/<WaitForDamageUItoFinish>d__11	DamageIndicatorUIHandler.<WaitForDamageUItoFinish>d__11::System.Collections.Generic.IEnumerator<System.Object>.get_Current()	DamageIndicatorUIHandler::WaitForDamageUItoFinish	7	0	8	0
4196	0x06001044	DamageIndicatorUIHandler/<WaitForDamageUItoFinish>d__11	DamageIndicatorUIHandler.<WaitForDamageUItoFinish>d__11::System.Collections.IEnumerator.Reset()	DamageIndicatorUIHandler::WaitForDamageUItoFinish	6	0	8	0
4197	0x06001045	DamageIndicatorUIHandler/<WaitForDamageUItoFinish>d__11	DamageIndicatorUIHandler.<WaitForDamageUItoFinish>d__11::System.Collections.IEnumerator.get_Current()	DamageIndicatorUIHandler::WaitForDamageUItoFinish	7	0	8	0
4198	0x06001046	DayCountdownUI	DayCountdownUI::Start()	DayCountdownUI::Start	12	0	8	0
4199	0x06001047	DayCountdownUI	DayCountdownUI::FormatTime(float)	DayCountdownUI::FormatTime	51	2	3	0
4200	0x06001048	DayCountdownUI	DayCountdownUI::Update()	DayCountdownUI::Update	119	2	3	0
4201	0x06001049	DayCountdownUI	DayCountdownUI::.ctor()	DayCountdownUI::.ctor	7	0	8	0
4202	0x0600104A	DemoQuitSwitch	DemoQuitSwitch::Trigger()	DemoQuitSwitch::Trigger	11	0	8	0
4203	0x0600104B	DemoQuitSwitch	DemoQuitSwitch::.ctor()	DemoQuitSwitch::.ctor	7	0	8	0
4204	0x0600104C	DisableButtonInWaveZero	DisableButtonInWaveZero::OnEnable()	DisableButtonInWaveZero::OnEnable	103	3	2	0
4205	0x0600104D	DisableButtonInWaveZero	DisableButtonInWaveZero::.ctor()	DisableButtonInWaveZero::.ctor	21	0	8	0
4206	0x0600104E	DisablePanelWhenUIFrameIsOpen	DisablePanelWhenUIFrameIsOpen::Start()	DisablePanelWhenUIFrameIsOpen::Start	13	0	8	0
4207	0x0600104F	DisablePanelWhenUIFrameIsOpen	DisablePanelWhenUIFrameIsOpen::Update()	DisablePanelWhenUIFrameIsOpen::Update	28	0	8	0
4208	0x06001050	DisablePanelWhenUIFrameIsOpen	DisablePanelWhenUIFrameIsOpen::.ctor()	DisablePanelWhenUIFrameIsOpen::.ctor	7	0	8	0
4209	0x06001051	DynamicLayoutGroupSpacing	DynamicLayoutGroupSpacing::Awake()	DynamicLayoutGroupSpacing::Awake	25	0	8	0
4210	0x06001052	DynamicLayoutGroupSpacing	DynamicLayoutGroupSpacing::Update()	DynamicLayoutGroupSpacing::Update	26	0	8	0
4211	0x06001053	DynamicLayoutGroupSpacing	DynamicLayoutGroupSpacing::Refresh()	DynamicLayoutGroupSpacing::Refresh	150	6	3	1
4212	0x06001054	DynamicLayoutGroupSpacing	DynamicLayoutGroupSpacing::.ctor()	DynamicLayoutGroupSpacing::.ctor	26	0	8	0
4213	0x06001055	EndOfMatchScoreUIHelper	EndOfMatchScoreUIHelper::Update()	EndOfMatchScoreUIHelper::Update	79	0	2	0
4214	0x06001056	EndOfMatchScoreUIHelper	EndOfMatchScoreUIHelper::OnActivate()	EndOfMatchScoreUIHelper::OnActivate	356	0	3	0
4215	0x06001057	EndOfMatchScoreUIHelper	EndOfMatchScoreUIHelper::OnContinue()	EndOfMatchScoreUIHelper::OnContinue	11	0	8	0
4216	0x06001058	EndOfMatchScoreUIHelper	EndOfMatchScoreUIHelper::OnTryAgain()	EndOfMatchScoreUIHelper::OnTryAgain	11	0	8	0
4217	0x06001059	EndOfMatchScoreUIHelper	EndOfMatchScoreUIHelper::OnTryAgainET()	EndOfMatchScoreUIHelper::OnTryAgainET	12	0	8	0
4218	0x0600105A	EndOfMatchScoreUIHelper	EndOfMatchScoreUIHelper::OnContinueET()	EndOfMatchScoreUIHelper::OnContinueET	7	0	8	0
4219	0x0600105B	EndOfMatchScoreUIHelper	EndOfMatchScoreUIHelper::ToMenuET()	EndOfMatchScoreUIHelper::ToMenuET	11	0	8	0
4220	0x0600105C	EndOfMatchScoreUIHelper	EndOfMatchScoreUIHelper::ActivateAnimation()	EndOfMatchScoreUIHelper::ActivateAnimation	14	0	8	0
4221	0x0600105D	EndOfMatchScoreUIHelper	EndOfMatchScoreUIHelper::ClassicModeAnimationSequence()	EndOfMatchScoreUIHelper::ClassicModeAnimationSequence	14	0	8	0
4222	0x0600105E	EndOfMatchScoreUIHelper	EndOfMatchScoreUIHelper::ShowCampaignLevelBeatenRewards()	EndOfMatchScoreUIHelper::ShowCampaignLevelBeatenRewards	14	0	8	0
4223	0x0600105F	EndOfMatchScoreUIHelper	EndOfMatchScoreUIHelper::GetNextMetaLevel()	EndOfMatchScoreUIHelper::GetNextMetaLevel	32	0	8	0
4224	0x06001060	EndOfMatchScoreUIHelper	EndOfMatchScoreUIHelper::EnableMaxLevelReachedUI()	EndOfMatchScoreUIHelper::EnableMaxLevelReachedUI	31	0	8	0
4225	0x06001061	EndOfMatchScoreUIHelper	EndOfMatchScoreUIHelper::EnableDemoLockedUI()	EndOfMatchScoreUIHelper::EnableDemoLockedUI	25	0	8	0
4226	0x06001062	EndOfMatchScoreUIHelper	EndOfMatchScoreUIHelper::EnableRewardDisplayUI(Equippable)	EndOfMatchScoreUIHelper::EnableRewardDisplayUI	189	0	9	0
4227	0x06001063	EndOfMatchScoreUIHelper	EndOfMatchScoreUIHelper::UpdateLevelingBar()	EndOfMatchScoreUIHelper::UpdateLevelingBar	90	0	4	0
4228	0x06001064	EndOfMatchScoreUIHelper	EndOfMatchScoreUIHelper::UnrollScores()	EndOfMatchScoreUIHelper::UnrollScores	14	0	8	0
4229	0x06001065	EndOfMatchScoreUIHelper	EndOfMatchScoreUIHelper::SkipUnrollScores()	EndOfMatchScoreUIHelper::SkipUnrollScores	619	0	3	0
4230	0x06001066	EndOfMatchScoreUIHelper	EndOfMatchScoreUIHelper::AddToOverallScore(int,float)	EndOfMatchScoreUIHelper::AddToOverallScore	28	0	8	0
4231	0x06001067	EndOfMatchScoreUIHelper	EndOfMatchScoreUIHelper::LockInScoreBump(float)	EndOfMatchScoreUIHelper::LockInScoreBump	21	0	8	0
4232	0x06001068	EndOfMatchScoreUIHelper	EndOfMatchScoreUIHelper::Bump(float,UnityEngine.Transform,UnityEngine.AudioClip)	EndOfMatchScoreUIHelper::Bump	35	0	8	0
4233	0x06001069	EndOfMatchScoreUIHelper	EndOfMatchScoreUIHelper::PopShowTransform(UnityEngine.Transform,UnityEngine.AudioClip,UnityEngine.AnimationCurve,float)	EndOfMatchScoreUIHelper::PopShowTransform	43	0	8	0
4234	0x0600106A	EndOfMatchScoreUIHelper	EndOfMatchScoreUIHelper::FillUpXPBar(int)	EndOfMatchScoreUIHelper::FillUpXPBar	21	0	8	0
4235	0x0600106B	EndOfMatchScoreUIHelper	EndOfMatchScoreUIHelper::GetColorForEquippable(Equippable)	EndOfMatchScoreUIHelper::GetColorForEquippable	110	1	2	0
4236	0x0600106C	EndOfMatchScoreUIHelper	EndOfMatchScoreUIHelper::OnDisable()	EndOfMatchScoreUIHelper::OnDisable	8	0	8	0
4237	0x0600106D	EndOfMatchScoreUIHelper	EndOfMatchScoreUIHelper::.ctor()	EndOfMatchScoreUIHelper::.ctor	117	0	2	0
4238	0x0600106E	EndOfMatchScoreUIHelper/<ActivateAnimation>d__96	EndOfMatchScoreUIHelper.<ActivateAnimation>d__96::.ctor(int)	EndOfMatchScoreUIHelper::ActivateAnimation	14	0	8	0
4239	0x0600106F	EndOfMatchScoreUIHelper/<ActivateAnimation>d__96	EndOfMatchScoreUIHelper.<ActivateAnimation>d__96::System.IDisposable.Dispose()	EndOfMatchScoreUIHelper::ActivateAnimation	1	0	8	0
4240	0x06001070	EndOfMatchScoreUIHelper/<ActivateAnimation>d__96	EndOfMatchScoreUIHelper.<ActivateAnimation>d__96::MoveNext()	EndOfMatchScoreUIHelper::ActivateAnimation	459	4	5	0
4241	0x06001071	EndOfMatchScoreUIHelper/<ActivateAnimation>d__96	EndOfMatchScoreUIHelper.<ActivateAnimation>d__96::System.Collections.Generic.IEnumerator<System.Object>.get_Current()	EndOfMatchScoreUIHelper::ActivateAnimation	7	0	8	0
4242	0x06001072	EndOfMatchScoreUIHelper/<ActivateAnimation>d__96	EndOfMatchScoreUIHelper.<ActivateAnimation>d__96::System.Collections.IEnumerator.Reset()	EndOfMatchScoreUIHelper::ActivateAnimation	6	0	8	0
4243	0x06001073	EndOfMatchScoreUIHelper/<ActivateAnimation>d__96	EndOfMatchScoreUIHelper.<ActivateAnimation>d__96::System.Collections.IEnumerator.get_Current()	EndOfMatchScoreUIHelper::ActivateAnimation	7	0	8	0
4244	0x06001074	EndOfMatchScoreUIHelper/<AddToOverallScore>d__106	EndOfMatchScoreUIHelper.<AddToOverallScore>d__106::.ctor(int)	EndOfMatchScoreUIHelper::AddToOverallScore	14	0	8	0
4245	0x06001075	EndOfMatchScoreUIHelper/<AddToOverallScore>d__106	EndOfMatchScoreUIHelper.<AddToOverallScore>d__106::System.IDisposable.Dispose()	EndOfMatchScoreUIHelper::AddToOverallScore	1	0	8	0
4246	0x06001076	EndOfMatchScoreUIHelper/<AddToOverallScore>d__106	EndOfMatchScoreUIHelper.<AddToOverallScore>d__106::MoveNext()	EndOfMatchScoreUIHelper::AddToOverallScore	386	3	6	0
4247	0x06001077	EndOfMatchScoreUIHelper/<AddToOverallScore>d__106	EndOfMatchScoreUIHelper.<AddToOverallScore>d__106::System.Collections.Generic.IEnumerator<System.Object>.get_Current()	EndOfMatchScoreUIHelper::AddToOverallScore	7	0	8	0
4248	0x06001078	EndOfMatchScoreUIHelper/<AddToOverallScore>d__106	EndOfMatchScoreUIHelper.<AddToOverallScore>d__106::System.Collections.IEnumerator.Reset()	EndOfMatchScoreUIHelper::AddToOverallScore	6	0	8	0
4249	0x06001079	EndOfMatchScoreUIHelper/<AddToOverallScore>d__106	EndOfMatchScoreUIHelper.<AddToOverallScore>d__106::System.Collections.IEnumerator.get_Current()	EndOfMatchScoreUIHelper::AddToOverallScore	7	0	8	0
4250	0x0600107A	EndOfMatchScoreUIHelper/<Bump>d__108	EndOfMatchScoreUIHelper.<Bump>d__108::.ctor(int)	EndOfMatchScoreUIHelper::Bump	14	0	8	0
4251	0x0600107B	EndOfMatchScoreUIHelper/<Bump>d__108	EndOfMatchScoreUIHelper.<Bump>d__108::System.IDisposable.Dispose()	EndOfMatchScoreUIHelper::Bump	1	0	8	0
4252	0x0600107C	EndOfMatchScoreUIHelper/<Bump>d__108	EndOfMatchScoreUIHelper.<Bump>d__108::MoveNext()	EndOfMatchScoreUIHelper::Bump	213	2	6	0
4253	0x0600107D	EndOfMatchScoreUIHelper/<Bump>d__108	EndOfMatchScoreUIHelper.<Bump>d__108::System.Collections.Generic.IEnumerator<System.Object>.get_Current()	EndOfMatchScoreUIHelper::Bump	7	0	8	0
4254	0x0600107E	EndOfMatchScoreUIHelper/<Bump>d__108	EndOfMatchScoreUIHelper.<Bump>d__108::System.Collections.IEnumerator.Reset()	EndOfMatchScoreUIHelper::Bump	6	0	8	0
4255	0x0600107F	EndOfMatchScoreUIHelper/<Bump>d__108	EndOfMatchScoreUIHelper.<Bump>d__108::System.Collections.IEnumerator.get_Current()	EndOfMatchScoreUIHelper::Bump	7	0	8	0
4256	0x06001080	EndOfMatchScoreUIHelper/<ClassicModeAnimationSequence>d__97	EndOfMatchScoreUIHelper.<ClassicModeAnimationSequence>d__97::.ctor(int)	EndOfMatchScoreUIHelper::ClassicModeAnimationSequence	14	0	8	0
4257	0x06001081	EndOfMatchScoreUIHelper/<ClassicModeAnimationSequence>d__97	EndOfMatchScoreUIHelper.<ClassicModeAnimationSequence>d__97::System.IDisposable.Dispose()	EndOfMatchScoreUIHelper::ClassicModeAnimationSequence	1	0	8	0
4258	0x06001082	EndOfMatchScoreUIHelper/<ClassicModeAnimationSequence>d__97	EndOfMatchScoreUIHelper.<ClassicModeAnimationSequence>d__97::MoveNext()	EndOfMatchScoreUIHelper::ClassicModeAnimationSequence	1657	2	7	0
4259	0x06001083	EndOfMatchScoreUIHelper/<ClassicModeAnimationSequence>d__97	EndOfMatchScoreUIHelper.<ClassicModeAnimationSequence>d__97::System.Collections.Generic.IEnumerator<System.Object>.get_Current()	EndOfMatchScoreUIHelper::ClassicModeAnimationSequence	7	0	8	0
4260	0x06001084	EndOfMatchScoreUIHelper/<ClassicModeAnimationSequence>d__97	EndOfMatchScoreUIHelper.<ClassicModeAnimationSequence>d__97::System.Collections.IEnumerator.Reset()	EndOfMatchScoreUIHelper::ClassicModeAnimationSequence	6	0	8	0
4261	0x06001085	EndOfMatchScoreUIHelper/<ClassicModeAnimationSequence>d__97	EndOfMatchScoreUIHelper.<ClassicModeAnimationSequence>d__97::System.Collections.IEnumerator.get_Current()	EndOfMatchScoreUIHelper::ClassicModeAnimationSequence	7	0	8	0
4262	0x06001086	EndOfMatchScoreUIHelper/<FillUpXPBar>d__110	EndOfMatchScoreUIHelper.<FillUpXPBar>d__110::.ctor(int)	EndOfMatchScoreUIHelper::FillUpXPBar	14	0	8	0
4263	0x06001087	EndOfMatchScoreUIHelper/<FillUpXPBar>d__110	EndOfMatchScoreUIHelper.<FillUpXPBar>d__110::System.IDisposable.Dispose()	EndOfMatchScoreUIHelper::FillUpXPBar	1	0	8	0
4264	0x06001088	EndOfMatchScoreUIHelper/<FillUpXPBar>d__110	EndOfMatchScoreUIHelper.<FillUpXPBar>d__110::MoveNext()	EndOfMatchScoreUIHelper::FillUpXPBar	1190	4	6	0
4265	0x06001089	EndOfMatchScoreUIHelper/<FillUpXPBar>d__110	EndOfMatchScoreUIHelper.<FillUpXPBar>d__110::System.Collections.Generic.IEnumerator<System.Object>.get_Current()	EndOfMatchScoreUIHelper::FillUpXPBar	7	0	8	0
4266	0x0600108A	EndOfMatchScoreUIHelper/<FillUpXPBar>d__110	EndOfMatchScoreUIHelper.<FillUpXPBar>d__110::System.Collections.IEnumerator.Reset()	EndOfMatchScoreUIHelper::FillUpXPBar	6	0	8	0
4267	0x0600108B	EndOfMatchScoreUIHelper/<FillUpXPBar>d__110	EndOfMatchScoreUIHelper.<FillUpXPBar>d__110::System.Collections.IEnumerator.get_Current()	EndOfMatchScoreUIHelper::FillUpXPBar	7	0	8	0
4268	0x0600108C	EndOfMatchScoreUIHelper/<LockInScoreBump>d__107	EndOfMatchScoreUIHelper.<LockInScoreBump>d__107::.ctor(int)	EndOfMatchScoreUIHelper::LockInScoreBump	14	0	8	0
4269	0x0600108D	EndOfMatchScoreUIHelper/<LockInScoreBump>d__107	EndOfMatchScoreUIHelper.<LockInScoreBump>d__107::System.IDisposable.Dispose()	EndOfMatchScoreUIHelper::LockInScoreBump	1	0	8	0
4270	0x0600108E	EndOfMatchScoreUIHelper/<LockInScoreBump>d__107	EndOfMatchScoreUIHelper.<LockInScoreBump>d__107::MoveNext()	EndOfMatchScoreUIHelper::LockInScoreBump	214	2	6	0
4271	0x0600108F	EndOfMatchScoreUIHelper/<LockInScoreBump>d__107	EndOfMatchScoreUIHelper.<LockInScoreBump>d__107::System.Collections.Generic.IEnumerator<System.Object>.get_Current()	EndOfMatchScoreUIHelper::LockInScoreBump	7	0	8	0
4272	0x06001090	EndOfMatchScoreUIHelper/<LockInScoreBump>d__107	EndOfMatchScoreUIHelper.<LockInScoreBump>d__107::System.Collections.IEnumerator.Reset()	EndOfMatchScoreUIHelper::LockInScoreBump	6	0	8	0
4273	0x06001091	EndOfMatchScoreUIHelper/<LockInScoreBump>d__107	EndOfMatchScoreUIHelper.<LockInScoreBump>d__107::System.Collections.IEnumerator.get_Current()	EndOfMatchScoreUIHelper::LockInScoreBump	7	0	8	0
4274	0x06001092	EndOfMatchScoreUIHelper/<PopShowTransform>d__109	EndOfMatchScoreUIHelper.<PopShowTransform>d__109::.ctor(int)	EndOfMatchScoreUIHelper::PopShowTransform	14	0	8	0
4275	0x06001093	EndOfMatchScoreUIHelper/<PopShowTransform>d__109	EndOfMatchScoreUIHelper.<PopShowTransform>d__109::System.IDisposable.Dispose()	EndOfMatchScoreUIHelper::PopShowTransform	1	0	8	0
4276	0x06001094	EndOfMatchScoreUIHelper/<PopShowTransform>d__109	EndOfMatchScoreUIHelper.<PopShowTransform>d__109::MoveNext()	EndOfMatchScoreUIHelper::PopShowTransform	203	2	6	0
4277	0x06001095	EndOfMatchScoreUIHelper/<PopShowTransform>d__109	EndOfMatchScoreUIHelper.<PopShowTransform>d__109::System.Collections.Generic.IEnumerator<System.Object>.get_Current()	EndOfMatchScoreUIHelper::PopShowTransform	7	0	8	0
4278	0x06001096	EndOfMatchScoreUIHelper/<PopShowTransform>d__109	EndOfMatchScoreUIHelper.<PopShowTransform>d__109::System.Collections.IEnumerator.Reset()	EndOfMatchScoreUIHelper::PopShowTransform	6	0	8	0
4279	0x06001097	EndOfMatchScoreUIHelper/<PopShowTransform>d__109	EndOfMatchScoreUIHelper.<PopShowTransform>d__109::System.Collections.IEnumerator.get_Current()	EndOfMatchScoreUIHelper::PopShowTransform	7	0	8	0
4280	0x06001098	EndOfMatchScoreUIHelper/<ShowCampaignLevelBeatenRewards>d__98	EndOfMatchScoreUIHelper.<ShowCampaignLevelBeatenRewards>d__98::.ctor(int)	EndOfMatchScoreUIHelper::ShowCampaignLevelBeatenRewards	14	0	8	0
4281	0x06001099	EndOfMatchScoreUIHelper/<ShowCampaignLevelBeatenRewards>d__98	EndOfMatchScoreUIHelper.<ShowCampaignLevelBeatenRewards>d__98::System.IDisposable.Dispose()	EndOfMatchScoreUIHelper::ShowCampaignLevelBeatenRewards	29	1	2	1
4282	0x0600109A	EndOfMatchScoreUIHelper/<ShowCampaignLevelBeatenRewards>d__98	EndOfMatchScoreUIHelper.<ShowCampaignLevelBeatenRewards>d__98::MoveNext()	EndOfMatchScoreUIHelper::ShowCampaignLevelBeatenRewards	668	4	5	1
4283	0x0600109B	EndOfMatchScoreUIHelper/<ShowCampaignLevelBeatenRewards>d__98	EndOfMatchScoreUIHelper.<ShowCampaignLevelBeatenRewards>d__98::<>m__Finally1()	EndOfMatchScoreUIHelper::ShowCampaignLevelBeatenRewards	25	0	8	0
4284	0x0600109C	EndOfMatchScoreUIHelper/<ShowCampaignLevelBeatenRewards>d__98	EndOfMatchScoreUIHelper.<ShowCampaignLevelBeatenRewards>d__98::System.Collections.Generic.IEnumerator<System.Object>.get_Current()	EndOfMatchScoreUIHelper::ShowCampaignLevelBeatenRewards	7	0	8	0
4285	0x0600109D	EndOfMatchScoreUIHelper/<ShowCampaignLevelBeatenRewards>d__98	EndOfMatchScoreUIHelper.<ShowCampaignLevelBeatenRewards>d__98::System.Collections.IEnumerator.Reset()	EndOfMatchScoreUIHelper::ShowCampaignLevelBeatenRewards	6	0	8	0
4286	0x0600109E	EndOfMatchScoreUIHelper/<ShowCampaignLevelBeatenRewards>d__98	EndOfMatchScoreUIHelper.<ShowCampaignLevelBeatenRewards>d__98::System.Collections.IEnumerator.get_Current()	EndOfMatchScoreUIHelper::ShowCampaignLevelBeatenRewards	7	0	8	0
4287	0x0600109F	EndOfMatchScoreUIHelper/<UnrollScores>d__104	EndOfMatchScoreUIHelper.<UnrollScores>d__104::.ctor(int)	EndOfMatchScoreUIHelper::UnrollScores	14	0	8	0
4288	0x060010A0	EndOfMatchScoreUIHelper/<UnrollScores>d__104	EndOfMatchScoreUIHelper.<UnrollScores>d__104::System.IDisposable.Dispose()	EndOfMatchScoreUIHelper::UnrollScores	1	0	8	0
4289	0x060010A1	EndOfMatchScoreUIHelper/<UnrollScores>d__104	EndOfMatchScoreUIHelper.<UnrollScores>d__104::MoveNext()	EndOfMatchScoreUIHelper::UnrollScores	1323	2	6	0
4290	0x060010A2	EndOfMatchScoreUIHelper/<UnrollScores>d__104	EndOfMatchScoreUIHelper.<UnrollScores>d__104::System.Collections.Generic.IEnumerator<System.Object>.get_Current()	EndOfMatchScoreUIHelper::UnrollScores	7	0	8	0
4291	0x060010A3	EndOfMatchScoreUIHelper/<UnrollScores>d__104	EndOfMatchScoreUIHelper.<UnrollScores>d__104::System.Collections.IEnumerator.Reset()	EndOfMatchScoreUIHelper::UnrollScores	6	0	8	0
4292	0x060010A4	EndOfMatchScoreUIHelper/<UnrollScores>d__104	EndOfMatchScoreUIHelper.<UnrollScores>d__104::System.Collections.IEnumerator.get_Current()	EndOfMatchScoreUIHelper::UnrollScores	7	0	8	0
4293	0x060010A5	EndOfMatchUI	EndOfMatchUI::Start()	EndOfMatchUI::Start	81	0	3	0
4294	0x060010A6	EndOfMatchUI	EndOfMatchUI::GamestateHasChanged()	EndOfMatchUI::GamestateHasChanged	160	2	3	0
4295	0x060010A7	EndOfMatchUI	EndOfMatchUI::.ctor()	EndOfMatchUI::.ctor	7	0	8	0
4296	0x060010A8	EndscreenRetryHelper	EndscreenRetryHelper::InstantRestartIfInSaveForbiddenMap()	EndscreenRetryHelper::InstantRestartIfInSaveForbiddenMap	46	0	8	0
4297	0x060010A9	EndscreenRetryHelper	EndscreenRetryHelper::FreshStart()	EndscreenRetryHelper::FreshStart	13	0	8	0
4298	0x060010AA	EndscreenRetryHelper	EndscreenRetryHelper::RestartLastDay()	EndscreenRetryHelper::RestartLastDay	40	0	8	0
4299	0x060010AB	EndscreenRetryHelper	EndscreenRetryHelper::.ctor()	EndscreenRetryHelper::.ctor	7	0	8	0
4300	0x060010AC	EnemyScreenMarkerUIHelper	EnemyScreenMarkerUIHelper::SetElite(bool)	EnemyScreenMarkerUIHelper::SetElite	92	0	3	0
4301	0x060010AD	EnemyScreenMarkerUIHelper	EnemyScreenMarkerUIHelper::.ctor()	EnemyScreenMarkerUIHelper::.ctor	7	0	8	0
4302	0x060010AE	EnumSelector	EnumSelector::get_Index()	EnumSelector::get_Index	7	0	8	0
4303	0x060010AF	EnumSelector	EnumSelector::Start()	EnumSelector::Start	57	0	8	0
4304	0x060010B0	EnumSelector	EnumSelector::UpdateDisplay()	EnumSelector::UpdateDisplay	126	0	3	0
4305	0x060010B1	EnumSelector	EnumSelector::Navigate(ThronefallUIElement.NavigationDirection)	EnumSelector::Navigate	185	0	3	0
4306	0x060010B2	EnumSelector	EnumSelector::Increase()	EnumSelector::Increase	13	0	8	0
4307	0x060010B3	EnumSelector	EnumSelector::Decrease()	EnumSelector::Decrease	13	0	8	0
4308	0x060010B4	EnumSelector	EnumSelector::OnTFUIStateChange()	EnumSelector::OnTFUIStateChange	39	0	8	0
4309	0x060010B5	EnumSelector	EnumSelector::SetIndex(int)	EnumSelector::SetIndex	82	0	3	0
4310	0x060010B6	EnumSelector	EnumSelector::OnLinkedTFUINavigate()	EnumSelector::OnLinkedTFUINavigate	7	0	8	0
4311	0x060010B7	EnumSelector	EnumSelector::PropagateDelayedChange()	EnumSelector::PropagateDelayedChange	15	0	8	0
4312	0x060010B8	EnumSelector	EnumSelector::ApplyChanges()	EnumSelector::ApplyChanges	37	0	8	0
4313	0x060010B9	EnumSelector	EnumSelector::CancelChanges()	EnumSelector::CancelChanges	26	0	8	0
4314	0x060010BA	EnumSelector	EnumSelector::.ctor()	EnumSelector::.ctor	58	0	8	0
4315	0x060010BB	EnumSelectorButtonAnimation	EnumSelectorButtonAnimation::OnEnable()	EnumSelectorButtonAnimation::OnEnable	33	0	8	0
4316	0x060010BC	EnumSelectorButtonAnimation	EnumSelectorButtonAnimation::.ctor()	EnumSelectorButtonAnimation::.ctor	7	0	8	0
4317	0x060010BD	ETChoicePickScreen	ETChoicePickScreen::Start()	ETChoicePickScreen::Start	57	0	8	0
4318	0x060010BE	ETChoicePickScreen	ETChoicePickScreen::Update()	ETChoicePickScreen::Update	1	0	8	0
4319	0x060010BF	ETChoicePickScreen	ETChoicePickScreen::CheckForPerkDisable()	ETChoicePickScreen::CheckForPerkDisable	139	2	2	0
4320	0x060010C0	ETChoicePickScreen	ETChoicePickScreen::Activate()	ETChoicePickScreen::Activate	408	9	6	2
4321	0x060010C1	ETChoicePickScreen	ETChoicePickScreen::ConfirmChoice(MapChoice)	ETChoicePickScreen::ConfirmChoice	13	0	8	0
4322	0x060010C2	ETChoicePickScreen	ETChoicePickScreen::InitializeChoiceSelection()	ETChoicePickScreen::InitializeChoiceSelection	45	0	8	0
4323	0x060010C3	ETChoicePickScreen	ETChoicePickScreen::SelectNewChoice(ETMapChoiceDisplay,bool,bool)	ETChoicePickScreen::SelectNewChoice	164	3	3	0
4324	0x060010C4	ETChoicePickScreen	ETChoicePickScreen::OnTargetFrameFocusChange()	ETChoicePickScreen::OnTargetFrameFocusChange	92	1	4	0
4325	0x060010C5	ETChoicePickScreen	ETChoicePickScreen::OnTargetFrameSelectionChange()	ETChoicePickScreen::OnTargetFrameSelectionChange	92	1	4	0
4326	0x060010C6	ETChoicePickScreen	ETChoicePickScreen::RecomputeAllNavigation()	ETChoicePickScreen::RecomputeAllNavigation	1257	7	5	0
4327	0x060010C7	ETChoicePickScreen	ETChoicePickScreen::RecomputeCurrentLoadoutTFUINavigation()	ETChoicePickScreen::RecomputeCurrentLoadoutTFUINavigation	236	1	4	0
4328	0x060010C8	ETChoicePickScreen	ETChoicePickScreen::.ctor()	ETChoicePickScreen::.ctor	7	0	8	0
4329	0x060010C9	EternalTrialsHighscorePreview	EternalTrialsHighscorePreview::OnEnable()	EternalTrialsHighscorePreview::OnEnable	146	2	6	0
4330	0x060010CA	EternalTrialsHighscorePreview	EternalTrialsHighscorePreview::SubscribeToGameServices()	EternalTrialsHighscorePreview::SubscribeToGameServices	44	0	8	0
4331	0x060010CB	EternalTrialsHighscorePreview	EternalTrialsHighscorePreview::RefreshUI()	EternalTrialsHighscorePreview::RefreshUI	233	4	6	1
4332	0x060010CC	EternalTrialsHighscorePreview	EternalTrialsHighscorePreview::.ctor()	EternalTrialsHighscorePreview::.ctor	18	0	8	0
4333	0x060010CD	EternalTrialsLoadoutScreenHelper	EternalTrialsLoadoutScreenHelper::Play()	EternalTrialsLoadoutScreenHelper::Play	7	0	8	0
4334	0x060010CE	EternalTrialsLoadoutScreenHelper	EternalTrialsLoadoutScreenHelper::.ctor()	EternalTrialsLoadoutScreenHelper::.ctor	7	0	8	0
4335	0x060010CF	EternalTrialsMapPreview	EternalTrialsMapPreview::SetData(System.Collections.Generic.List<WaveInfo>,int)	EternalTrialsMapPreview::SetData	220	4	3	1
4336	0x060010D0	EternalTrialsMapPreview	EternalTrialsMapPreview::.ctor()	EternalTrialsMapPreview::.ctor	18	0	8	0
4337	0x060010D1	EternalTrialsSelectScreen	EternalTrialsSelectScreen::ContinueRun()	EternalTrialsSelectScreen::ContinueRun	42	0	8	0
4338	0x060010D2	EternalTrialsSelectScreen	EternalTrialsSelectScreen::NewRun()	EternalTrialsSelectScreen::NewRun	33	0	8	0
4339	0x060010D3	EternalTrialsSelectScreen	EternalTrialsSelectScreen::Refresh()	EternalTrialsSelectScreen::Refresh	181	0	2	0
4340	0x060010D4	EternalTrialsSelectScreen	EternalTrialsSelectScreen::.ctor()	EternalTrialsSelectScreen::.ctor	7	0	8	0
4341	0x060010D5	EternalTrialsStageCountDisplay	EternalTrialsStageCountDisplay::OnEnable()	EternalTrialsStageCountDisplay::OnEnable	7	0	8	0
4342	0x060010D6	EternalTrialsStageCountDisplay	EternalTrialsStageCountDisplay::Refresh()	EternalTrialsStageCountDisplay::Refresh	65	1	3	0
4343	0x060010D7	EternalTrialsStageCountDisplay	EternalTrialsStageCountDisplay::.ctor()	EternalTrialsStageCountDisplay::.ctor	7	0	8	0
4344	0x060010D8	ETMapChoiceDisplay	ETMapChoiceDisplay::get_Data()	ETMapChoiceDisplay::get_Data	7	0	8	0
4345	0x060010D9	ETMapChoiceDisplay	ETMapChoiceDisplay::SetData(MapChoice,ETChoicePickScreen)	ETMapChoiceDisplay::SetData	332	5	5	2
4346	0x060010DA	ETMapChoiceDisplay	ETMapChoiceDisplay::Confirm()	ETMapChoiceDisplay::Confirm	18	0	8	0
4347	0x060010DB	ETMapChoiceDisplay	ETMapChoiceDisplay::Select()	ETMapChoiceDisplay::Select	143	2	5	0
4348	0x060010DC	ETMapChoiceDisplay	ETMapChoiceDisplay::Unselect()	ETMapChoiceDisplay::Unselect	161	2	5	0
4349	0x060010DD	ETMapChoiceDisplay	ETMapChoiceDisplay::ScaleAnimation(UnityEngine.Vector3,UnityEngine.Vector3,float)	ETMapChoiceDisplay::ScaleAnimation	35	0	8	0
4350	0x060010DE	ETMapChoiceDisplay	ETMapChoiceDisplay::.ctor()	ETMapChoiceDisplay::.ctor	40	0	8	0
4351	0x060010DF	ETMapChoiceDisplay/MapIcon	ETMapChoiceDisplay.MapIcon::.ctor()	ETMapChoiceDisplay/MapIcon::.ctor	7	0	8	0
4352	0x060010E0	ETMapChoiceDisplay/<ScaleAnimation>d__22	ETMapChoiceDisplay.<ScaleAnimation>d__22::.ctor(int)	ETMapChoiceDisplay::ScaleAnimation	14	0	8	0
4353	0x060010E1	ETMapChoiceDisplay/<ScaleAnimation>d__22	ETMapChoiceDisplay.<ScaleAnimation>d__22::System.IDisposable.Dispose()	ETMapChoiceDisplay::ScaleAnimation	1	0	8	0
4354	0x060010E2	ETMapChoiceDisplay/<ScaleAnimation>d__22	ETMapChoiceDisplay.<ScaleAnimation>d__22::MoveNext()	ETMapChoiceDisplay::ScaleAnimation	198	2	7	0
4355	0x060010E3	ETMapChoiceDisplay/<ScaleAnimation>d__22	ETMapChoiceDisplay.<ScaleAnimation>d__22::System.Collections.Generic.IEnumerator<System.Object>.get_Current()	ETMapChoiceDisplay::ScaleAnimation	7	0	8	0
4356	0x060010E4	ETMapChoiceDisplay/<ScaleAnimation>d__22	ETMapChoiceDisplay.<ScaleAnimation>d__22::System.Collections.IEnumerator.Reset()	ETMapChoiceDisplay::ScaleAnimation	6	0	8	0
4357	0x060010E5	ETMapChoiceDisplay/<ScaleAnimation>d__22	ETMapChoiceDisplay.<ScaleAnimation>d__22::System.Collections.IEnumerator.get_Current()	ETMapChoiceDisplay::ScaleAnimation	7	0	8	0
4358	0x060010E6	GraphDrawer	GraphDrawer::Generate(string)	GraphDrawer::Generate	615	7	5	0
4359	0x060010E7	GraphDrawer	GraphDrawer::PlotList(System.Collections.Generic.List<int>,UnityEngine.Color)	GraphDrawer::PlotList	325	8	6	0
4360	0x060010E8	GraphDrawer	GraphDrawer::.ctor()	GraphDrawer::.ctor	7	0	8	0
4361	0x060010E9	HighscorePreviewUI	HighscorePreviewUI::OnEnable()	HighscorePreviewUI::OnEnable	166	2	6	0
4362	0x060010EA	HighscorePreviewUI	HighscorePreviewUI::SubscribeToGameServices()	HighscorePreviewUI::SubscribeToGameServices	44	0	8	0
4363	0x060010EB	HighscorePreviewUI	HighscorePreviewUI::RefreshUI()	HighscorePreviewUI::RefreshUI	233	4	6	1
4364	0x060010EC	HighscorePreviewUI	HighscorePreviewUI::.ctor()	HighscorePreviewUI::.ctor	18	0	8	0
4365	0x060010ED	HighscoreTable	HighscoreTable::UpdateLevelTitle()	HighscoreTable::UpdateLevelTitle	188	3	6	0
4366	0x060010EE	HighscoreTable	HighscoreTable::SetAndDownloadHighscoreTable(string)	HighscoreTable::SetAndDownloadHighscoreTable	207	1	4	0
4367	0x060010EF	HighscoreTable	HighscoreTable::OnEnable()	HighscoreTable::OnEnable	42	0	8	0
4368	0x060010F0	HighscoreTable	HighscoreTable::SubscribeToGameServices()	HighscoreTable::SubscribeToGameServices	71	0	3	0
4369	0x060010F1	HighscoreTable	HighscoreTable::LeaderboardError()	HighscoreTable::LeaderboardError	19	0	8	0
4370	0x060010F2	HighscoreTable	HighscoreTable::RefreshUI()	HighscoreTable::RefreshUI	373	6	5	1
4371	0x060010F3	HighscoreTable	HighscoreTable::.ctor()	HighscoreTable::.ctor	30	0	8	0
4372	0x060010F4	InGamePopUpHelper	InGamePopUpHelper::Awake()	InGamePopUpHelper::Awake	7	0	8	0
4373	0x060010F5	InGamePopUpHelper	InGamePopUpHelper::PopEternalTrials()	InGamePopUpHelper::PopEternalTrials	251	2	2	0
4374	0x060010F6	InGamePopUpHelper	InGamePopUpHelper::PopMiniModes()	InGamePopUpHelper::PopMiniModes	81	0	2	0
4375	0x060010F7	InGamePopUpHelper	InGamePopUpHelper::.ctor()	InGamePopUpHelper::.ctor	7	0	8	0
4376	0x060010F8	InGamePopUp	InGamePopUp::.ctor()	InGamePopUp::.ctor	7	0	8	0
4377	0x060010F9	InGameResignUIHelper	InGameResignUIHelper::Resign()	InGameResignUIHelper::Resign	49	0	4	1
4378	0x060010FA	InGameResignUIHelper	InGameResignUIHelper::.ctor()	InGameResignUIHelper::.ctor	7	0	8	0
4379	0x060010FB	InMatchResignHelper	InMatchResignHelper::TryResign()	InMatchResignHelper::TryResign	42	0	8	0
4380	0x060010FC	InMatchResignHelper	InMatchResignHelper::ApplyResign()	InMatchResignHelper::ApplyResign	24	0	8	0
4381	0x060010FD	InMatchResignHelper	InMatchResignHelper::TryBackToMap()	InMatchResignHelper::TryBackToMap	48	0	8	0
4382	0x060010FE	InMatchResignHelper	InMatchResignHelper::AppliedBackToMap()	InMatchResignHelper::AppliedBackToMap	11	0	8	0
4383	0x060010FF	InMatchResignHelper	InMatchResignHelper::.ctor()	InMatchResignHelper::.ctor	7	0	8	0
4384	0x06001100	InputActionGlyph	InputActionGlyph::.cctor()	InputActionGlyph::.cctor	114	0	4	0
4385	0x06001101	InputActionGlyph	InputActionGlyph::GetActionGlyph(string,InputActionGlyph.InputPriority,bool)	InputActionGlyph::GetActionGlyph	648	10	4	2
4386	0x06001102	InputActionGlyph	InputActionGlyph::GetGlyphFromElementMap(Rewired.ActionElementMap,bool)	InputActionGlyph::GetGlyphFromElementMap	1035	10	4	0
4387	0x06001103	InputActionGlyph	InputActionGlyph::PutIntoVoffset(string)	InputActionGlyph::PutIntoVoffset	17	0	8	0
4388	0x06001104	InputActionGlyph/<>c	InputActionGlyph.<>c::.cctor()	InputActionGlyph::.cctor	11	0	8	0
4389	0x06001105	InputActionGlyph/<>c	InputActionGlyph.<>c::.ctor()	InputActionGlyph::.ctor	7	0	8	0
4390	0x06001106	InputActionGlyph/<>c	InputActionGlyph.<>c::<GetActionGlyph>b__10_0(Rewired.ActionElementMap)	InputActionGlyph::GetActionGlyph	33	0	8	0
4391	0x06001107	InputActionGlyph/<>c	InputActionGlyph.<>c::<GetActionGlyph>b__10_1(Rewired.ActionElementMap)	InputActionGlyph::GetActionGlyph	33	0	8	0
4392	0x06001108	InputActionGlyph/<>c	InputActionGlyph.<>c::<GetActionGlyph>b__10_2(Rewired.ActionElementMap)	InputActionGlyph::GetActionGlyph	18	0	8	0
4393	0x06001109	InputActionGlyph/<>c	InputActionGlyph.<>c::<GetActionGlyph>b__10_3(Rewired.ActionElementMap)	InputActionGlyph::GetActionGlyph	18	0	8	0
4394	0x0600110A	KeyRebinder	KeyRebinder::get_player()	KeyRebinder::get_player	12	0	8	0
4395	0x0600110B	KeyRebinder	KeyRebinder::get_SelectedJoystick()	KeyRebinder::get_SelectedJoystick	7	0	8	0
4396	0x0600110C	KeyRebinder	KeyRebinder::get_KeyboardMap()	KeyRebinder::get_KeyboardMap	7	0	8	0
4397	0x0600110D	KeyRebinder	KeyRebinder::get_MouseMap()	KeyRebinder::get_MouseMap	7	0	8	0
4398	0x0600110E	KeyRebinder	KeyRebinder::get_JoystickMap()	KeyRebinder::get_JoystickMap	7	0	8	0
4399	0x0600110F	KeyRebinder	KeyRebinder::get_UICategoryId()	KeyRebinder::get_UICategoryId	16	0	8	0
4400	0x06001110	KeyRebinder	KeyRebinder::get_GameplayAlwaysCategoryId()	KeyRebinder::get_GameplayAlwaysCategoryId	16	0	8	0
4401	0x06001111	KeyRebinder	KeyRebinder::get_GameplayNotOverlappingCategoriesIds()	KeyRebinder::get_GameplayNotOverlappingCategoriesIds	50	4	3	0
4402	0x06001112	KeyRebinder	KeyRebinder::OnEnable()	KeyRebinder::OnEnable	474	0	3	0
4403	0x06001113	KeyRebinder	KeyRebinder::OnDisable()	KeyRebinder::OnDisable	35	0	8	0
4404	0x06001114	KeyRebinder	KeyRebinder::RegenerateButtons()	KeyRebinder::RegenerateButtons	943	14	4	3
4405	0x06001115	KeyRebinder	KeyRebinder::UpdateButtonLabels()	KeyRebinder::UpdateButtonLabels	52	1	1	1
4406	0x06001116	KeyRebinder	KeyRebinder::OnControllerConnectionChange(Rewired.ControllerStatusChangedEventArgs)	KeyRebinder::OnControllerConnectionChange	19	0	8	0
4407	0x06001117	KeyRebinder	KeyRebinder::RefreshAllMaps()	KeyRebinder::RefreshAllMaps	176	3	2	2
4408	0x06001118	KeyRebinder	KeyRebinder::RefreshSelectedJoystickAndLoadMap()	KeyRebinder::RefreshSelectedJoystickAndLoadMap	138	1	5	0
4409	0x06001119	KeyRebinder	KeyRebinder::RefreshControllerPickOptions()	KeyRebinder::RefreshControllerPickOptions	202	2	9	1
4410	0x0600111A	KeyRebinder	KeyRebinder::OnControllerSelectionChange()	KeyRebinder::OnControllerSelectionChange	13	0	8	0
4411	0x0600111B	KeyRebinder	KeyRebinder::TriggerRebind(Rewired.InputAction,Rewired.ActionElementMap,Rewired.ActionElementMap,Rewired.ActionElementMap,ControlMapButton.AxisMode)	KeyRebinder::TriggerRebind	72	0	7	0
4412	0x0600111C	KeyRebinder	KeyRebinder::ListenForRebind(Rewired.InputAction,Rewired.ActionElementMap,Rewired.ActionElementMap,Rewired.ActionElementMap,ControlMapButton.AxisMode)	KeyRebinder::ListenForRebind	51	0	8	0
4413	0x0600111D	KeyRebinder	KeyRebinder::OnInputMapped(Rewired.InputMapper.InputMappedEventData)	KeyRebinder::OnInputMapped	8	0	8	0
4414	0x0600111E	KeyRebinder	KeyRebinder::OnBindConflict(Rewired.InputMapper.ConflictFoundEventData)	KeyRebinder::OnBindConflict	461	13	2	5
4415	0x0600111F	KeyRebinder	KeyRebinder::TriggerControlsReset()	KeyRebinder::TriggerControlsReset	84	0	2	0
4416	0x06001120	KeyRebinder	KeyRebinder::.ctor()	KeyRebinder::.ctor	68	0	5	0
4417	0x06001121	KeyRebinder/<ListenForRebind>d__50	KeyRebinder.<ListenForRebind>d__50::.ctor(int)	KeyRebinder::ListenForRebind	14	0	8	0
4418	0x06001122	KeyRebinder/<ListenForRebind>d__50	KeyRebinder.<ListenForRebind>d__50::System.IDisposable.Dispose()	KeyRebinder::ListenForRebind	1	0	8	0
4419	0x06001123	KeyRebinder/<ListenForRebind>d__50	KeyRebinder.<ListenForRebind>d__50::MoveNext()	KeyRebinder::ListenForRebind	764	8	4	2
4420	0x06001124	KeyRebinder/<ListenForRebind>d__50	KeyRebinder.<ListenForRebind>d__50::System.Collections.Generic.IEnumerator<System.Object>.get_Current()	KeyRebinder::ListenForRebind	7	0	8	0
4421	0x06001125	KeyRebinder/<ListenForRebind>d__50	KeyRebinder.<ListenForRebind>d__50::System.Collections.IEnumerator.Reset()	KeyRebinder::ListenForRebind	6	0	8	0
4422	0x06001126	KeyRebinder/<ListenForRebind>d__50	KeyRebinder.<ListenForRebind>d__50::System.Collections.IEnumerator.get_Current()	KeyRebinder::ListenForRebind	7	0	8	0
4423	0x06001127	LevelNameDisplay	LevelNameDisplay::UpdateLevelTitle()	LevelNameDisplay::UpdateLevelTitle	164	2	5	0
4424	0x06001128	LevelNameDisplay	LevelNameDisplay::.ctor()	LevelNameDisplay::.ctor	18	0	8	0
4425	0x06001129	LevelSelectUIFrameHelper	LevelSelectUIFrameHelper::OnShow()	LevelSelectUIFrameHelper::OnShow	198	0	2	0
4426	0x0600112A	LevelSelectUIFrameHelper	LevelSelectUIFrameHelper::TransitionToSelectedLevel()	LevelSelectUIFrameHelper::TransitionToSelectedLevel	27	0	8	0
4427	0x0600112B	LevelSelectUIFrameHelper	LevelSelectUIFrameHelper::SetOverrideSave(bool)	LevelSelectUIFrameHelper::SetOverrideSave	7	0	8	0
4428	0x0600112C	LevelSelectUIFrameHelper	LevelSelectUIFrameHelper::.ctor()	LevelSelectUIFrameHelper::.ctor	7	0	8	0
4429	0x0600112D	LevelUpScreenAnimation	LevelUpScreenAnimation::Trigger()	LevelUpScreenAnimation::Trigger	20	0	8	0
4430	0x0600112E	LevelUpScreenAnimation	LevelUpScreenAnimation::Animation()	LevelUpScreenAnimation::Animation	14	0	8	0
4431	0x0600112F	LevelUpScreenAnimation	LevelUpScreenAnimation::.ctor()	LevelUpScreenAnimation::.ctor	18	0	8	0
4432	0x06001130	LevelUpScreenAnimation/<Animation>d__4	LevelUpScreenAnimation.<Animation>d__4::.ctor(int)	LevelUpScreenAnimation::Animation	14	0	8	0
4433	0x06001131	LevelUpScreenAnimation/<Animation>d__4	LevelUpScreenAnimation.<Animation>d__4::System.IDisposable.Dispose()	LevelUpScreenAnimation::Animation	1	0	8	0
4434	0x06001132	LevelUpScreenAnimation/<Animation>d__4	LevelUpScreenAnimation.<Animation>d__4::MoveNext()	LevelUpScreenAnimation::Animation	170	2	6	0
4435	0x06001133	LevelUpScreenAnimation/<Animation>d__4	LevelUpScreenAnimation.<Animation>d__4::System.Collections.Generic.IEnumerator<System.Object>.get_Current()	LevelUpScreenAnimation::Animation	7	0	8	0
4436	0x06001134	LevelUpScreenAnimation/<Animation>d__4	LevelUpScreenAnimation.<Animation>d__4::System.Collections.IEnumerator.Reset()	LevelUpScreenAnimation::Animation	6	0	8	0
4437	0x06001135	LevelUpScreenAnimation/<Animation>d__4	LevelUpScreenAnimation.<Animation>d__4::System.Collections.IEnumerator.get_Current()	LevelUpScreenAnimation::Animation	7	0	8	0
4438	0x06001136	LoadoutUIHelper	LoadoutUIHelper::get_GetLevelData()	LoadoutUIHelper::get_GetLevelData	10	0	8	0
4439	0x06001137	LoadoutUIHelper	LoadoutUIHelper::get_DrawQuests()	LoadoutUIHelper::get_DrawQuests	10	0	8	0
4440	0x06001138	LoadoutUIHelper	LoadoutUIHelper::get_DrawMutators()	LoadoutUIHelper::get_DrawMutators	10	0	8	0
4441	0x06001139	LoadoutUIHelper	LoadoutUIHelper::get_HasFixedLoadout()	LoadoutUIHelper::get_HasFixedLoadout	36	0	8	0
4442	0x0600113A	LoadoutUIHelper	LoadoutUIHelper::get_UnequipAllBesidesWeaponsOnStart()	LoadoutUIHelper::get_UnequipAllBesidesWeaponsOnStart	10	0	8	0
4443	0x0600113B	LoadoutUIHelper	LoadoutUIHelper::get_LoadoutWorth()	LoadoutUIHelper::get_LoadoutWorth	12	0	8	0
4444	0x0600113C	LoadoutUIHelper	LoadoutUIHelper::OnShow()	LoadoutUIHelper::OnShow	1234	9	3	5
4445	0x0600113D	LoadoutUIHelper	LoadoutUIHelper::AddTFUIEquippable(UnityEngine.UI.GridLayoutGroup,Equippable)	LoadoutUIHelper::AddTFUIEquippable	368	2	5	0
4446	0x0600113E	LoadoutUIHelper	LoadoutUIHelper::TrySelectEquippableForLoadout()	LoadoutUIHelper::TrySelectEquippableForLoadout	552	7	3	1
4447	0x0600113F	LoadoutUIHelper	LoadoutUIHelper::RecomputeNavigation()	LoadoutUIHelper::RecomputeNavigation	378	1	7	0
4448	0x06001140	LoadoutUIHelper	LoadoutUIHelper::RewriteQuestTexts()	LoadoutUIHelper::RewriteQuestTexts	212	6	5	1
4449	0x06001141	LoadoutUIHelper	LoadoutUIHelper::UpdatePerkPointsRemainingText()	LoadoutUIHelper::UpdatePerkPointsRemainingText	207	1	9	0
4450	0x06001142	LoadoutUIHelper	LoadoutUIHelper::UpdateMutatorBonusText()	LoadoutUIHelper::UpdateMutatorBonusText	248	4	9	1
4451	0x06001143	LoadoutUIHelper	LoadoutUIHelper::AssignNavigationTargets(System.Collections.Generic.List<TFUIEquippable>,ThronefallUIElement,System.Collections.Generic.List<TFUIEquippable>,ThronefallUIElement,System.Collections.Generic.List<TFUIEquippable>,int)	LoadoutUIHelper::AssignNavigationTargets	474	10	4	0
4452	0x06001144	LoadoutUIHelper	LoadoutUIHelper::ResetToBufferedLoadout()	LoadoutUIHelper::ResetToBufferedLoadout	119	1	2	2
4453	0x06001145	LoadoutUIHelper	LoadoutUIHelper::.ctor()	LoadoutUIHelper::.ctor	102	0	2	0
4454	0x06001146	LvlSelectTabButton	LvlSelectTabButton::Start()	LvlSelectTabButton::Start	30	0	8	0
4455	0x06001147	LvlSelectTabButton	LvlSelectTabButton::OnPointerEnter(UnityEngine.EventSystems.PointerEventData)	LvlSelectTabButton::OnPointerEnter	8	0	8	0
4456	0x06001148	LvlSelectTabButton	LvlSelectTabButton::OnPointerExit(UnityEngine.EventSystems.PointerEventData)	LvlSelectTabButton::OnPointerExit	8	0	8	0
4457	0x06001149	LvlSelectTabButton	LvlSelectTabButton::Update()	LvlSelectTabButton::Update	74	0	2	0
4458	0x0600114A	LvlSelectTabButton	LvlSelectTabButton::.ctor()	LvlSelectTabButton::.ctor	7	0	8	0
4459	0x0600114B	MinimapUIHelper	MinimapUIHelper::Update()	MinimapUIHelper::Update	145	0	2	0
4460	0x0600114C	MinimapUIHelper	MinimapUIHelper::.ctor()	MinimapUIHelper::.ctor	7	0	8	0
4461	0x0600114D	ModeRulesDisplay	ModeRulesDisplay::Refresh()	ModeRulesDisplay::Refresh	184	2	5	0
4462	0x0600114E	ModeRulesDisplay	ModeRulesDisplay::.ctor()	ModeRulesDisplay::.ctor	7	0	8	0
4463	0x0600114F	NightCall	NightCall::Awake()	NightCall::Awake	7	0	8	0
4464	0x06001150	NightCall	NightCall::Start()	NightCall::Start	95	0	3	0
4465	0x06001151	NightCall	NightCall::Update()	NightCall::Update	7	0	8	0
4466	0x06001152	NightCall	NightCall::UpdateFill()	NightCall::UpdateFill	700	1	6	0
4467	0x06001153	NightCall	NightCall::OnDawn_AfterSunrise()	NightCall::OnDawn_AfterSunrise	148	0	2	0
4468	0x06001154	NightCall	NightCall::OnDawn_BeforeSunrise()	NightCall::OnDawn_BeforeSunrise	1	0	8	0
4469	0x06001155	NightCall	NightCall::OnDusk()	NightCall::OnDusk	1	0	8	0
4470	0x06001156	NightCall	NightCall::OnDuskEarly()	NightCall::OnDuskEarly	1	0	8	0
4471	0x06001157	NightCall	NightCall::.ctor()	NightCall::.ctor	25	0	8	0
4472	0x06001158	NightPreviewElement	NightPreviewElement::SetData(WaveInfo)	NightPreviewElement::SetData	297	4	4	1
4473	0x06001159	NightPreviewElement	NightPreviewElement::OnEnable()	NightPreviewElement::OnEnable	17	0	8	0
4474	0x0600115A	NightPreviewElement	NightPreviewElement::.ctor()	NightPreviewElement::.ctor	18	0	8	0
4475	0x0600115B	NightPreviewElement/<>c	NightPreviewElement.<>c::.cctor()	NightPreviewElement::.cctor	11	0	8	0
4476	0x0600115C	NightPreviewElement/<>c	NightPreviewElement.<>c::.ctor()	NightPreviewElement::.ctor	7	0	8	0
4477	0x0600115D	NightPreviewElement/<>c	NightPreviewElement.<>c::<SetData>b__3_0(WaveEnemyInfo)	NightPreviewElement::SetData	7	0	8	0
4478	0x0600115E	NightscoreUI	NightscoreUI::Awake()	NightscoreUI::Awake	7	0	8	0
4479	0x0600115F	NightscoreUI	NightscoreUI::Start()	NightscoreUI::Start	67	0	3	0
4480	0x06001160	NightscoreUI	NightscoreUI::StopPointFillSoundOnPause()	NightscoreUI::StopPointFillSoundOnPause	12	0	8	0
4481	0x06001161	NightscoreUI	NightscoreUI::ShowNightScore(int,int,float,int)	NightscoreUI::ShowNightScore	73	0	6	0
4482	0x06001162	NightscoreUI	NightscoreUI::HideNightScore()	NightscoreUI::HideNightScore	38	0	8	0
4483	0x06001163	NightscoreUI	NightscoreUI::PlayPopUpAnimation(int,int,float,int)	NightscoreUI::PlayPopUpAnimation	43	0	8	0
4484	0x06001164	NightscoreUI	NightscoreUI::PlayHideAnimation()	NightscoreUI::PlayHideAnimation	14	0	8	0
4485	0x06001165	NightscoreUI	NightscoreUI::.ctor()	NightscoreUI::.ctor	40	0	8	0
4486	0x06001166	NightscoreUI/<PlayHideAnimation>d__33	NightscoreUI.<PlayHideAnimation>d__33::.ctor(int)	NightscoreUI::PlayHideAnimation	14	0	8	0
4487	0x06001167	NightscoreUI/<PlayHideAnimation>d__33	NightscoreUI.<PlayHideAnimation>d__33::System.IDisposable.Dispose()	NightscoreUI::PlayHideAnimation	1	0	8	0
4488	0x06001168	NightscoreUI/<PlayHideAnimation>d__33	NightscoreUI.<PlayHideAnimation>d__33::MoveNext()	NightscoreUI::PlayHideAnimation	1260	2	7	0
4489	0x06001169	NightscoreUI/<PlayHideAnimation>d__33	NightscoreUI.<PlayHideAnimation>d__33::System.Collections.Generic.IEnumerator<System.Object>.get_Current()	NightscoreUI::PlayHideAnimation	7	0	8	0
4490	0x0600116A	NightscoreUI/<PlayHideAnimation>d__33	NightscoreUI.<PlayHideAnimation>d__33::System.Collections.IEnumerator.Reset()	NightscoreUI::PlayHideAnimation	6	0	8	0
4491	0x0600116B	NightscoreUI/<PlayHideAnimation>d__33	NightscoreUI.<PlayHideAnimation>d__33::System.Collections.IEnumerator.get_Current()	NightscoreUI::PlayHideAnimation	7	0	8	0
4492	0x0600116C	NightscoreUI/<PlayPopUpAnimation>d__32	NightscoreUI.<PlayPopUpAnimation>d__32::.ctor(int)	NightscoreUI::PlayPopUpAnimation	14	0	8	0
4493	0x0600116D	NightscoreUI/<PlayPopUpAnimation>d__32	NightscoreUI.<PlayPopUpAnimation>d__32::System.IDisposable.Dispose()	NightscoreUI::PlayPopUpAnimation	1	0	8	0
4494	0x0600116E	NightscoreUI/<PlayPopUpAnimation>d__32	NightscoreUI.<PlayPopUpAnimation>d__32::MoveNext()	NightscoreUI::PlayPopUpAnimation	2803	3	9	0
4495	0x0600116F	NightscoreUI/<PlayPopUpAnimation>d__32	NightscoreUI.<PlayPopUpAnimation>d__32::System.Collections.Generic.IEnumerator<System.Object>.get_Current()	NightscoreUI::PlayPopUpAnimation	7	0	8	0
4496	0x06001170	NightscoreUI/<PlayPopUpAnimation>d__32	NightscoreUI.<PlayPopUpAnimation>d__32::System.Collections.IEnumerator.Reset()	NightscoreUI::PlayPopUpAnimation	6	0	8	0
4497	0x06001171	NightscoreUI/<PlayPopUpAnimation>d__32	NightscoreUI.<PlayPopUpAnimation>d__32::System.Collections.IEnumerator.get_Current()	NightscoreUI::PlayPopUpAnimation	7	0	8	0
4498	0x06001172	NightWavePreviewCycleButton	NightWavePreviewCycleButton::Increase()	NightWavePreviewCycleButton::Increase	52	0	8	0
4499	0x06001173	NightWavePreviewCycleButton	NightWavePreviewCycleButton::Decrease()	NightWavePreviewCycleButton::Decrease	52	0	8	0
4500	0x06001174	NightWavePreviewCycleButton	NightWavePreviewCycleButton::ProcessNavigate(ThronefallUIElement.NavigationDirection)	NightWavePreviewCycleButton::ProcessNavigate	21	0	8	0
4501	0x06001175	NightWavePreviewCycleButton	NightWavePreviewCycleButton::.ctor()	NightWavePreviewCycleButton::.ctor	7	0	8	0
4502	0x06001176	OverworldPauseFrame	OverworldPauseFrame::get_IsInDLCLevelSelect()	OverworldPauseFrame::get_IsInDLCLevelSelect	7	0	8	0
4503	0x06001177	OverworldPauseFrame	OverworldPauseFrame::SetIsInDLCLevelSelect(bool)	OverworldPauseFrame::SetIsInDLCLevelSelect	25	0	8	0
4504	0x06001178	OverworldPauseFrame	OverworldPauseFrame::.ctor()	OverworldPauseFrame::.ctor	7	0	8	0
4505	0x06001179	PauseBackToMenuHelper	PauseBackToMenuHelper::BackToMenu()	PauseBackToMenuHelper::BackToMenu	11	0	8	0
4506	0x0600117A	PauseBackToMenuHelper	PauseBackToMenuHelper::.ctor()	PauseBackToMenuHelper::.ctor	7	0	8	0
4507	0x0600117B	PauseUILoadoutHelper	PauseUILoadoutHelper::OnEnable()	PauseUILoadoutHelper::OnEnable	84	0	3	0
4508	0x0600117C	PauseUILoadoutHelper	PauseUILoadoutHelper::CycleNightPreview(int)	PauseUILoadoutHelper::CycleNightPreview	81	0	3	0
4509	0x0600117D	PauseUILoadoutHelper	PauseUILoadoutHelper::OnFrameSelectionChange()	PauseUILoadoutHelper::OnFrameSelectionChange	87	0	2	0
4510	0x0600117E	PauseUILoadoutHelper	PauseUILoadoutHelper::Refresh()	PauseUILoadoutHelper::Refresh	414	10	3	5
4511	0x0600117F	PauseUILoadoutHelper	PauseUILoadoutHelper::RefreshOnlyPlayerPreview()	PauseUILoadoutHelper::RefreshOnlyPlayerPreview	208	5	3	2
4512	0x06001180	PauseUILoadoutHelper	PauseUILoadoutHelper::RefreshOnlyEnemyPreview()	PauseUILoadoutHelper::RefreshOnlyEnemyPreview	770	9	12	2
4513	0x06001181	PauseUILoadoutHelper	PauseUILoadoutHelper::AddTFUIEquippable(UnityEngine.UI.GridLayoutGroup,Equippable)	PauseUILoadoutHelper::AddTFUIEquippable	43	1	2	0
4514	0x06001182	PauseUILoadoutHelper	PauseUILoadoutHelper::AddTFUIEnemey(UnityEngine.UI.GridLayoutGroup,WaveEnemyInfo)	PauseUILoadoutHelper::AddTFUIEnemey	38	1	2	0
4515	0x06001183	PauseUILoadoutHelper	PauseUILoadoutHelper::AddIncomePreview(UnityEngine.UI.GridLayoutGroup)	PauseUILoadoutHelper::AddIncomePreview	43	1	2	0
4516	0x06001184	PauseUILoadoutHelper	PauseUILoadoutHelper::AddTFUIPlayerUnit(UnityEngine.UI.GridLayoutGroup,UnitInfo)	PauseUILoadoutHelper::AddTFUIPlayerUnit	38	1	2	0
4517	0x06001185	PauseUILoadoutHelper	PauseUILoadoutHelper::AssignNavigationTargets()	PauseUILoadoutHelper::AssignNavigationTargets	283	3	8	0
4518	0x06001186	PauseUILoadoutHelper	PauseUILoadoutHelper::CalculateGridNavigation(System.Collections.Generic.List<ThronefallUIElement>,ThronefallUIElement,ThronefallUIElement,ThronefallUIElement,bool,bool,bool)	PauseUILoadoutHelper::CalculateGridNavigation	572	7	6	0
4519	0x06001187	PauseUILoadoutHelper	PauseUILoadoutHelper::.ctor()	PauseUILoadoutHelper::.ctor	54	0	8	0
4520	0x06001188	PerkSelectionTooltipHelper	PerkSelectionTooltipHelper::OnSelection()	PerkSelectionTooltipHelper::OnSelection	205	4	2	0
4521	0x06001189	PerkSelectionTooltipHelper	PerkSelectionTooltipHelper::OnFocus()	PerkSelectionTooltipHelper::OnFocus	211	4	2	0
4522	0x0600118A	PerkSelectionTooltipHelper	PerkSelectionTooltipHelper::UpdateTooltip()	PerkSelectionTooltipHelper::UpdateTooltip	1522	6	5	0
4523	0x0600118B	PerkSelectionTooltipHelper	PerkSelectionTooltipHelper::SetEnemySprite(WaveEnemyInfo)	PerkSelectionTooltipHelper::SetEnemySprite	73	0	2	0
4524	0x0600118C	PerkSelectionTooltipHelper	PerkSelectionTooltipHelper::.ctor()	PerkSelectionTooltipHelper::.ctor	7	0	8	0
4525	0x0600118D	PhysicalCoinAnimator	PhysicalCoinAnimator::Awake()	PhysicalCoinAnimator::Awake	17	0	8	0
4526	0x0600118E	PhysicalCoinAnimator	PhysicalCoinAnimator::Update()	PhysicalCoinAnimator::Update	100	0	5	0
4527	0x0600118F	PhysicalCoinAnimator	PhysicalCoinAnimator::.ctor()	PhysicalCoinAnimator::.ctor	18	0	8	0
4528	0x06001190	QuestConditionEquippable	QuestConditionEquippable::SetData(Equippable)	QuestConditionEquippable::SetData	93	0	2	0
4529	0x06001191	QuestConditionEquippable	QuestConditionEquippable::.ctor()	QuestConditionEquippable::.ctor	7	0	8	0
4530	0x06001192	QuestEntry	QuestEntry::Init(Quest,int,bool)	QuestEntry::Init	673	5	6	2
4531	0x06001193	QuestEntry	QuestEntry::.ctor()	QuestEntry::.ctor	7	0	8	0
4532	0x06001194	QuestMenu	QuestMenu::UpdateVisualization(LevelData,System.Collections.Generic.List<Quest>)	QuestMenu::UpdateVisualization	74	2	3	0
4533	0x06001195	QuestMenu	QuestMenu::.ctor()	QuestMenu::.ctor	7	0	8	0
4534	0x06001196	QuestOverallProgressDisplay	QuestOverallProgressDisplay::Start()	QuestOverallProgressDisplay::Start	12	0	8	0
4535	0x06001197	QuestOverallProgressDisplay	QuestOverallProgressDisplay::Update()	QuestOverallProgressDisplay::Update	336	3	6	1
4536	0x06001198	QuestOverallProgressDisplay	QuestOverallProgressDisplay::.ctor()	QuestOverallProgressDisplay::.ctor	29	0	8	0
4537	0x06001199	QuestTagUI	QuestTagUI::UpdateVisualization(Quest,LevelData)	QuestTagUI::UpdateVisualization	780	2	3	0
4538	0x0600119A	QuestTagUI	QuestTagUI::.ctor()	QuestTagUI::.ctor	51	0	8	0
4539	0x0600119B	RangeIndicatorHandler	RangeIndicatorHandler::Awake()	RangeIndicatorHandler::Awake	27	0	8	0
4540	0x0600119C	RangeIndicatorHandler	RangeIndicatorHandler::Update()	RangeIndicatorHandler::Update	1425	17	4	10
4541	0x0600119D	RangeIndicatorHandler	RangeIndicatorHandler::ShowIndicator(UnityEngine.Vector3,float,UnityEngine.GameObject,RangeIndicatorHandler.IndicatorType)	RangeIndicatorHandler::ShowIndicator	264	3	4	0
4542	0x0600119E	RangeIndicatorHandler	RangeIndicatorHandler::HideIndicator(UnityEngine.GameObject,RangeIndicatorHandler.IndicatorType)	RangeIndicatorHandler::HideIndicator	217	0	2	0
4543	0x0600119F	RangeIndicatorHandler	RangeIndicatorHandler::OnDisable()	RangeIndicatorHandler::OnDisable	330	5	2	4
4544	0x060011A0	RangeIndicatorHandler	RangeIndicatorHandler::.ctor()	RangeIndicatorHandler::.ctor	117	0	2	0
4545	0x060011A1	RangeIndicatorHandler/IndicatorHandle	RangeIndicatorHandler.IndicatorHandle::.ctor(UnityEngine.GameObject)	RangeIndicatorHandler/IndicatorHandle::.ctor	64	0	3	0
4546	0x060011A2	ResetControlsHelper	ResetControlsHelper::TriggerOpenPanel()	ResetControlsHelper::TriggerOpenPanel	6	0	8	0
4547	0x060011A3	ResetControlsHelper	ResetControlsHelper::.ctor()	ResetControlsHelper::.ctor	7	0	8	0
4548	0x060011A4	ResetLoadoutOnCancel	ResetLoadoutOnCancel::OnShow()	ResetLoadoutOnCancel::OnShow	8	0	8	0
4549	0x060011A5	ResetLoadoutOnCancel	ResetLoadoutOnCancel::OnDeactivate()	ResetLoadoutOnCancel::OnDeactivate	20	0	8	0
4550	0x060011A6	ResetLoadoutOnCancel	ResetLoadoutOnCancel::LockInLoadout()	ResetLoadoutOnCancel::LockInLoadout	8	0	8	0
4551	0x060011A7	ResetLoadoutOnCancel	ResetLoadoutOnCancel::.ctor()	ResetLoadoutOnCancel::.ctor	7	0	8	0
4552	0x060011A8	RevivePanel	RevivePanel::Update()	RevivePanel::Update	117	2	4	0
4553	0x060011A9	RevivePanel	RevivePanel::.ctor()	RevivePanel::.ctor	7	0	8	0
4554	0x060011AA	ScoreTag	ScoreTag::SetNameAndScore(string,int,int,bool)	ScoreTag::SetNameAndScore	72	0	3	0
4555	0x060011AB	ScoreTag	ScoreTag::.ctor()	ScoreTag::.ctor	7	0	8	0
4556	0x060011AC	ScreenMarkerCanvasHelper	ScreenMarkerCanvasHelper::get_Height()	ScreenMarkerCanvasHelper::get_Height	17	0	8	0
4557	0x060011AD	ScreenMarkerCanvasHelper	ScreenMarkerCanvasHelper::Awake()	ScreenMarkerCanvasHelper::Awake	20	0	8	0
4558	0x060011AE	ScreenMarkerCanvasHelper	ScreenMarkerCanvasHelper::.ctor()	ScreenMarkerCanvasHelper::.ctor	7	0	8	0
4559	0x060011AF	ScrollArea	ScrollArea::Start()	ScrollArea::Start	35	0	8	0
4560	0x060011B0	ScrollArea	ScrollArea::Update()	ScrollArea::Update	483	3	7	0
4561	0x060011B1	ScrollArea	ScrollArea::OnNewSelection()	ScrollArea::OnNewSelection	80	2	4	0
4562	0x060011B2	ScrollArea	ScrollArea::OnDragStart()	ScrollArea::OnDragStart	13	0	8	0
4563	0x060011B3	ScrollArea	ScrollArea::OnDrag(UnityEngine.Vector2)	ScrollArea::OnDrag	8	0	8	0
4564	0x060011B4	ScrollArea	ScrollArea::OnDragEnd()	ScrollArea::OnDragEnd	1	0	8	0
4565	0x060011B5	ScrollArea	ScrollArea::SetValueByScreenPoint(UnityEngine.Vector2)	ScrollArea::SetValueByScreenPoint	161	2	4	0
4566	0x060011B6	ScrollArea	ScrollArea::.ctor()	ScrollArea::.ctor	36	0	8	0
4567	0x060011B7	ScrollElementID	ScrollElementID::.ctor()	ScrollElementID::.ctor	7	0	8	0
4568	0x060011B8	SelectUnitUI	SelectUnitUI::UpdateState(bool,UnityEngine.Sprite,float)	SelectUnitUI::UpdateState	48	0	8	0
4569	0x060011B9	SelectUnitUI	SelectUnitUI::.ctor()	SelectUnitUI::.ctor	7	0	8	0
4570	0x060011BA	SettingsUIHelper	SettingsUIHelper::Awake()	SettingsUIHelper::Awake	232	0	3	0
4571	0x060011BB	SettingsUIHelper	SettingsUIHelper::RecomputeAllNavigation()	SettingsUIHelper::RecomputeAllNavigation	56	0	8	0
4572	0x060011BC	SettingsUIHelper	SettingsUIHelper::OnShow()	SettingsUIHelper::OnShow	38	0	8	0
4573	0x060011BD	SettingsUIHelper	SettingsUIHelper::OnSelect()	SettingsUIHelper::OnSelect	121	1	3	0
4574	0x060011BE	SettingsUIHelper	SettingsUIHelper::OnDisable()	SettingsUIHelper::OnDisable	11	0	8	0
4575	0x060011BF	SettingsUIHelper	SettingsUIHelper::.ctor()	SettingsUIHelper::.ctor	18	0	8	0
4576	0x060011C0	SettingsUIHelper/SettingsTab	SettingsUIHelper.SettingsTab::ComputeNavigationForSettingsTab()	SettingsUIHelper/SettingsTab::ComputeNavigationForSettingsTab	240	6	4	1
4577	0x060011C1	SettingsUIHelper/SettingsTab	SettingsUIHelper.SettingsTab::.ctor()	SettingsUIHelper/SettingsTab::.ctor	7	0	8	0
4578	0x060011C2	SetWidthToTarget	SetWidthToTarget::Awake()	SetWidthToTarget::Awake	75	0	3	0
4579	0x060011C3	SetWidthToTarget	SetWidthToTarget::Update()	SetWidthToTarget::Update	151	0	4	0
4580	0x060011C4	SetWidthToTarget	SetWidthToTarget::.ctor()	SetWidthToTarget::.ctor	18	0	8	0
4581	0x060011C5	SizeRectangleToMeshBounds	SizeRectangleToMeshBounds::OnEnable()	SizeRectangleToMeshBounds::OnEnable	102	1	5	0
4582	0x060011C6	SizeRectangleToMeshBounds	SizeRectangleToMeshBounds::.ctor()	SizeRectangleToMeshBounds::.ctor	29	0	8	0
4583	0x060011C7	SteamInfoOverlay	SteamInfoOverlay::get_Instance()	SteamInfoOverlay::get_Instance	2	0	8	0
4584	0x060011C8	SteamInfoOverlay	SteamInfoOverlay::.ctor()	SteamInfoOverlay::.ctor	7	0	8	0
4585	0x060011C9	TextBackgroundFitter	TextBackgroundFitter::OnEnable()	TextBackgroundFitter::OnEnable	122	0	5	0
4586	0x060011CA	TextBackgroundFitter	TextBackgroundFitter::.ctor()	TextBackgroundFitter::.ctor	7	0	8	0
4587	0x060011CB	TextMirror	TextMirror::Update()	TextMirror::Update	23	0	8	0
4588	0x060011CC	TextMirror	TextMirror::.ctor()	TextMirror::.ctor	7	0	8	0
4589	0x060011CD	TFUIAudioHelper	TFUIAudioHelper::get_selected()	TFUIAudioHelper::get_selected	64	0	2	0
4590	0x060011CE	TFUIAudioHelper	TFUIAudioHelper::Start()	TFUIAudioHelper::Start	91	0	3	0
4591	0x060011CF	TFUIAudioHelper	TFUIAudioHelper::PlayApply()	TFUIAudioHelper::PlayApply	12	0	8	0
4592	0x060011D0	TFUIAudioHelper	TFUIAudioHelper::PlaySelect()	TFUIAudioHelper::PlaySelect	20	0	8	0
4593	0x060011D1	TFUIAudioHelper	TFUIAudioHelper::.ctor()	TFUIAudioHelper::.ctor	23	0	8	0
4594	0x060011D2	TFUIBlockoutElement	TFUIBlockoutElement::OnEnable()	TFUIBlockoutElement::OnEnable	69	0	2	0
4595	0x060011D3	TFUIBlockoutElement	TFUIBlockoutElement::OnApply()	TFUIBlockoutElement::OnApply	12	0	8	0
4596	0x060011D4	TFUIBlockoutElement	TFUIBlockoutElement::OnClear()	TFUIBlockoutElement::OnClear	12	0	8	0
4597	0x060011D5	TFUIBlockoutElement	TFUIBlockoutElement::OnFocus()	TFUIBlockoutElement::OnFocus	12	0	8	0
4598	0x060011D6	TFUIBlockoutElement	TFUIBlockoutElement::OnFocusAndSelect()	TFUIBlockoutElement::OnFocusAndSelect	12	0	8	0
4599	0x060011D7	TFUIBlockoutElement	TFUIBlockoutElement::OnHardStateSet(ThronefallUIElement.SelectionState)	TFUIBlockoutElement::OnHardStateSet	6	0	8	0
4600	0x060011D8	TFUIBlockoutElement	TFUIBlockoutElement::OnSelect()	TFUIBlockoutElement::OnSelect	12	0	8	0
4601	0x060011D9	TFUIBlockoutElement	TFUIBlockoutElement::.ctor()	TFUIBlockoutElement::.ctor	7	0	8	0
4602	0x060011DA	TFUICheckboxMouseCatcher	TFUICheckboxMouseCatcher::OnApply()	TFUICheckboxMouseCatcher::OnApply	29	0	8	0
4603	0x060011DB	TFUICheckboxMouseCatcher	TFUICheckboxMouseCatcher::OnClear()	TFUICheckboxMouseCatcher::OnClear	18	0	8	0
4604	0x060011DC	TFUICheckboxMouseCatcher	TFUICheckboxMouseCatcher::OnFocus()	TFUICheckboxMouseCatcher::OnFocus	18	0	8	0
4605	0x060011DD	TFUICheckboxMouseCatcher	TFUICheckboxMouseCatcher::OnFocusAndSelect()	TFUICheckboxMouseCatcher::OnFocusAndSelect	18	0	8	0
4606	0x060011DE	TFUICheckboxMouseCatcher	TFUICheckboxMouseCatcher::OnHardStateSet(ThronefallUIElement.SelectionState)	TFUICheckboxMouseCatcher::OnHardStateSet	1	0	8	0
4607	0x060011DF	TFUICheckboxMouseCatcher	TFUICheckboxMouseCatcher::OnSelect()	TFUICheckboxMouseCatcher::OnSelect	18	0	8	0
4608	0x060011E0	TFUICheckboxMouseCatcher	TFUICheckboxMouseCatcher::.ctor()	TFUICheckboxMouseCatcher::.ctor	7	0	8	0
4609	0x060011E1	TFUIEnemy	TFUIEnemy::get_Data()	TFUIEnemy::get_Data	7	0	8	0
4610	0x060011E2	TFUIEnemy	TFUIEnemy::Start()	TFUIEnemy::Start	42	0	8	0
4611	0x060011E3	TFUIEnemy	TFUIEnemy::SetDataSimple(WaveEnemyInfo)	TFUIEnemy::SetDataSimple	269	0	3	0
4612	0x060011E4	TFUIEnemy	TFUIEnemy::SetSpriteIcon()	TFUIEnemy::SetSpriteIcon	76	0	2	0
4613	0x060011E5	TFUIEnemy	TFUIEnemy::.ctor()	TFUIEnemy::.ctor	7	0	8	0
4614	0x060011E6	TFUIEnumMouseCatcher	TFUIEnumMouseCatcher::OnApply()	TFUIEnumMouseCatcher::OnApply	1	0	8	0
4615	0x060011E7	TFUIEnumMouseCatcher	TFUIEnumMouseCatcher::OnClear()	TFUIEnumMouseCatcher::OnClear	1	0	8	0
4616	0x060011E8	TFUIEnumMouseCatcher	TFUIEnumMouseCatcher::OnFocus()	TFUIEnumMouseCatcher::OnFocus	41	0	8	0
4617	0x060011E9	TFUIEnumMouseCatcher	TFUIEnumMouseCatcher::OnFocusAndSelect()	TFUIEnumMouseCatcher::OnFocusAndSelect	1	0	8	0
4618	0x060011EA	TFUIEnumMouseCatcher	TFUIEnumMouseCatcher::OnHardStateSet(ThronefallUIElement.SelectionState)	TFUIEnumMouseCatcher::OnHardStateSet	1	0	8	0
4619	0x060011EB	TFUIEnumMouseCatcher	TFUIEnumMouseCatcher::OnSelect()	TFUIEnumMouseCatcher::OnSelect	1	0	8	0
4620	0x060011EC	TFUIEnumMouseCatcher	TFUIEnumMouseCatcher::Start()	TFUIEnumMouseCatcher::Start	13	0	8	0
4621	0x060011ED	TFUIEnumMouseCatcher	TFUIEnumMouseCatcher::ListenForUnfocus()	TFUIEnumMouseCatcher::ListenForUnfocus	85	0	3	0
4622	0x060011EE	TFUIEnumMouseCatcher	TFUIEnumMouseCatcher::.ctor()	TFUIEnumMouseCatcher::.ctor	18	0	8	0
4623	0x060011EF	TFUIEnumSelectorButton	TFUIEnumSelectorButton::OnApply()	TFUIEnumSelectorButton::OnApply	18	0	8	0
4624	0x060011F0	TFUIEnumSelectorButton	TFUIEnumSelectorButton::OnClear()	TFUIEnumSelectorButton::OnClear	18	0	8	0
4625	0x060011F1	TFUIEnumSelectorButton	TFUIEnumSelectorButton::OnFocus()	TFUIEnumSelectorButton::OnFocus	18	0	8	0
4626	0x060011F2	TFUIEnumSelectorButton	TFUIEnumSelectorButton::OnFocusAndSelect()	TFUIEnumSelectorButton::OnFocusAndSelect	18	0	8	0
4627	0x060011F3	TFUIEnumSelectorButton	TFUIEnumSelectorButton::OnHardStateSet(ThronefallUIElement.SelectionState)	TFUIEnumSelectorButton::OnHardStateSet	1	0	8	0
4628	0x060011F4	TFUIEnumSelectorButton	TFUIEnumSelectorButton::OnSelect()	TFUIEnumSelectorButton::OnSelect	18	0	8	0
4629	0x060011F5	TFUIEnumSelectorButton	TFUIEnumSelectorButton::.ctor()	TFUIEnumSelectorButton::.ctor	7	0	8	0
4630	0x060011F6	TFUIEquippable	TFUIEquippable::get_Data()	TFUIEquippable::get_Data	7	0	8	0
4631	0x060011F7	TFUIEquippable	TFUIEquippable::get_isWeapon()	TFUIEquippable::get_isWeapon	15	0	8	0
4632	0x060011F8	TFUIEquippable	TFUIEquippable::get_isPerk()	TFUIEquippable::get_isPerk	15	0	8	0
4633	0x060011F9	TFUIEquippable	TFUIEquippable::get_isMutator()	TFUIEquippable::get_isMutator	15	0	8	0
4634	0x060011FA	TFUIEquippable	TFUIEquippable::get_Locked()	TFUIEquippable::get_Locked	7	0	8	0
4635	0x060011FB	TFUIEquippable	TFUIEquippable::get_IconImg()	TFUIEquippable::get_IconImg	7	0	8	0
4636	0x060011FC	TFUIEquippable	TFUIEquippable::get_GetBackgroundColor()	TFUIEquippable::get_GetBackgroundColor	22	0	8	0
4637	0x060011FD	TFUIEquippable	TFUIEquippable::get_GetIconColor()	TFUIEquippable::get_GetIconColor	22	0	8	0
4638	0x060011FE	TFUIEquippable	TFUIEquippable::GetDefaultOutlineColor()	TFUIEquippable::GetDefaultOutlineColor	26	0	8	0
4639	0x060011FF	TFUIEquippable	TFUIEquippable::Update()	TFUIEquippable::Update	20	0	8	0
4640	0x06001200	TFUIEquippable	TFUIEquippable::OnApply()	TFUIEquippable::OnApply	1	0	8	0
4641	0x06001201	TFUIEquippable	TFUIEquippable::OnClear()	TFUIEquippable::OnClear	26	0	8	0
4642	0x06001202	TFUIEquippable	TFUIEquippable::OnFocus()	TFUIEquippable::OnFocus	26	0	8	0
4643	0x06001203	TFUIEquippable	TFUIEquippable::OnSelect()	TFUIEquippable::OnSelect	26	0	8	0
4644	0x06001204	TFUIEquippable	TFUIEquippable::OnFocusAndSelect()	TFUIEquippable::OnFocusAndSelect	26	0	8	0
4645	0x06001205	TFUIEquippable	TFUIEquippable::OnHardStateSet(ThronefallUIElement.SelectionState)	TFUIEquippable::OnHardStateSet	21	0	8	0
4646	0x06001206	TFUIEquippable	TFUIEquippable::GetStyle(ThronefallUIElement.SelectionState)	TFUIEquippable::GetStyle	83	1	1	0
4647	0x06001207	TFUIEquippable	TFUIEquippable::ApplyStyle(TFUIEquippable.Style)	TFUIEquippable::ApplyStyle	80	0	3	0
4648	0x06001208	TFUIEquippable	TFUIEquippable::InitializeDefaultStyle()	TFUIEquippable::InitializeDefaultStyle	47	0	8	0
4649	0x06001209	TFUIEquippable	TFUIEquippable::SetData(Equippable,bool,bool,LevelInfo)	TFUIEquippable::SetData	399	2	2	0
4650	0x0600120A	TFUIEquippable	TFUIEquippable::SetDataEternalTrials(Equippable)	TFUIEquippable::SetDataEternalTrials	360	2	2	0
4651	0x0600120B	TFUIEquippable	TFUIEquippable::SetDataSimple(Equippable)	TFUIEquippable::SetDataSimple	170	0	2	0
4652	0x0600120C	TFUIEquippable	TFUIEquippable::Pick()	TFUIEquippable::Pick	42	0	8	0
4653	0x0600120D	TFUIEquippable	TFUIEquippable::UnPick()	TFUIEquippable::UnPick	42	0	8	0
4654	0x0600120E	TFUIEquippable	TFUIEquippable::.ctor()	TFUIEquippable::.ctor	49	0	8	0
4655	0x0600120F	TFUIEquippable/Style	TFUIEquippable.Style::.ctor(UnityEngine.Color,UnityEngine.AnimationCurve,float,float)	TFUIEquippable/Style::.ctor	89	0	5	0
4656	0x06001210	TFUIEquippable/Animation	TFUIEquippable.Animation::.ctor(TFUIEquippable.Style,TFUIEquippable.Style,TFUIEquippable)	TFUIEquippable/Animation::.ctor	42	0	8	0
4657	0x06001211	TFUIEquippable/Animation	TFUIEquippable.Animation::Tick()	TFUIEquippable/Animation::Tick	205	2	5	0
4658	0x06001212	TFUIFocusCatcher	TFUIFocusCatcher::OnApply()	TFUIFocusCatcher::OnApply	1	0	8	0
4659	0x06001213	TFUIFocusCatcher	TFUIFocusCatcher::OnClear()	TFUIFocusCatcher::OnClear	1	0	8	0
4660	0x06001214	TFUIFocusCatcher	TFUIFocusCatcher::OnFocus()	TFUIFocusCatcher::OnFocus	1	0	8	0
4661	0x06001215	TFUIFocusCatcher	TFUIFocusCatcher::OnFocusAndSelect()	TFUIFocusCatcher::OnFocusAndSelect	1	0	8	0
4662	0x06001216	TFUIFocusCatcher	TFUIFocusCatcher::OnHardStateSet(ThronefallUIElement.SelectionState)	TFUIFocusCatcher::OnHardStateSet	1	0	8	0
4663	0x06001217	TFUIFocusCatcher	TFUIFocusCatcher::OnSelect()	TFUIFocusCatcher::OnSelect	1	0	8	0
4664	0x06001218	TFUIFocusCatcher	TFUIFocusCatcher::.ctor()	TFUIFocusCatcher::.ctor	7	0	8	0
4665	0x06001219	TFUIIncomeDisplay	TFUIIncomeDisplay::get_CurrentIncome()	TFUIIncomeDisplay::get_CurrentIncome	7	0	8	0
4666	0x0600121A	TFUIIncomeDisplay	TFUIIncomeDisplay::GetTitle()	TFUIIncomeDisplay::GetTitle	18	0	8	0
4667	0x0600121B	TFUIIncomeDisplay	TFUIIncomeDisplay::GetDescription()	TFUIIncomeDisplay::GetDescription	437	1	11	0
4668	0x0600121C	TFUIIncomeDisplay	TFUIIncomeDisplay::UpdateData(int)	TFUIIncomeDisplay::UpdateData	524	8	3	3
4669	0x0600121D	TFUIIncomeDisplay	TFUIIncomeDisplay::.ctor()	TFUIIncomeDisplay::.ctor	7	0	8	0
4670	0x0600121E	TFUIPerklike	TFUIPerklike::get_IconImg()	TFUIPerklike::get_IconImg	7	0	8	0
4671	0x0600121F	TFUIPerklike	TFUIPerklike::GetDefaultOutlineColor()	TFUIPerklike::GetDefaultOutlineColor	40	0	8	0
4672	0x06001220	TFUIPerklike	TFUIPerklike::Update()	TFUIPerklike::Update	20	0	8	0
4673	0x06001221	TFUIPerklike	TFUIPerklike::OnApply()	TFUIPerklike::OnApply	1	0	8	0
4674	0x06001222	TFUIPerklike	TFUIPerklike::OnClear()	TFUIPerklike::OnClear	26	0	8	0
4675	0x06001223	TFUIPerklike	TFUIPerklike::OnFocus()	TFUIPerklike::OnFocus	26	0	8	0
4676	0x06001224	TFUIPerklike	TFUIPerklike::OnSelect()	TFUIPerklike::OnSelect	26	0	8	0
4677	0x06001225	TFUIPerklike	TFUIPerklike::OnFocusAndSelect()	TFUIPerklike::OnFocusAndSelect	26	0	8	0
4678	0x06001226	TFUIPerklike	TFUIPerklike::OnHardStateSet(ThronefallUIElement.SelectionState)	TFUIPerklike::OnHardStateSet	21	0	8	0
4679	0x06001227	TFUIPerklike	TFUIPerklike::GetStyle(ThronefallUIElement.SelectionState)	TFUIPerklike::GetStyle	83	1	1	0
4680	0x06001228	TFUIPerklike	TFUIPerklike::ApplyStyle(TFUIPerklike.Style)	TFUIPerklike::ApplyStyle	50	0	8	0
4681	0x06001229	TFUIPerklike	TFUIPerklike::InitializeDefaultStyle()	TFUIPerklike::InitializeDefaultStyle	47	0	8	0
4682	0x0600122A	TFUIPerklike	TFUIPerklike::.ctor()	TFUIPerklike::.ctor	49	0	8	0
4683	0x0600122B	TFUIPerklike/Style	TFUIPerklike.Style::.ctor(UnityEngine.Color,UnityEngine.AnimationCurve,float,float)	TFUIPerklike/Style::.ctor	89	0	5	0
4684	0x0600122C	TFUIPerklike/Animation	TFUIPerklike.Animation::.ctor(TFUIPerklike.Style,TFUIPerklike.Style,TFUIPerklike)	TFUIPerklike/Animation::.ctor	42	0	8	0
4685	0x0600122D	TFUIPerklike/Animation	TFUIPerklike.Animation::Tick()	TFUIPerklike/Animation::Tick	205	2	5	0
4686	0x0600122E	TFUIPlayerUnit	TFUIPlayerUnit::get_Data()	TFUIPlayerUnit::get_Data	7	0	8	0
4687	0x0600122F	TFUIPlayerUnit	TFUIPlayerUnit::SetDataSimple(UnitInfo)	TFUIPlayerUnit::SetDataSimple	256	0	3	0
4688	0x06001230	TFUIPlayerUnit	TFUIPlayerUnit::.ctor()	TFUIPlayerUnit::.ctor	7	0	8	0
4689	0x06001231	TFUIScrollBar	TFUIScrollBar::get_dragable()	TFUIScrollBar::get_dragable	2	0	8	0
4690	0x06001232	TFUIScrollBar	TFUIScrollBar::OnApply()	TFUIScrollBar::OnApply	1	0	8	0
4691	0x06001233	TFUIScrollBar	TFUIScrollBar::OnClear()	TFUIScrollBar::OnClear	8	0	8	0
4692	0x06001234	TFUIScrollBar	TFUIScrollBar::OnFocus()	TFUIScrollBar::OnFocus	8	0	8	0
4693	0x06001235	TFUIScrollBar	TFUIScrollBar::OnFocusAndSelect()	TFUIScrollBar::OnFocusAndSelect	1	0	8	0
4694	0x06001236	TFUIScrollBar	TFUIScrollBar::OnHardStateSet(ThronefallUIElement.SelectionState)	TFUIScrollBar::OnHardStateSet	1	0	8	0
4695	0x06001237	TFUIScrollBar	TFUIScrollBar::OnSelect()	TFUIScrollBar::OnSelect	1	0	8	0
4696	0x06001238	TFUIScrollBar	TFUIScrollBar::OnDragStart()	TFUIScrollBar::OnDragStart	12	0	8	0
4697	0x06001239	TFUIScrollBar	TFUIScrollBar::OnDrag(UnityEngine.Vector2)	TFUIScrollBar::OnDrag	13	0	8	0
4698	0x0600123A	TFUIScrollBar	TFUIScrollBar::OnDragEnd()	TFUIScrollBar::OnDragEnd	12	0	8	0
4699	0x0600123B	TFUIScrollBar	TFUIScrollBar::.ctor()	TFUIScrollBar::.ctor	7	0	8	0
4700	0x0600123C	TFUISlider	TFUISlider::Start()	TFUISlider::Start	74	0	3	0
4701	0x0600123D	TFUISlider	TFUISlider::OnEnable()	TFUISlider::OnEnable	7	0	8	0
4702	0x0600123E	TFUISlider	TFUISlider::UpdateDisplay()	TFUISlider::UpdateDisplay	196	1	6	0
4703	0x0600123F	TFUISlider	TFUISlider::Navigate(ThronefallUIElement.NavigationDirection)	TFUISlider::Navigate	139	0	3	0
4704	0x06001240	TFUISlider	TFUISlider::Increase()	TFUISlider::Increase	13	0	8	0
4705	0x06001241	TFUISlider	TFUISlider::Decrease()	TFUISlider::Decrease	13	0	8	0
4706	0x06001242	TFUISlider	TFUISlider::OnTFUIStateChange()	TFUISlider::OnTFUIStateChange	1	0	8	0
4707	0x06001243	TFUISlider	TFUISlider::SetValue(float)	TFUISlider::SetValue	66	0	2	0
4708	0x06001244	TFUISlider	TFUISlider::SetValueByScreenPoint(UnityEngine.Vector2)	TFUISlider::SetValueByScreenPoint	205	2	4	0
4709	0x06001245	TFUISlider	TFUISlider::ToggleSelectionUI()	TFUISlider::ToggleSelectionUI	71	1	2	0
4710	0x06001246	TFUISlider	TFUISlider::.ctor()	TFUISlider::.ctor	87	0	2	0
4711	0x06001247	TFUISliderDragArea	TFUISliderDragArea::get_dragable()	TFUISliderDragArea::get_dragable	2	0	8	0
4712	0x06001248	TFUISliderDragArea	TFUISliderDragArea::OnApply()	TFUISliderDragArea::OnApply	1	0	8	0
4713	0x06001249	TFUISliderDragArea	TFUISliderDragArea::Update()	TFUISliderDragArea::Update	107	0	3	0
4714	0x0600124A	TFUISliderDragArea	TFUISliderDragArea::OnClear()	TFUISliderDragArea::OnClear	80	0	2	0
4715	0x0600124B	TFUISliderDragArea	TFUISliderDragArea::OnFocus()	TFUISliderDragArea::OnFocus	60	0	8	0
4716	0x0600124C	TFUISliderDragArea	TFUISliderDragArea::OnFocusAndSelect()	TFUISliderDragArea::OnFocusAndSelect	1	0	8	0
4717	0x0600124D	TFUISliderDragArea	TFUISliderDragArea::OnHardStateSet(ThronefallUIElement.SelectionState)	TFUISliderDragArea::OnHardStateSet	1	0	8	0
4718	0x0600124E	TFUISliderDragArea	TFUISliderDragArea::OnSelect()	TFUISliderDragArea::OnSelect	1	0	8	0
4719	0x0600124F	TFUISliderDragArea	TFUISliderDragArea::OnDragStart()	TFUISliderDragArea::OnDragStart	77	0	2	0
4720	0x06001250	TFUISliderDragArea	TFUISliderDragArea::OnDrag(UnityEngine.Vector2)	TFUISliderDragArea::OnDrag	13	0	8	0
4721	0x06001251	TFUISliderDragArea	TFUISliderDragArea::OnDragEnd()	TFUISliderDragArea::OnDragEnd	63	0	8	0
4722	0x06001252	TFUISliderDragArea	TFUISliderDragArea::InitColor()	TFUISliderDragArea::InitColor	30	0	8	0
4723	0x06001253	TFUISliderDragArea	TFUISliderDragArea::OnEnable()	TFUISliderDragArea::OnEnable	44	0	8	0
4724	0x06001254	TFUISliderDragArea	TFUISliderDragArea::.ctor()	TFUISliderDragArea::.ctor	7	0	8	0
4725	0x06001255	TFUISliderRelative	TFUISliderRelative::Start()	TFUISliderRelative::Start	74	0	3	0
4726	0x06001256	TFUISliderRelative	TFUISliderRelative::OnEnable()	TFUISliderRelative::OnEnable	7	0	8	0
4727	0x06001257	TFUISliderRelative	TFUISliderRelative::Update()	TFUISliderRelative::Update	177	4	3	0
4728	0x06001258	TFUISliderRelative	TFUISliderRelative::UpdateDisplay()	TFUISliderRelative::UpdateDisplay	196	1	6	0
4729	0x06001259	TFUISliderRelative	TFUISliderRelative::Navigate(ThronefallUIElement.NavigationDirection)	TFUISliderRelative::Navigate	139	0	3	0
4730	0x0600125A	TFUISliderRelative	TFUISliderRelative::Increase()	TFUISliderRelative::Increase	13	0	8	0
4731	0x0600125B	TFUISliderRelative	TFUISliderRelative::Decrease()	TFUISliderRelative::Decrease	13	0	8	0
4732	0x0600125C	TFUISliderRelative	TFUISliderRelative::OnTFUIStateChange()	TFUISliderRelative::OnTFUIStateChange	1	0	8	0
4733	0x0600125D	TFUISliderRelative	TFUISliderRelative::SetValue(float,bool)	TFUISliderRelative::SetValue	80	0	2	0
4734	0x0600125E	TFUISliderRelative	TFUISliderRelative::OnBeginDrag()	TFUISliderRelative::OnBeginDrag	109	1	4	0
4735	0x0600125F	TFUISliderRelative	TFUISliderRelative::OnEndDrag()	TFUISliderRelative::OnEndDrag	8	0	8	0
4736	0x06001260	TFUISliderRelative	TFUISliderRelative::ToggleSelectionUI()	TFUISliderRelative::ToggleSelectionUI	71	1	2	0
4737	0x06001261	TFUISliderRelative	TFUISliderRelative::.ctor()	TFUISliderRelative::.ctor	87	0	2	0
4738	0x06001262	TFUISliderRelativeDragArea	TFUISliderRelativeDragArea::get_dragable()	TFUISliderRelativeDragArea::get_dragable	2	0	8	0
4739	0x06001263	TFUISliderRelativeDragArea	TFUISliderRelativeDragArea::OnApply()	TFUISliderRelativeDragArea::OnApply	1	0	8	0
4740	0x06001264	TFUISliderRelativeDragArea	TFUISliderRelativeDragArea::Update()	TFUISliderRelativeDragArea::Update	107	0	3	0
4741	0x06001265	TFUISliderRelativeDragArea	TFUISliderRelativeDragArea::OnClear()	TFUISliderRelativeDragArea::OnClear	80	0	2	0
4742	0x06001266	TFUISliderRelativeDragArea	TFUISliderRelativeDragArea::OnFocus()	TFUISliderRelativeDragArea::OnFocus	60	0	8	0
4743	0x06001267	TFUISliderRelativeDragArea	TFUISliderRelativeDragArea::OnFocusAndSelect()	TFUISliderRelativeDragArea::OnFocusAndSelect	1	0	8	0
4744	0x06001268	TFUISliderRelativeDragArea	TFUISliderRelativeDragArea::OnHardStateSet(ThronefallUIElement.SelectionState)	TFUISliderRelativeDragArea::OnHardStateSet	1	0	8	0
4745	0x06001269	TFUISliderRelativeDragArea	TFUISliderRelativeDragArea::OnSelect()	TFUISliderRelativeDragArea::OnSelect	1	0	8	0
4746	0x0600126A	TFUISliderRelativeDragArea	TFUISliderRelativeDragArea::OnDragStart()	TFUISliderRelativeDragArea::OnDragStart	88	0	2	0
4747	0x0600126B	TFUISliderRelativeDragArea	TFUISliderRelativeDragArea::OnDrag(UnityEngine.Vector2)	TFUISliderRelativeDragArea::OnDrag	1	0	8	0
4748	0x0600126C	TFUISliderRelativeDragArea	TFUISliderRelativeDragArea::OnDragEnd()	TFUISliderRelativeDragArea::OnDragEnd	92	0	2	0
4749	0x0600126D	TFUISliderRelativeDragArea	TFUISliderRelativeDragArea::InitColor()	TFUISliderRelativeDragArea::InitColor	30	0	8	0
4750	0x0600126E	TFUISliderRelativeDragArea	TFUISliderRelativeDragArea::OnEnable()	TFUISliderRelativeDragArea::OnEnable	44	0	8	0
4751	0x0600126F	TFUISliderRelativeDragArea	TFUISliderRelativeDragArea::.ctor()	TFUISliderRelativeDragArea::.ctor	7	0	8	0
4752	0x06001270	TFUITextButton	TFUITextButton::Start()	TFUITextButton::Start	55	0	8	0
4753	0x06001271	TFUITextButton	TFUITextButton::Update()	TFUITextButton::Update	20	0	8	0
4754	0x06001272	TFUITextButton	TFUITextButton::GetStyle(ThronefallUIElement.SelectionState)	TFUITextButton::GetStyle	83	1	1	0
4755	0x06001273	TFUITextButton	TFUITextButton::OnApply()	TFUITextButton::OnApply	1	0	8	0
4756	0x06001274	TFUITextButton	TFUITextButton::OnClear()	TFUITextButton::OnClear	42	0	8	0
4757	0x06001275	TFUITextButton	TFUITextButton::OnFocus()	TFUITextButton::OnFocus	42	0	8	0
4758	0x06001276	TFUITextButton	TFUITextButton::OnSelect()	TFUITextButton::OnSelect	42	0	8	0
4759	0x06001277	TFUITextButton	TFUITextButton::OnFocusAndSelect()	TFUITextButton::OnFocusAndSelect	42	0	8	0
4760	0x06001278	TFUITextButton	TFUITextButton::OnHardStateSet(ThronefallUIElement.SelectionState)	TFUITextButton::OnHardStateSet	21	0	8	0
4761	0x06001279	TFUITextButton	TFUITextButton::ApplyStyle(TFUITextButton.Style)	TFUITextButton::ApplyStyle	94	0	4	0
4762	0x0600127A	TFUITextButton	TFUITextButton::InitializeDefaultStyle()	TFUITextButton::InitializeDefaultStyle	91	0	6	0
4763	0x0600127B	TFUITextButton	TFUITextButton::UpdateOriginalStringLocalized()	TFUITextButton::UpdateOriginalStringLocalized	85	0	6	0
4764	0x0600127C	TFUITextButton	TFUITextButton::SetOriginalString(string)	TFUITextButton::SetOriginalString	46	0	8	0
4765	0x0600127D	TFUITextButton	TFUITextButton::.ctor()	TFUITextButton::.ctor	49	0	8	0
4766	0x0600127E	TFUITextButton/Style	TFUITextButton.Style::.ctor(UnityEngine.Color,float,TMPro.TMP_FontAsset,UnityEngine.AnimationCurve,float)	TFUITextButton/Style::.ctor	108	0	5	0
4767	0x0600127F	TFUITextButton/Animation	TFUITextButton.Animation::.ctor(TFUITextButton.Style,TFUITextButton.Style,TFUITextButton)	TFUITextButton/Animation::.ctor	101	0	4	0
4768	0x06001280	TFUITextButton/Animation	TFUITextButton.Animation::Tick()	TFUITextButton/Animation::Tick	190	2	4	0
4769	0x06001281	TFUIUnit	TFUIUnit::get_Locked()	TFUIUnit::get_Locked	7	0	8	0
4770	0x06001282	TFUIUnit	TFUIUnit::get_IconImg()	TFUIUnit::get_IconImg	7	0	8	0
4771	0x06001283	TFUIUnit	TFUIUnit::get_GetBackgroundColor()	TFUIUnit::get_GetBackgroundColor	22	0	8	0
4772	0x06001284	TFUIUnit	TFUIUnit::get_GetIconColor()	TFUIUnit::get_GetIconColor	22	0	8	0
4773	0x06001285	TFUIUnit	TFUIUnit::GetDefaultOutlineColor()	TFUIUnit::GetDefaultOutlineColor	40	0	8	0
4774	0x06001286	TFUIUnit	TFUIUnit::Update()	TFUIUnit::Update	20	0	8	0
4775	0x06001287	TFUIUnit	TFUIUnit::OnApply()	TFUIUnit::OnApply	1	0	8	0
4776	0x06001288	TFUIUnit	TFUIUnit::OnClear()	TFUIUnit::OnClear	26	0	8	0
4777	0x06001289	TFUIUnit	TFUIUnit::OnFocus()	TFUIUnit::OnFocus	26	0	8	0
4778	0x0600128A	TFUIUnit	TFUIUnit::OnSelect()	TFUIUnit::OnSelect	26	0	8	0
4779	0x0600128B	TFUIUnit	TFUIUnit::OnFocusAndSelect()	TFUIUnit::OnFocusAndSelect	26	0	8	0
4780	0x0600128C	TFUIUnit	TFUIUnit::OnHardStateSet(ThronefallUIElement.SelectionState)	TFUIUnit::OnHardStateSet	21	0	8	0
4781	0x0600128D	TFUIUnit	TFUIUnit::GetStyle(ThronefallUIElement.SelectionState)	TFUIUnit::GetStyle	83	1	1	0
4782	0x0600128E	TFUIUnit	TFUIUnit::ApplyStyle(TFUIUnit.Style)	TFUIUnit::ApplyStyle	84	0	3	0
4783	0x0600128F	TFUIUnit	TFUIUnit::InitializeDefaultStyle()	TFUIUnit::InitializeDefaultStyle	47	0	8	0
4784	0x06001290	TFUIUnit	TFUIUnit::.ctor()	TFUIUnit::.ctor	49	0	8	0
4785	0x06001291	TFUIUnit/Style	TFUIUnit.Style::.ctor(UnityEngine.Color,UnityEngine.AnimationCurve,float,float)	TFUIUnit/Style::.ctor	89	0	5	0
4786	0x06001292	TFUIUnit/Animation	TFUIUnit.Animation::.ctor(TFUIUnit.Style,TFUIUnit.Style,TFUIUnit)	TFUIUnit/Animation::.ctor	42	0	8	0
4787	0x06001293	TFUIUnit/Animation	TFUIUnit.Animation::Tick()	TFUIUnit/Animation::Tick	269	2	5	0
4788	0x06001294	TFUIUpgradeChoice	TFUIUpgradeChoice::get_Data()	TFUIUpgradeChoice::get_Data	7	0	8	0
4789	0x06001295	TFUIUpgradeChoice	TFUIUpgradeChoice::get_Locked()	TFUIUpgradeChoice::get_Locked	7	0	8	0
4790	0x06001296	TFUIUpgradeChoice	TFUIUpgradeChoice::get_IconImg()	TFUIUpgradeChoice::get_IconImg	7	0	8	0
4791	0x06001297	TFUIUpgradeChoice	TFUIUpgradeChoice::Update()	TFUIUpgradeChoice::Update	20	0	8	0
4792	0x06001298	TFUIUpgradeChoice	TFUIUpgradeChoice::OnApply()	TFUIUpgradeChoice::OnApply	1	0	8	0
4793	0x06001299	TFUIUpgradeChoice	TFUIUpgradeChoice::OnClear()	TFUIUpgradeChoice::OnClear	26	0	8	0
4794	0x0600129A	TFUIUpgradeChoice	TFUIUpgradeChoice::OnFocus()	TFUIUpgradeChoice::OnFocus	26	0	8	0
4795	0x0600129B	TFUIUpgradeChoice	TFUIUpgradeChoice::OnSelect()	TFUIUpgradeChoice::OnSelect	26	0	8	0
4796	0x0600129C	TFUIUpgradeChoice	TFUIUpgradeChoice::OnFocusAndSelect()	TFUIUpgradeChoice::OnFocusAndSelect	26	0	8	0
4797	0x0600129D	TFUIUpgradeChoice	TFUIUpgradeChoice::OnHardStateSet(ThronefallUIElement.SelectionState)	TFUIUpgradeChoice::OnHardStateSet	21	0	8	0
4798	0x0600129E	TFUIUpgradeChoice	TFUIUpgradeChoice::GetStyle(ThronefallUIElement.SelectionState)	TFUIUpgradeChoice::GetStyle	83	1	1	0
4799	0x0600129F	TFUIUpgradeChoice	TFUIUpgradeChoice::ApplyStyle(TFUIUpgradeChoice.Style)	TFUIUpgradeChoice::ApplyStyle	84	0	3	0
4800	0x060012A0	TFUIUpgradeChoice	TFUIUpgradeChoice::InitializeDefaultStyle()	TFUIUpgradeChoice::InitializeDefaultStyle	92	0	6	0
4801	0x060012A1	TFUIUpgradeChoice	TFUIUpgradeChoice::SetData(Choice)	TFUIUpgradeChoice::SetData	232	1	2	0
4802	0x060012A2	TFUIUpgradeChoice	TFUIUpgradeChoice::.ctor()	TFUIUpgradeChoice::.ctor	49	0	8	0
4803	0x060012A3	TFUIUpgradeChoice/Style	TFUIUpgradeChoice.Style::.ctor(UnityEngine.Color,UnityEngine.Color,UnityEngine.AnimationCurve,float,float)	TFUIUpgradeChoice/Style::.ctor	97	0	5	0
4804	0x060012A4	TFUIUpgradeChoice/Animation	TFUIUpgradeChoice.Animation::.ctor(TFUIUpgradeChoice.Style,TFUIUpgradeChoice.Style,TFUIUpgradeChoice)	TFUIUpgradeChoice/Animation::.ctor	42	0	8	0
4805	0x060012A5	TFUIUpgradeChoice/Animation	TFUIUpgradeChoice.Animation::Tick()	TFUIUpgradeChoice/Animation::Tick	293	2	5	0
4806	0x060012A6	ThronefallUIElement	ThronefallUIElement::get_CurrentState()	ThronefallUIElement::get_CurrentState	7	0	8	0
4807	0x060012A7	ThronefallUIElement	ThronefallUIElement::get_PreviousState()	ThronefallUIElement::get_PreviousState	7	0	8	0
4808	0x060012A8	ThronefallUIElement	ThronefallUIElement::get_dragable()	ThronefallUIElement::get_dragable	2	0	8	0
4809	0x060012A9	ThronefallUIElement	ThronefallUIElement::Apply()	ThronefallUIElement::Apply	31	0	8	0
4810	0x060012AA	ThronefallUIElement	ThronefallUIElement::Select()	ThronefallUIElement::Select	8	0	8	0
4811	0x060012AB	ThronefallUIElement	ThronefallUIElement::Focus()	ThronefallUIElement::Focus	8	0	8	0
4812	0x060012AC	ThronefallUIElement	ThronefallUIElement::FocusAndSelect()	ThronefallUIElement::FocusAndSelect	8	0	8	0
4813	0x060012AD	ThronefallUIElement	ThronefallUIElement::Clear()	ThronefallUIElement::Clear	8	0	8	0
4814	0x060012AE	ThronefallUIElement	ThronefallUIElement::HardStateSet(ThronefallUIElement.SelectionState)	ThronefallUIElement::HardStateSet	22	0	8	0
4815	0x060012AF	ThronefallUIElement	ThronefallUIElement::OnApply()	ThronefallUIElement::OnApply	0	0	0	0
4816	0x060012B0	ThronefallUIElement	ThronefallUIElement::OnClear()	ThronefallUIElement::OnClear	0	0	0	0
4817	0x060012B1	ThronefallUIElement	ThronefallUIElement::OnSelect()	ThronefallUIElement::OnSelect	0	0	0	0
4818	0x060012B2	ThronefallUIElement	ThronefallUIElement::OnFocus()	ThronefallUIElement::OnFocus	0	0	0	0
4819	0x060012B3	ThronefallUIElement	ThronefallUIElement::OnFocusAndSelect()	ThronefallUIElement::OnFocusAndSelect	0	0	0	0
4820	0x060012B4	ThronefallUIElement	ThronefallUIElement::OnHardStateSet(ThronefallUIElement.SelectionState)	ThronefallUIElement::OnHardStateSet	0	0	0	0
4821	0x060012B5	ThronefallUIElement	ThronefallUIElement::SetState(ThronefallUIElement.SelectionState)	ThronefallUIElement::SetState	102	1	2	0
4822	0x060012B6	ThronefallUIElement	ThronefallUIElement::TryNavigate(ThronefallUIElement.NavigationDirection)	ThronefallUIElement::TryNavigate	125	1	2	0
4823	0x060012B7	ThronefallUIElement	ThronefallUIElement::OnDrag(UnityEngine.Vector2)	ThronefallUIElement::OnDrag	1	0	8	0
4824	0x060012B8	ThronefallUIElement	ThronefallUIElement::OnDragEnd()	ThronefallUIElement::OnDragEnd	1	0	8	0
4825	0x060012B9	ThronefallUIElement	ThronefallUIElement::OnDragStart()	ThronefallUIElement::OnDragStart	1	0	8	0
4826	0x060012BA	ThronefallUIElement	ThronefallUIElement::.ctor()	ThronefallUIElement::.ctor	40	0	8	0
4827	0x060012BB	TitleScreenPopUpHelper	TitleScreenPopUpHelper::PopNext()	TitleScreenPopUpHelper::PopNext	14	0	8	0
4828	0x060012BC	TitleScreenPopUpHelper	TitleScreenPopUpHelper::DelayedPopUp()	TitleScreenPopUpHelper::DelayedPopUp	14	0	8	0
4829	0x060012BD	TitleScreenPopUpHelper	TitleScreenPopUpHelper::.ctor()	TitleScreenPopUpHelper::.ctor	18	0	8	0
4830	0x060012BE	TitleScreenPopUpHelper/<DelayedPopUp>d__4	TitleScreenPopUpHelper.<DelayedPopUp>d__4::.ctor(int)	TitleScreenPopUpHelper::DelayedPopUp	14	0	8	0
4831	0x060012BF	TitleScreenPopUpHelper/<DelayedPopUp>d__4	TitleScreenPopUpHelper.<DelayedPopUp>d__4::System.IDisposable.Dispose()	TitleScreenPopUpHelper::DelayedPopUp	1	0	8	0
4832	0x060012C0	TitleScreenPopUpHelper/<DelayedPopUp>d__4	TitleScreenPopUpHelper.<DelayedPopUp>d__4::MoveNext()	TitleScreenPopUpHelper::DelayedPopUp	272	3	3	1
4833	0x060012C1	TitleScreenPopUpHelper/<DelayedPopUp>d__4	TitleScreenPopUpHelper.<DelayedPopUp>d__4::System.Collections.Generic.IEnumerator<System.Object>.get_Current()	TitleScreenPopUpHelper::DelayedPopUp	7	0	8	0
4834	0x060012C2	TitleScreenPopUpHelper/<DelayedPopUp>d__4	TitleScreenPopUpHelper.<DelayedPopUp>d__4::System.Collections.IEnumerator.Reset()	TitleScreenPopUpHelper::DelayedPopUp	6	0	8	0
4835	0x060012C3	TitleScreenPopUpHelper/<DelayedPopUp>d__4	TitleScreenPopUpHelper.<DelayedPopUp>d__4::System.Collections.IEnumerator.get_Current()	TitleScreenPopUpHelper::DelayedPopUp	7	0	8	0
4836	0x060012C4	BeforeGamePopUp	BeforeGamePopUp::.ctor()	BeforeGamePopUp::.ctor	21	0	8	0
4837	0x060012C5	TitleScreenUIHelper	TitleScreenUIHelper::Update()	TitleScreenUIHelper::Update	19	0	8	0
4838	0x060012C6	TitleScreenUIHelper	TitleScreenUIHelper::ClickPlay()	TitleScreenUIHelper::ClickPlay	148	0	2	0
4839	0x060012C7	TitleScreenUIHelper	TitleScreenUIHelper::.ctor()	TitleScreenUIHelper::.ctor	18	0	8	0
4840	0x060012C8	Tooltip	Tooltip::get_currentText()	Tooltip::get_currentText	12	0	8	0
4841	0x060012C9	Tooltip	Tooltip::Awake()	Tooltip::Awake	33	0	8	0
4842	0x060012CA	Tooltip	Tooltip::SetTooltip(string)	Tooltip::SetTooltip	144	0	2	0
4843	0x060012CB	Tooltip	Tooltip::UpdateSize()	Tooltip::UpdateSize	34	0	8	0
4844	0x060012CC	Tooltip	Tooltip::.ctor()	Tooltip::.ctor	7	0	8	0
4845	0x060012CD	TransitionToSelectedLevelHelper	TransitionToSelectedLevelHelper::TransitionToSelectedLevel()	TransitionToSelectedLevelHelper::TransitionToSelectedLevel	46	0	8	0
4846	0x060012CE	TransitionToSelectedLevelHelper	TransitionToSelectedLevelHelper::.ctor()	TransitionToSelectedLevelHelper::.ctor	7	0	8	0
4847	0x060012CF	TreasureChestUIHelper	TreasureChestUIHelper::Awake()	TreasureChestUIHelper::Awake	7	0	8	0
4848	0x060012D0	TreasureChestUIHelper	TreasureChestUIHelper::get_EnergyCoreBalanceNumber()	TreasureChestUIHelper::get_EnergyCoreBalanceNumber	114	2	3	0
4849	0x060012D1	TreasureChestUIHelper	TreasureChestUIHelper::Update()	TreasureChestUIHelper::Update	163	0	2	0
4850	0x060012D2	TreasureChestUIHelper	TreasureChestUIHelper::.ctor()	TreasureChestUIHelper::.ctor	14	0	8	0
4851	0x060012D3	TreasuryUI	TreasuryUI::get_shouldBeActive()	TreasuryUI::get_shouldBeActive	22	0	8	0
4852	0x060012D4	TreasuryUI	TreasuryUI::Start()	TreasuryUI::Start	211	2	3	0
4853	0x060012D5	TreasuryUI	TreasuryUI::OnColorChange()	TreasuryUI::OnColorChange	8	0	8	0
4854	0x060012D6	TreasuryUI	TreasuryUI::OnEnable()	TreasuryUI::OnEnable	50	0	8	0
4855	0x060012D7	TreasuryUI	TreasuryUI::OnDisable()	TreasuryUI::OnDisable	50	0	8	0
4856	0x060012D8	TreasuryUI	TreasuryUI::SetState(TreasuryUI.AnimationState)	TreasuryUI::SetState	184	0	4	0
4857	0x060012D9	TreasuryUI	TreasuryUI::Update()	TreasuryUI::Update	943	6	4	0
4858	0x060012DA	TreasuryUI	TreasuryUI::LockActivation()	TreasuryUI::LockActivation	8	0	8	0
4859	0x060012DB	TreasuryUI	TreasuryUI::UnlockActivation()	TreasuryUI::UnlockActivation	20	0	8	0
4860	0x060012DC	TreasuryUI	TreasuryUI::OnDusk()	TreasuryUI::OnDusk	13	0	8	0
4861	0x060012DD	TreasuryUI	TreasuryUI::OnDawn_AfterSunrise()	TreasuryUI::OnDawn_AfterSunrise	8	0	8	0
4862	0x060012DE	TreasuryUI	TreasuryUI::OnDawn_BeforeSunrise()	TreasuryUI::OnDawn_BeforeSunrise	8	0	8	0
4863	0x060012DF	TreasuryUI	TreasuryUI::OnDuskEarly()	TreasuryUI::OnDuskEarly	1	0	8	0
4864	0x060012E0	TreasuryUI	TreasuryUI::.ctor()	TreasuryUI::.ctor	58	0	8	0
4865	0x060012E1	UIBonusLevelSelect	UIBonusLevelSelect::OnShow()	UIBonusLevelSelect::OnShow	452	11	3	0
4866	0x060012E2	UIBonusLevelSelect	UIBonusLevelSelect::OnSelectionApplied()	UIBonusLevelSelect::OnSelectionApplied	100	4	2	1
4867	0x060012E3	UIBonusLevelSelect	UIBonusLevelSelect::UpdateLevelTitle()	UIBonusLevelSelect::UpdateLevelTitle	118	1	12	0
4868	0x060012E4	UIBonusLevelSelect	UIBonusLevelSelect::.ctor()	UIBonusLevelSelect::.ctor	29	0	8	0
4869	0x060012E5	UIBonusLevelSelect/LevelButtonPair	UIBonusLevelSelect.LevelButtonPair::.ctor(ThronefallUIElement,LevelInfo)	UIBonusLevelSelect/LevelButtonPair::.ctor	21	0	8	0
4870	0x060012E6	UIFrame	UIFrame::get_CurrentSelection()	UIFrame::get_CurrentSelection	7	0	8	0
4871	0x060012E7	UIFrame	UIFrame::get_CurrentFocus()	UIFrame::get_CurrentFocus	7	0	8	0
4872	0x060012E8	UIFrame	UIFrame::get_LastApplied()	UIFrame::get_LastApplied	7	0	8	0
4873	0x060012E9	UIFrame	UIFrame::get_Interactable()	UIFrame::get_Interactable	7	0	8	0
4874	0x060012EA	UIFrame	UIFrame::get_mouseApplyPossible()	UIFrame::get_mouseApplyPossible	73	0	2	0
4875	0x060012EB	UIFrame	UIFrame::get_MouseSleeping()	UIFrame::get_MouseSleeping	7	0	8	0
4876	0x060012EC	UIFrame	UIFrame::Awake()	UIFrame::Awake	39	0	8	0
4877	0x060012ED	UIFrame	UIFrame::Start()	UIFrame::Start	30	0	8	0
4878	0x060012EE	UIFrame	UIFrame::Update()	UIFrame::Update	84	0	2	0
4879	0x060012EF	UIFrame	UIFrame::HandleButtonNavigation()	UIFrame::HandleButtonNavigation	258	0	2	0
4880	0x060012F0	UIFrame	UIFrame::HandleMouseNavigation()	UIFrame::HandleMouseNavigation	601	3	3	1
4881	0x060012F1	UIFrame	UIFrame::ControllerOrKeyboardNavigate(ThronefallUIElement.NavigationDirection)	UIFrame::ControllerOrKeyboardNavigate	52	1	2	0
4882	0x060012F2	UIFrame	UIFrame::Select(ThronefallUIElement)	UIFrame::Select	147	0	2	0
4883	0x060012F3	UIFrame	UIFrame::Focus(ThronefallUIElement)	UIFrame::Focus	128	0	2	0
4884	0x060012F4	UIFrame	UIFrame::Activate(ThronefallUIElement)	UIFrame::Activate	144	2	2	1
4885	0x060012F5	UIFrame	UIFrame::Apply()	UIFrame::Apply	192	0	2	0
4886	0x060012F6	UIFrame	UIFrame::Deactivate(bool)	UIFrame::Deactivate	93	2	2	1
4887	0x060012F7	UIFrame	UIFrame::RefetchManagedElements()	UIFrame::RefetchManagedElements	30	0	8	0
4888	0x060012F8	UIFrame	UIFrame::.ctor()	UIFrame::.ctor	128	0	2	0
4889	0x060012F9	UIFrameManager	UIFrameManager::get_ActiveFrame()	UIFrameManager::get_ActiveFrame	7	0	8	0
4890	0x060012FA	UIFrameManager	UIFrameManager::get_InGameUIContainer()	UIFrameManager::get_InGameUIContainer	7	0	8	0
4891	0x060012FB	UIFrameManager	UIFrameManager::get_OnScreenMarkerContainer()	UIFrameManager::get_OnScreenMarkerContainer	7	0	8	0
4892	0x060012FC	UIFrameManager	UIFrameManager::get_TreasureChest()	UIFrameManager::get_TreasureChest	7	0	8	0
4893	0x060012FD	UIFrameManager	UIFrameManager::get_EternalTrialsStageDisplay()	UIFrameManager::get_EternalTrialsStageDisplay	7	0	8	0
4894	0x060012FE	UIFrameManager	UIFrameManager::Awake()	UIFrameManager::Awake	32	0	8	0
4895	0x060012FF	UIFrameManager	UIFrameManager::Start()	UIFrameManager::Start	172	1	3	1
4896	0x06001300	UIFrameManager	UIFrameManager::SwitchToTitleFrame()	UIFrameManager::SwitchToTitleFrame	13	0	8	0
4897	0x06001301	UIFrameManager	UIFrameManager::IsSceneLoaded(string)	UIFrameManager::IsSceneLoaded	42	2	2	0
4898	0x06001302	UIFrameManager	UIFrameManager::Update()	UIFrameManager::Update	330	0	3	0
4899	0x06001303	UIFrameManager	UIFrameManager::Cancel()	UIFrameManager::Cancel	53	0	8	0
4900	0x06001304	UIFrameManager	UIFrameManager::OpenMenu()	UIFrameManager::OpenMenu	121	0	2	0
4901	0x06001305	UIFrameManager	UIFrameManager::RegisterFrame(UIFrame)	UIFrameManager::RegisterFrame	13	0	8	0
4902	0x06001306	UIFrameManager	UIFrameManager::ChangeActiveFrame(UIFrame)	UIFrameManager::ChangeActiveFrame	11	0	8	0
4903	0x06001307	UIFrameManager	UIFrameManager::ChangeActiveFrameKeepOldVisible(UIFrame)	UIFrameManager::ChangeActiveFrameKeepOldVisible	11	0	8	0
4904	0x06001308	UIFrameManager	UIFrameManager::ProcessFrameChange(UIFrame,bool,bool,ThronefallUIElement)	UIFrameManager::ProcessFrameChange	267	0	3	0
4905	0x06001309	UIFrameManager	UIFrameManager::CloseActiveFrame()	UIFrameManager::CloseActiveFrame	98	1	5	0
4906	0x0600130A	UIFrameManager	UIFrameManager::CloseAllFrames()	UIFrameManager::CloseAllFrames	33	0	8	0
4907	0x0600130B	UIFrameManager	UIFrameManager::ResetToTileScreen()	UIFrameManager::ResetToTileScreen	27	0	8	0
4908	0x0600130C	UIFrameManager	UIFrameManager::QuitToDesktop()	UIFrameManager::QuitToDesktop	6	0	8	0
4909	0x0600130D	UIFrameManager	UIFrameManager::TryOpenLevelSelect()	UIFrameManager::TryOpenLevelSelect	42	0	8	0
4910	0x0600130E	UIFrameManager	UIFrameManager::ForceOpenLevelSelect()	UIFrameManager::ForceOpenLevelSelect	49	0	8	0
4911	0x0600130F	UIFrameManager	UIFrameManager::TryOpenWardrobe()	UIFrameManager::TryOpenWardrobe	42	0	8	0
4912	0x06001310	UIFrameManager	UIFrameManager::TryOpenBonusLevelSelect()	UIFrameManager::TryOpenBonusLevelSelect	42	0	8	0
4913	0x06001311	UIFrameManager	UIFrameManager::TryOpenEternalTrialsSelect()	UIFrameManager::TryOpenEternalTrialsSelect	42	0	8	0
4914	0x06001312	UIFrameManager	UIFrameManager::OpenEternalTrialsLoadoutPick()	UIFrameManager::OpenEternalTrialsLoadoutPick	22	0	8	0
4915	0x06001313	UIFrameManager	UIFrameManager::OpenInMapPerkSelect()	UIFrameManager::OpenInMapPerkSelect	22	0	8	0
4916	0x06001314	UIFrameManager	UIFrameManager::TriggerEndOfMatch()	UIFrameManager::TriggerEndOfMatch	24	0	8	0
4917	0x06001315	UIFrameManager	UIFrameManager::ShowLevelUpReward()	UIFrameManager::ShowLevelUpReward	24	0	8	0
4918	0x06001316	UIFrameManager	UIFrameManager::UpdateUIBasedOnCurrentScene()	UIFrameManager::UpdateUIBasedOnCurrentScene	147	1	2	0
4919	0x06001317	UIFrameManager	UIFrameManager::PresentChoiceFrame()	UIFrameManager::PresentChoiceFrame	16	0	8	0
4920	0x06001318	UIFrameManager	UIFrameManager::ShowResetControlsFrame()	UIFrameManager::ShowResetControlsFrame	24	0	8	0
4921	0x06001319	UIFrameManager	UIFrameManager::.ctor()	UIFrameManager::.ctor	62	0	8	0
4922	0x0600131A	UIFrameManager/FrameStackElement	UIFrameManager.FrameStackElement::.ctor(UIFrame,ThronefallUIElement)	UIFrameManager/FrameStackElement::.ctor	15	0	8	0
4923	0x0600131B	UIParentResizer	UIParentResizer::Trigger()	UIParentResizer::Trigger	8	0	8	0
4924	0x0600131C	UIParentResizer	UIParentResizer::Resize()	UIParentResizer::Resize	162	3	5	1
4925	0x0600131D	UIParentResizer	UIParentResizer::LateUpdate()	UIParentResizer::LateUpdate	22	0	8	0
4926	0x0600131E	UIParentResizer	UIParentResizer::.ctor()	UIParentResizer::.ctor	18	0	8	0
4927	0x0600131F	UIScaleHandlerWorld	UIScaleHandlerWorld::Start()	UIScaleHandlerWorld::Start	56	0	8	0
4928	0x06001320	UIScaleHandlerWorld	UIScaleHandlerWorld::Refresh()	UIScaleHandlerWorld::Refresh	57	1	5	0
4929	0x06001321	UIScaleHandlerWorld	UIScaleHandlerWorld::.ctor()	UIScaleHandlerWorld::.ctor	18	0	8	0
4930	0x06001322	UnitStatsDisplayUI	UnitStatsDisplayUI::SetStats(UnitInfo)	UnitStatsDisplayUI::SetStats	79	0	2	0
4931	0x06001323	UnitStatsDisplayUI	UnitStatsDisplayUI::SetStats(WaveEnemyInfo)	UnitStatsDisplayUI::SetStats	79	0	2	0
4932	0x06001324	UnitStatsDisplayUI	UnitStatsDisplayUI::RefreshUI()	UnitStatsDisplayUI::RefreshUI	109	0	3	0
4933	0x06001325	UnitStatsDisplayUI	UnitStatsDisplayUI::SetText(TMPro.TextMeshProUGUI,float)	UnitStatsDisplayUI::SetText	120	0	3	0
4934	0x06001326	UnitStatsDisplayUI	UnitStatsDisplayUI::.ctor()	UnitStatsDisplayUI::.ctor	7	0	8	0
4935	0x06001327	UnitTypeDisplay	UnitTypeDisplay::SetSelected(bool)	UnitTypeDisplay::SetSelected	38	0	8	0
4936	0x06001328	UnitTypeDisplay	UnitTypeDisplay::Start()	UnitTypeDisplay::Start	71	0	2	0
4937	0x06001329	UnitTypeDisplay	UnitTypeDisplay::Update()	UnitTypeDisplay::Update	86	0	2	0
4938	0x0600132A	UnitTypeDisplay	UnitTypeDisplay::.ctor()	UnitTypeDisplay::.ctor	7	0	8	0
4939	0x0600132B	VersionNumberDisplay	VersionNumberDisplay::OnEnable()	VersionNumberDisplay::OnEnable	27	0	8	0
4940	0x0600132C	VersionNumberDisplay	VersionNumberDisplay::.ctor()	VersionNumberDisplay::.ctor	7	0	8	0
4941	0x0600132D	TFUIWardrobeElement	TFUIWardrobeElement::get_Locked()	TFUIWardrobeElement::get_Locked	7	0	8	0
4942	0x0600132E	TFUIWardrobeElement	TFUIWardrobeElement::get_IconImg()	TFUIWardrobeElement::get_IconImg	7	0	8	0
4943	0x0600132F	TFUIWardrobeElement	TFUIWardrobeElement::GetDefaultOutlineColor()	TFUIWardrobeElement::GetDefaultOutlineColor	40	0	8	0
4944	0x06001330	TFUIWardrobeElement	TFUIWardrobeElement::Update()	TFUIWardrobeElement::Update	20	0	8	0
4945	0x06001331	TFUIWardrobeElement	TFUIWardrobeElement::OnApply()	TFUIWardrobeElement::OnApply	34	0	8	0
4946	0x06001332	TFUIWardrobeElement	TFUIWardrobeElement::OnClear()	TFUIWardrobeElement::OnClear	26	0	8	0
4947	0x06001333	TFUIWardrobeElement	TFUIWardrobeElement::OnFocus()	TFUIWardrobeElement::OnFocus	26	0	8	0
4948	0x06001334	TFUIWardrobeElement	TFUIWardrobeElement::OnSelect()	TFUIWardrobeElement::OnSelect	26	0	8	0
4949	0x06001335	TFUIWardrobeElement	TFUIWardrobeElement::OnFocusAndSelect()	TFUIWardrobeElement::OnFocusAndSelect	26	0	8	0
4950	0x06001336	TFUIWardrobeElement	TFUIWardrobeElement::OnHardStateSet(ThronefallUIElement.SelectionState)	TFUIWardrobeElement::OnHardStateSet	21	0	8	0
4951	0x06001337	TFUIWardrobeElement	TFUIWardrobeElement::GetStyle(ThronefallUIElement.SelectionState)	TFUIWardrobeElement::GetStyle	83	1	1	0
4952	0x06001338	TFUIWardrobeElement	TFUIWardrobeElement::InitializeDefaultStyle()	TFUIWardrobeElement::InitializeDefaultStyle	47	0	8	0
4953	0x06001339	TFUIWardrobeElement	TFUIWardrobeElement::ApplyStyle(TFUIWardrobeElement.Style)	TFUIWardrobeElement::ApplyStyle	50	0	8	0
4954	0x0600133A	TFUIWardrobeElement	TFUIWardrobeElement::SetupButton(UnityEngine.Material,WardrobeHandler)	TFUIWardrobeElement::SetupButton	53	0	8	0
4955	0x0600133B	TFUIWardrobeElement	TFUIWardrobeElement::Pick()	TFUIWardrobeElement::Pick	20	0	8	0
4956	0x0600133C	TFUIWardrobeElement	TFUIWardrobeElement::UnPick()	TFUIWardrobeElement::UnPick	20	0	8	0
4957	0x0600133D	TFUIWardrobeElement	TFUIWardrobeElement::.ctor()	TFUIWardrobeElement::.ctor	49	0	8	0
4958	0x0600133E	TFUIWardrobeElement/Style	TFUIWardrobeElement.Style::.ctor(UnityEngine.Color,UnityEngine.AnimationCurve,float,float)	TFUIWardrobeElement/Style::.ctor	89	0	5	0
4959	0x0600133F	TFUIWardrobeElement/Animation	TFUIWardrobeElement.Animation::.ctor(TFUIWardrobeElement.Style,TFUIWardrobeElement.Style,TFUIWardrobeElement)	TFUIWardrobeElement/Animation::.ctor	42	0	8	0
4960	0x06001340	TFUIWardrobeElement/Animation	TFUIWardrobeElement.Animation::Tick()	TFUIWardrobeElement/Animation::Tick	205	2	5	0
4961	0x06001341	TFUIWardrobeItemElement	TFUIWardrobeItemElement::get_WardrobeItem()	TFUIWardrobeItemElement::get_WardrobeItem	7	0	8	0
4962	0x06001342	TFUIWardrobeItemElement	TFUIWardrobeItemElement::SetupButton(WardrobeHandler,WardrobeItem)	TFUIWardrobeItemElement::SetupButton	15	0	8	0
4963	0x06001343	TFUIWardrobeItemElement	TFUIWardrobeItemElement::.ctor()	TFUIWardrobeItemElement::.ctor	7	0	8	0
4964	0x06001344	WardrobeCycleButton	WardrobeCycleButton::Increase()	WardrobeCycleButton::Increase	97	0	3	0
4965	0x06001345	WardrobeCycleButton	WardrobeCycleButton::Decrease()	WardrobeCycleButton::Decrease	99	0	3	0
4966	0x06001346	WardrobeCycleButton	WardrobeCycleButton::ProcessNavigate(ThronefallUIElement.NavigationDirection)	WardrobeCycleButton::ProcessNavigate	21	0	8	0
4967	0x06001347	WardrobeCycleButton	WardrobeCycleButton::.ctor()	WardrobeCycleButton::.ctor	14	0	8	0
4968	0x06001348	WardrobeHandler	WardrobeHandler::Awake()	WardrobeHandler::Awake	187	0	3	0
4969	0x06001349	WardrobeHandler	WardrobeHandler::RecomputeAllNavigation()	WardrobeHandler::RecomputeAllNavigation	45	0	8	0
4970	0x0600134A	WardrobeHandler	WardrobeHandler::OnSelect()	WardrobeHandler::OnSelect	176	1	3	0
4971	0x0600134B	WardrobeHandler	WardrobeHandler::Refresh()	WardrobeHandler::Refresh	45	0	8	0
4972	0x0600134C	WardrobeHandler	WardrobeHandler::SetUpNavigation(System.Collections.Generic.List<TFUIWardrobeElement>)	WardrobeHandler::SetUpNavigation	115	2	4	0
4973	0x0600134D	WardrobeHandler	WardrobeHandler::TrySelectTFUIElement()	WardrobeHandler::TrySelectTFUIElement	95	1	2	0
4974	0x0600134E	WardrobeHandler	WardrobeHandler::ApplyMat(UnityEngine.Material,TFUIWardrobeElement)	WardrobeHandler::ApplyMat	28	0	8	0
4975	0x0600134F	WardrobeHandler	WardrobeHandler::SetCrownMat(UnityEngine.Material)	WardrobeHandler::SetCrownMat	1	0	8	0
4976	0x06001350	WardrobeHandler	WardrobeHandler::SetBodyArmourMat(UnityEngine.Material)	WardrobeHandler::SetBodyArmourMat	1	0	8	0
4977	0x06001351	WardrobeHandler	WardrobeHandler::SetHorseArmourMat(UnityEngine.Material)	WardrobeHandler::SetHorseArmourMat	1	0	8	0
4978	0x06001352	WardrobeHandler	WardrobeHandler::SetCapeMat(UnityEngine.Material)	WardrobeHandler::SetCapeMat	1	0	8	0
4979	0x06001353	WardrobeHandler	WardrobeHandler::SetCrownVersion(int)	WardrobeHandler::SetCrownVersion	1	0	8	0
4980	0x06001354	WardrobeHandler	WardrobeHandler::SetBodyVersion(int)	WardrobeHandler::SetBodyVersion	1	0	8	0
4981	0x06001355	WardrobeHandler	WardrobeHandler::SetCapeVersion(int)	WardrobeHandler::SetCapeVersion	1	0	8	0
4982	0x06001356	WardrobeHandler	WardrobeHandler::.ctor()	WardrobeHandler::.ctor	18	0	8	0
4983	0x06001357	WardrobeHandler/WardrobeTab	WardrobeHandler.WardrobeTab::ComputeNavigationForSettingsTab()	WardrobeHandler/WardrobeTab::ComputeNavigationForSettingsTab	240	6	4	1
4984	0x06001358	WardrobeHandler/WardrobeTab	WardrobeHandler.WardrobeTab::.ctor()	WardrobeHandler/WardrobeTab::.ctor	7	0	8	0
4985	0x06001359	WardrobeInfo	WardrobeInfo::SetInfo(WardrobeItem)	WardrobeInfo::SetInfo	84	0	2	0
4986	0x0600135A	WardrobeInfo	WardrobeInfo::.ctor()	WardrobeInfo::.ctor	7	0	8	0
4987	0x0600135B	WardrobeItem	WardrobeItem::.ctor()	WardrobeItem::.ctor	7	0	8	0
4988	0x0600135C	WardrobeOptionsHelper	WardrobeOptionsHelper::get_SelectedMat()	WardrobeOptionsHelper::get_SelectedMat	7	0	8	0
4989	0x0600135D	WardrobeOptionsHelper	WardrobeOptionsHelper::get_SelectedMesh()	WardrobeOptionsHelper::get_SelectedMesh	7	0	8	0
4990	0x0600135E	WardrobeOptionsHelper	WardrobeOptionsHelper::RefreshElements()	WardrobeOptionsHelper::RefreshElements	163	2	1	2
4991	0x0600135F	WardrobeOptionsHelper	WardrobeOptionsHelper::SetupWardrobeOptions()	WardrobeOptionsHelper::SetupWardrobeOptions	282	6	3	2
4992	0x06001360	WardrobeOptionsHelper	WardrobeOptionsHelper::TrySelectTFUIElement(TFUIWardrobeElement)	WardrobeOptionsHelper::TrySelectTFUIElement	130	0	2	0
4993	0x06001361	WardrobeOptionsHelper	WardrobeOptionsHelper::.ctor()	WardrobeOptionsHelper::.ctor	29	0	8	0
4994	0x06001362	WaveCountPopUp	WaveCountPopUp::Start()	WaveCountPopUp::Start	24	0	8	0
4995	0x06001363	WaveCountPopUp	WaveCountPopUp::OnDawn_AfterSunrise()	WaveCountPopUp::OnDawn_AfterSunrise	1	0	8	0
4996	0x06001364	WaveCountPopUp	WaveCountPopUp::OnDawn_BeforeSunrise()	WaveCountPopUp::OnDawn_BeforeSunrise	1	0	8	0
4997	0x06001365	WaveCountPopUp	WaveCountPopUp::OnDusk()	WaveCountPopUp::OnDusk	23	0	8	0
4998	0x06001366	WaveCountPopUp	WaveCountPopUp::PopUpAnimation()	WaveCountPopUp::PopUpAnimation	14	0	8	0
4999	0x06001367	WaveCountPopUp	WaveCountPopUp::PlaySoundDelayed()	WaveCountPopUp::PlaySoundDelayed	7	0	8	0
5000	0x06001368	WaveCountPopUp	WaveCountPopUp::OnDuskEarly()	WaveCountPopUp::OnDuskEarly	1	0	8	0
5001	0x06001369	WaveCountPopUp	WaveCountPopUp::.ctor()	WaveCountPopUp::.ctor	40	0	8	0
5002	0x0600136A	WaveCountPopUp/<PlaySoundDelayed>d__12	WaveCountPopUp.<PlaySoundDelayed>d__12::.ctor(int)	WaveCountPopUp::PlaySoundDelayed	14	0	8	0
5003	0x0600136B	WaveCountPopUp/<PlaySoundDelayed>d__12	WaveCountPopUp.<PlaySoundDelayed>d__12::System.IDisposable.Dispose()	WaveCountPopUp::PlaySoundDelayed	1	0	8	0
5004	0x0600136C	WaveCountPopUp/<PlaySoundDelayed>d__12	WaveCountPopUp.<PlaySoundDelayed>d__12::MoveNext()	WaveCountPopUp::PlaySoundDelayed	64	1	2	0
5005	0x0600136D	WaveCountPopUp/<PlaySoundDelayed>d__12	WaveCountPopUp.<PlaySoundDelayed>d__12::System.Collections.Generic.IEnumerator<System.Object>.get_Current()	WaveCountPopUp::PlaySoundDelayed	7	0	8	0
5006	0x0600136E	WaveCountPopUp/<PlaySoundDelayed>d__12	WaveCountPopUp.<PlaySoundDelayed>d__12::System.Collections.IEnumerator.Reset()	WaveCountPopUp::PlaySoundDelayed	6	0	8	0
5007	0x0600136F	WaveCountPopUp/<PlaySoundDelayed>d__12	WaveCountPopUp.<PlaySoundDelayed>d__12::System.Collections.IEnumerator.get_Current()	WaveCountPopUp::PlaySoundDelayed	7	0	8	0
5008	0x06001370	WaveCountPopUp/<PopUpAnimation>d__11	WaveCountPopUp.<PopUpAnimation>d__11::.ctor(int)	WaveCountPopUp::PopUpAnimation	14	0	8	0
5009	0x06001371	WaveCountPopUp/<PopUpAnimation>d__11	WaveCountPopUp.<PopUpAnimation>d__11::System.IDisposable.Dispose()	WaveCountPopUp::PopUpAnimation	1	0	8	0
5010	0x06001372	WaveCountPopUp/<PopUpAnimation>d__11	WaveCountPopUp.<PopUpAnimation>d__11::MoveNext()	WaveCountPopUp::PopUpAnimation	549	3	6	0
5011	0x06001373	WaveCountPopUp/<PopUpAnimation>d__11	WaveCountPopUp.<PopUpAnimation>d__11::System.Collections.Generic.IEnumerator<System.Object>.get_Current()	WaveCountPopUp::PopUpAnimation	7	0	8	0
5012	0x06001374	WaveCountPopUp/<PopUpAnimation>d__11	WaveCountPopUp.<PopUpAnimation>d__11::System.Collections.IEnumerator.Reset()	WaveCountPopUp::PopUpAnimation	6	0	8	0
5013	0x06001375	WaveCountPopUp/<PopUpAnimation>d__11	WaveCountPopUp.<PopUpAnimation>d__11::System.Collections.IEnumerator.get_Current()	WaveCountPopUp::PopUpAnimation	7	0	8	0
5014	0x06001376	WaveDescriptionUI	WaveDescriptionUI::Start()	WaveDescriptionUI::Start	36	0	8	0
5015	0x06001377	WaveDescriptionUI	WaveDescriptionUI::OnDawn_AfterSunrise()	WaveDescriptionUI::OnDawn_AfterSunrise	13	0	8	0
5016	0x06001378	WaveDescriptionUI	WaveDescriptionUI::OnDusk()	WaveDescriptionUI::OnDusk	13	0	8	0
5017	0x06001379	WaveDescriptionUI	WaveDescriptionUI::OnDawn_BeforeSunrise()	WaveDescriptionUI::OnDawn_BeforeSunrise	1	0	8	0
5018	0x0600137A	WaveDescriptionUI	WaveDescriptionUI::OnDuskEarly()	WaveDescriptionUI::OnDuskEarly	1	0	8	0
5019	0x0600137B	WaveDescriptionUI	WaveDescriptionUI::.ctor()	WaveDescriptionUI::.ctor	7	0	8	0
5020	0x0600137C	WishlistButton	WishlistButton::Wishlist()	WishlistButton::Wishlist	11	0	8	0
5021	0x0600137D	WishlistButton	WishlistButton::.ctor()	WishlistButton::.ctor	7	0	8	0
5022	0x0600137E	UIScaleHandler	UIScaleHandler::Start()	UIScaleHandler::Start	46	0	8	0
5023	0x0600137F	UIScaleHandler	UIScaleHandler::Refresh()	UIScaleHandler::Refresh	42	1	4	0
5024	0x06001380	UIScaleHandler	UIScaleHandler::.ctor()	UIScaleHandler::.ctor	7	0	8	0
5025	0x06001381	UnitDashJump	UnitDashJump::Start()	UnitDashJump::Start	19	0	8	0
5026	0x06001382	UnitDashJump	UnitDashJump::Update()	UnitDashJump::Update	197	3	4	0
5027	0x06001383	UnitDashJump	UnitDashJump::DashJumpAnimation(TaggedObject,float)	UnitDashJump::DashJumpAnimation	21	0	8	0
5028	0x06001384	UnitDashJump	UnitDashJump::InstantiateHere(UnityEngine.GameObject)	UnitDashJump::InstantiateHere	63	1	3	0
5029	0x06001385	UnitDashJump	UnitDashJump::.ctor()	UnitDashJump::.ctor	62	0	8	0
5030	0x06001386	UnitDashJump/<DashJumpAnimation>d__19	UnitDashJump.<DashJumpAnimation>d__19::.ctor(int)	UnitDashJump::DashJumpAnimation	14	0	8	0
5031	0x06001387	UnitDashJump/<DashJumpAnimation>d__19	UnitDashJump.<DashJumpAnimation>d__19::System.IDisposable.Dispose()	UnitDashJump::DashJumpAnimation	1	0	8	0
5032	0x06001388	UnitDashJump/<DashJumpAnimation>d__19	UnitDashJump.<DashJumpAnimation>d__19::MoveNext()	UnitDashJump::DashJumpAnimation	686	6	7	0
5033	0x06001389	UnitDashJump/<DashJumpAnimation>d__19	UnitDashJump.<DashJumpAnimation>d__19::System.Collections.Generic.IEnumerator<System.Object>.get_Current()	UnitDashJump::DashJumpAnimation	7	0	8	0
5034	0x0600138A	UnitDashJump/<DashJumpAnimation>d__19	UnitDashJump.<DashJumpAnimation>d__19::System.Collections.IEnumerator.Reset()	UnitDashJump::DashJumpAnimation	6	0	8	0
5035	0x0600138B	UnitDashJump/<DashJumpAnimation>d__19	UnitDashJump.<DashJumpAnimation>d__19::System.Collections.IEnumerator.get_Current()	UnitDashJump::DashJumpAnimation	7	0	8	0
5036	0x0600138C	UnitDashJumpEnemy	UnitDashJumpEnemy::Start()	UnitDashJumpEnemy::Start	19	0	8	0
5037	0x0600138D	UnitDashJumpEnemy	UnitDashJumpEnemy::Update()	UnitDashJumpEnemy::Update	183	3	4	0
5038	0x0600138E	UnitDashJumpEnemy	UnitDashJumpEnemy::DashJumpAnimation(TaggedObject,float)	UnitDashJumpEnemy::DashJumpAnimation	21	0	8	0
5039	0x0600138F	UnitDashJumpEnemy	UnitDashJumpEnemy::InstantiateHere(UnityEngine.GameObject)	UnitDashJumpEnemy::InstantiateHere	63	1	3	0
5040	0x06001390	UnitDashJumpEnemy	UnitDashJumpEnemy::.ctor()	UnitDashJumpEnemy::.ctor	73	0	2	0
5041	0x06001391	UnitDashJumpEnemy/<DashJumpAnimation>d__21	UnitDashJumpEnemy.<DashJumpAnimation>d__21::.ctor(int)	UnitDashJumpEnemy::DashJumpAnimation	14	0	8	0
5042	0x06001392	UnitDashJumpEnemy/<DashJumpAnimation>d__21	UnitDashJumpEnemy.<DashJumpAnimation>d__21::System.IDisposable.Dispose()	UnitDashJumpEnemy::DashJumpAnimation	1	0	8	0
5043	0x06001393	UnitDashJumpEnemy/<DashJumpAnimation>d__21	UnitDashJumpEnemy.<DashJumpAnimation>d__21::MoveNext()	UnitDashJumpEnemy::DashJumpAnimation	630	6	7	0
5044	0x06001394	UnitDashJumpEnemy/<DashJumpAnimation>d__21	UnitDashJumpEnemy.<DashJumpAnimation>d__21::System.Collections.Generic.IEnumerator<System.Object>.get_Current()	UnitDashJumpEnemy::DashJumpAnimation	7	0	8	0
5045	0x06001395	UnitDashJumpEnemy/<DashJumpAnimation>d__21	UnitDashJumpEnemy.<DashJumpAnimation>d__21::System.Collections.IEnumerator.Reset()	UnitDashJumpEnemy::DashJumpAnimation	6	0	8	0
5046	0x06001396	UnitDashJumpEnemy/<DashJumpAnimation>d__21	UnitDashJumpEnemy.<DashJumpAnimation>d__21::System.Collections.IEnumerator.get_Current()	UnitDashJumpEnemy::DashJumpAnimation	7	0	8	0
5047	0x06001397	UnitProductionSelector	UnitProductionSelector::Clear()	UnitProductionSelector::Clear	11	0	8	0
5048	0x06001398	UnitProductionSelector	UnitProductionSelector::OnEnable()	UnitProductionSelector::OnEnable	85	0	3	0
5049	0x06001399	UnitProductionSelector	UnitProductionSelector::OnDisable()	UnitProductionSelector::OnDisable	12	0	8	0
5050	0x0600139A	UnitProductionSelector	UnitProductionSelector::FindClosestToPoint(UnityEngine.Vector3,ref float)	UnitProductionSelector::FindClosestToPoint	143	3	3	0
5051	0x0600139B	UnitProductionSelector	UnitProductionSelector::CustomUpdate(UnitProductionSelector,bool,bool)	UnitProductionSelector::CustomUpdate	255	3	4	1
5052	0x0600139C	UnitProductionSelector	UnitProductionSelector::CommandAllMyUnits(bool)	UnitProductionSelector::CommandAllMyUnits	68	3	3	0
5053	0x0600139D	UnitProductionSelector	UnitProductionSelector::.ctor()	UnitProductionSelector::.ctor	29	0	8	0
5054	0x0600139E	UnitProductionSelector	UnitProductionSelector::.cctor()	UnitProductionSelector::.cctor	11	0	8	0
5055	0x0600139F	UnitRespawnerForBuildings	UnitRespawnerForBuildings::get_ResetCooldownTime()	UnitRespawnerForBuildings::get_ResetCooldownTime	42	0	8	0
5056	0x060013A0	UnitRespawnerForBuildings	UnitRespawnerForBuildings::Start()	UnitRespawnerForBuildings::Start	260	2	3	0
5057	0x060013A1	UnitRespawnerForBuildings	UnitRespawnerForBuildings::Update()	UnitRespawnerForBuildings::Update	237	1	4	0
5058	0x060013A2	UnitRespawnerForBuildings	UnitRespawnerForBuildings::AtLeastOneUnitIsKnockedOut()	UnitRespawnerForBuildings::AtLeastOneUnitIsKnockedOut	60	2	2	0
5059	0x060013A3	UnitRespawnerForBuildings	UnitRespawnerForBuildings::RespawnAKnockedOutUnit()	UnitRespawnerForBuildings::RespawnAKnockedOutUnit	280	7	4	0
5060	0x060013A4	UnitRespawnerForBuildings	UnitRespawnerForBuildings::DayNightCycle.IDaytimeSensitive.OnDuskEarly()	UnitRespawnerForBuildings::DayNightCycle.IDaytimeSensitive.OnDuskEarly	181	5	3	0
5061	0x060013A5	UnitRespawnerForBuildings	UnitRespawnerForBuildings::DayNightCycle.IDaytimeSensitive.OnDusk()	UnitRespawnerForBuildings::DayNightCycle.IDaytimeSensitive.OnDusk	1	0	8	0
5062	0x060013A6	UnitRespawnerForBuildings	UnitRespawnerForBuildings::DayNightCycle.IDaytimeSensitive.OnDawn_AfterSunrise()	UnitRespawnerForBuildings::DayNightCycle.IDaytimeSensitive.OnDawn_AfterSunrise	1	0	8	0
5063	0x060013A7	UnitRespawnerForBuildings	UnitRespawnerForBuildings::DayNightCycle.IDaytimeSensitive.OnDawn_BeforeSunrise()	UnitRespawnerForBuildings::DayNightCycle.IDaytimeSensitive.OnDawn_BeforeSunrise	8	0	8	0
5064	0x060013A8	UnitRespawnerForBuildings	UnitRespawnerForBuildings::.ctor()	UnitRespawnerForBuildings::.ctor	51	0	8	0
5065	0x060013A9	PlayerUnitsInfo	PlayerUnitsInfo::Awake()	PlayerUnitsInfo::Awake	7	0	8	0
5066	0x060013AA	PlayerUnitsInfo	PlayerUnitsInfo::GetUnitsInfo()	PlayerUnitsInfo::GetUnitsInfo	689	17	4	3
5067	0x060013AB	PlayerUnitsInfo	PlayerUnitsInfo::.ctor()	PlayerUnitsInfo::.ctor	7	0	8	0
5068	0x060013AC	UnitsInfo	UnitsInfo::.ctor()	UnitsInfo::.ctor	18	0	8	0
5069	0x060013AD	UnitInfo	UnitInfo::.ctor()	UnitInfo::.ctor	7	0	8	0
5070	0x060013AE	UnparentOnStart	UnparentOnStart::Start()	UnparentOnStart::Start	13	0	8	0
5071	0x060013AF	UnparentOnStart	UnparentOnStart::.ctor()	UnparentOnStart::.ctor	7	0	8	0
5072	0x060013B0	UpgradeUnitsOnEnable	UpgradeUnitsOnEnable::OnEnable()	UpgradeUnitsOnEnable::OnEnable	96	4	4	0
5073	0x060013B1	UpgradeUnitsOnEnable	UpgradeUnitsOnEnable::.ctor()	UpgradeUnitsOnEnable::.ctor	7	0	8	0
5074	0x060013B2	KnockbackUtils	KnockbackUtils::ApplyKnockback(KnockbackUtils.KnockbackData,System.Action,System.Action)	KnockbackUtils::ApplyKnockback	359	12	8	1
5075	0x060013B3	KnockbackUtils	KnockbackUtils::ApplyRadialKnockback(KnockbackUtils.KnockbackData,System.Collections.Generic.List<TaggedObject>,System.Action,System.Action)	KnockbackUtils::ApplyRadialKnockback	181	5	8	1
5076	0x060013B4	KnockbackUtils	KnockbackUtils::GetRadialDirectionAndForce(UnityEngine.Transform,KnockbackUtils.KnockbackData)	KnockbackUtils::GetRadialDirectionAndForce	116	4	2	0
5077	0x060013B5	KnockbackUtils	KnockbackUtils::GetLinearDirectionAndForce(UnityEngine.Transform,KnockbackUtils.KnockbackData)	KnockbackUtils::GetLinearDirectionAndForce	179	6	4	0
5078	0x060013B6	KnockbackUtils	KnockbackUtils::IsInShape(KnockbackUtils.KnockbackData,TaggedObject,ref float)	KnockbackUtils::IsInShape	44	0	8	0
5079	0x060013B7	KnockbackUtils	KnockbackUtils::IsInRadialShape(KnockbackUtils.KnockbackData,TaggedObject,ref float)	KnockbackUtils::IsInRadialShape	115	1	3	0
5080	0x060013B8	KnockbackUtils	KnockbackUtils::IsInLinearShape(KnockbackUtils.KnockbackData,TaggedObject,ref float)	KnockbackUtils::IsInLinearShape	144	4	4	0
5081	0x060013B9	KnockbackUtils	KnockbackUtils::.ctor()	KnockbackUtils::.ctor	7	0	8	0
5082	0x060013BA	KnockbackUtils/KnockbackData	KnockbackUtils.KnockbackData::get_EffectiveForward()	KnockbackUtils/KnockbackData::get_EffectiveForward	37	0	8	0
5083	0x060013BB	KnockbackUtils/KnockbackData	KnockbackUtils.KnockbackData::Radial(TagManager,System.Collections.Generic.List<TagManager.ETag>,System.Collections.Generic.List<TagManager.ETag>,UnityEngine.Transform,float,float,float,int)	KnockbackUtils/KnockbackData::Radial	86	1	2	0
5084	0x060013BC	KnockbackUtils/KnockbackData	KnockbackUtils.KnockbackData::FullCircle(UnityEngine.Transform,float,float)	KnockbackUtils/KnockbackData::FullCircle	86	1	2	0
5085	0x060013BD	KnockbackUtils/KnockbackData	KnockbackUtils.KnockbackData::Linear(TagManager,System.Collections.Generic.List<TagManager.ETag>,System.Collections.Generic.List<TagManager.ETag>,UnityEngine.Transform,float,float,float,float,float,float,float,bool)	KnockbackUtils/KnockbackData::Linear	122	1	2	0
5086	0x060013BE	TimeUtils	TimeUtils::get_CurrentSmoothedFps()	TimeUtils::get_CurrentSmoothedFps	6	0	8	0
5087	0x060013BF	TimeUtils	TimeUtils::set_CurrentSmoothedFps(float)	TimeUtils::set_CurrentSmoothedFps	7	0	8	0
5088	0x060013C0	TimeUtils	TimeUtils::get_CurrentFps()	TimeUtils::get_CurrentFps	6	0	8	0
5089	0x060013C1	TimeUtils	TimeUtils::set_CurrentFps(float)	TimeUtils::set_CurrentFps	7	0	8	0
5090	0x060013C2	TimeUtils	TimeUtils::get_InverseDeltaTime()	TimeUtils::get_InverseDeltaTime	6	0	8	0
5091	0x060013C3	TimeUtils	TimeUtils::set_InverseDeltaTime(float)	TimeUtils::set_InverseDeltaTime	7	0	8	0
5092	0x060013C4	TimeUtils	TimeUtils::get_InverseDeltaTimeSqr()	TimeUtils::get_InverseDeltaTimeSqr	6	0	8	0
5093	0x060013C5	TimeUtils	TimeUtils::set_InverseDeltaTimeSqr(float)	TimeUtils::set_InverseDeltaTimeSqr	7	0	8	0
5094	0x060013C6	TimeUtils	TimeUtils::Update()	TimeUtils::Update	99	2	3	0
5095	0x060013C7	TimeUtils	TimeUtils::.ctor()	TimeUtils::.ctor	18	0	8	0
5096	0x060013C8	WaterSettings	WaterSettings::.ctor()	WaterSettings::.ctor	93	0	3	0
5097	0x060013C9	Weapon	Weapon::Attack(UnityEngine.Vector3,Hp,UnityEngine.Vector3,TaggedObject,float,float)	Weapon::Attack	622	8	9	0
5098	0x060013CA	Weapon	Weapon::SpawnAttackFx(UnityEngine.GameObject,UnityEngine.Vector3,UnityEngine.Vector3,Hp,UnityEngine.Vector3,TaggedObject,float,bool)	Weapon::SpawnAttackFx	131	3	4	0
5099	0x060013CB	Weapon	Weapon::DealSplashDamage(UnityEngine.GameObject,TaggedObject,float)	Weapon::DealSplashDamage	90	4	5	0
5100	0x060013CC	Weapon	Weapon::get_BlacksmithMulti()	Weapon::get_BlacksmithMulti	95	1	2	0
5101	0x060013CD	Weapon	Weapon::DealDamage(Hp,float,TaggedObject,bool)	Weapon::DealDamage	504	7	8	1
5102	0x060013CE	Weapon	Weapon::CalculateDirectDamageOnTarget(TaggedObject,float)	Weapon::CalculateDirectDamageOnTarget	14	0	8	0
5103	0x060013CF	Weapon	Weapon::CalculateSplashDamageOnTarget(TaggedObject,float)	Weapon::CalculateSplashDamageOnTarget	14	0	8	0
5104	0x060013D0	Weapon	Weapon::CalculateDamageGeneral(TaggedObject,System.Collections.Generic.List<DamageModifyer>,float)	Weapon::CalculateDamageGeneral	9	0	8	0
5105	0x060013D1	Weapon	Weapon::.ctor()	Weapon::.ctor	51	0	8	0
5106	0x060013D2	WeaponDamageDealer	WeaponDamageDealer::get_DamageMultiplyer()	WeaponDamageDealer::get_DamageMultiplyer	7	0	8	0
5107	0x060013D3	WeaponDamageDealer	WeaponDamageDealer::set_DamageMultiplyer(float)	WeaponDamageDealer::set_DamageMultiplyer	8	0	8	0
5108	0x060013D4	WeaponDamageDealer	WeaponDamageDealer::.ctor()	WeaponDamageDealer::.ctor	18	0	8	0
5109	0x060013D5	WeaponEquipper	WeaponEquipper::Start()	WeaponEquipper::Start	178	0	3	0
5110	0x060013D6	WeaponEquipper	WeaponEquipper::.ctor()	WeaponEquipper::.ctor	7	0	8	0
5111	0x060013D7	BakeTrail	BakeTrail::Awake()	BakeTrail::Awake	13	0	8	0
5112	0x060013D8	BakeTrail	BakeTrail::Update()	BakeTrail::Update	16	0	8	0
5113	0x060013D9	BakeTrail	BakeTrail::Bake()	BakeTrail::Bake	110	2	2	0
5114	0x060013DA	BakeTrail	BakeTrail::.ctor()	BakeTrail::.ctor	7	0	8	0
5115	0x060013DB	UnitGroupIndicator	UnitGroupIndicator::Start()	UnitGroupIndicator::Start	103	0	3	0
5116	0x060013DC	UnitGroupIndicator	UnitGroupIndicator::Refresh()	UnitGroupIndicator::Refresh	17	0	8	0
5117	0x060013DD	UnitGroupIndicator	UnitGroupIndicator::OnUnitGroupChanged()	UnitGroupIndicator::OnUnitGroupChanged	176	2	2	1
5118	0x060013DE	UnitGroupIndicator	UnitGroupIndicator::RemoveGroupIndicator()	UnitGroupIndicator::RemoveGroupIndicator	20	0	8	0
5119	0x060013DF	UnitGroupIndicator	UnitGroupIndicator::DoRemoveGroupIndicator()	UnitGroupIndicator::DoRemoveGroupIndicator	14	0	8	0
5120	0x060013E0	UnitGroupIndicator	UnitGroupIndicator::SetUnitGroupIndicatorVisible(bool)	UnitGroupIndicator::SetUnitGroupIndicatorVisible	38	0	8	0
5121	0x060013E1	UnitGroupIndicator	UnitGroupIndicator::.ctor()	UnitGroupIndicator::.ctor	29	0	8	0
5122	0x060013E2	UnitGroupIndicator/<DoRemoveGroupIndicator>d__9	UnitGroupIndicator.<DoRemoveGroupIndicator>d__9::.ctor(int)	UnitGroupIndicator::DoRemoveGroupIndicator	14	0	8	0
5123	0x060013E3	UnitGroupIndicator/<DoRemoveGroupIndicator>d__9	UnitGroupIndicator.<DoRemoveGroupIndicator>d__9::System.IDisposable.Dispose()	UnitGroupIndicator::DoRemoveGroupIndicator	1	0	8	0
5124	0x060013E4	UnitGroupIndicator/<DoRemoveGroupIndicator>d__9	UnitGroupIndicator.<DoRemoveGroupIndicator>d__9::MoveNext()	UnitGroupIndicator::DoRemoveGroupIndicator	112	2	3	0
5125	0x060013E5	UnitGroupIndicator/<DoRemoveGroupIndicator>d__9	UnitGroupIndicator.<DoRemoveGroupIndicator>d__9::System.Collections.Generic.IEnumerator<System.Object>.get_Current()	UnitGroupIndicator::DoRemoveGroupIndicator	7	0	8	0
5126	0x060013E6	UnitGroupIndicator/<DoRemoveGroupIndicator>d__9	UnitGroupIndicator.<DoRemoveGroupIndicator>d__9::System.Collections.IEnumerator.Reset()	UnitGroupIndicator::DoRemoveGroupIndicator	6	0	8	0
5127	0x060013E7	UnitGroupIndicator/<DoRemoveGroupIndicator>d__9	UnitGroupIndicator.<DoRemoveGroupIndicator>d__9::System.Collections.IEnumerator.get_Current()	UnitGroupIndicator::DoRemoveGroupIndicator	7	0	8	0
5128	0x060013E8	CustomPostProcess	CustomPostProcess::Create()	CustomPostProcess::Create	39	0	8	0
5129	0x060013E9	CustomPostProcess	CustomPostProcess::AddRenderPasses(UnityEngine.Rendering.Universal.ScriptableRenderer,ref UnityEngine.Rendering.Universal.RenderingData)	CustomPostProcess::AddRenderPasses	30	0	8	0
5130	0x060013EA	CustomPostProcess	CustomPostProcess::.ctor()	CustomPostProcess::.ctor	7	0	8	0
5131	0x060013EB	CustomPostProcess/CustomRenderPass	CustomPostProcess.CustomRenderPass::.ctor(UnityEngine.Material)	CustomPostProcess/CustomRenderPass::.ctor	30	0	8	0
5132	0x060013EC	CustomPostProcess/CustomRenderPass	CustomPostProcess.CustomRenderPass::OnCameraSetup(UnityEngine.Rendering.CommandBuffer,ref UnityEngine.Rendering.Universal.RenderingData)	CustomPostProcess/CustomRenderPass::OnCameraSetup	1	0	8	0
5133	0x060013ED	CustomPostProcess/CustomRenderPass	CustomPostProcess.CustomRenderPass::Execute(UnityEngine.Rendering.ScriptableRenderContext,ref UnityEngine.Rendering.Universal.RenderingData)	CustomPostProcess/CustomRenderPass::Execute	106	1	6	0
5134	0x060013EE	CustomPostProcess/CustomRenderPass	CustomPostProcess.CustomRenderPass::OnCameraCleanup(UnityEngine.Rendering.CommandBuffer)	CustomPostProcess/CustomRenderPass::OnCameraCleanup	1	0	8	0
5135	0x060013EF	CustomPostProcess/Settings	CustomPostProcess.Settings::.ctor()	CustomPostProcess/Settings::.ctor	7	0	8	0
5136	0x060013F0	UnitySourceGeneratedAssemblyMonoScriptTypes_v1	UnitySourceGeneratedAssemblyMonoScriptTypes_v1::Get()	UnitySourceGeneratedAssemblyMonoScriptTypes_v1::Get	98	1	4	0
5137	0x060013F1	UnitySourceGeneratedAssemblyMonoScriptTypes_v1	UnitySourceGeneratedAssemblyMonoScriptTypes_v1::.ctor()	UnitySourceGeneratedAssemblyMonoScriptTypes_v1::.ctor	7	0	8	0
5138	0x06003DD4	Thronefall.SaveServices.ISaveServices	Thronefall.SaveServices.ISaveServices::Initialize()	Thronefall.SaveServices.ISaveServices::Initialize	0	0	0	0
5139	0x06003DD5	Thronefall.SaveServices.ISaveServices	Thronefall.SaveServices.ISaveServices::Shutdown()	Thronefall.SaveServices.ISaveServices::Shutdown	0	0	0	0
5140	0x06003DD6	Thronefall.SaveServices.ISaveServices	Thronefall.SaveServices.ISaveServices::Update()	Thronefall.SaveServices.ISaveServices::Update	0	0	0	0
5141	0x06003DD7	Thronefall.SaveServices.ISaveServices	Thronefall.SaveServices.ISaveServices::get_Initialized()	Thronefall.SaveServices.ISaveServices::get_Initialized	0	0	0	0
5142	0x06003DD8	Thronefall.SaveServices.ISaveServices	Thronefall.SaveServices.ISaveServices::Exists(string)	Thronefall.SaveServices.ISaveServices::Exists	0	0	0	0
5143	0x06003DD9	Thronefall.SaveServices.ISaveServices	Thronefall.SaveServices.ISaveServices::WriteAllLines(string,string[])	Thronefall.SaveServices.ISaveServices::WriteAllLines	0	0	0	0
5144	0x06003DDA	Thronefall.SaveServices.ISaveServices	Thronefall.SaveServices.ISaveServices::WriteAllLinesSafe(string,System.Collections.Generic.IEnumerable<string>)	Thronefall.SaveServices.ISaveServices::WriteAllLinesSafe	0	0	0	0
5145	0x06003DDB	Thronefall.SaveServices.ISaveServices	Thronefall.SaveServices.ISaveServices::WriteAllText(string,string)	Thronefall.SaveServices.ISaveServices::WriteAllText	0	0	0	0
5146	0x06003DDC	Thronefall.SaveServices.ISaveServices	Thronefall.SaveServices.ISaveServices::ReadAllLines(string)	Thronefall.SaveServices.ISaveServices::ReadAllLines	0	0	0	0
5147	0x06003DDD	Thronefall.SaveServices.ISaveServices	Thronefall.SaveServices.ISaveServices::ReadAllLinesSafe(string)	Thronefall.SaveServices.ISaveServices::ReadAllLinesSafe	0	0	0	0
5148	0x06003DDE	Thronefall.SaveServices.ISaveServices	Thronefall.SaveServices.ISaveServices::ReadAllText(string)	Thronefall.SaveServices.ISaveServices::ReadAllText	0	0	0	0
5149	0x06003DDF	Thronefall.SaveServices.ISaveServices	Thronefall.SaveServices.ISaveServices::SavePlayerPrefs()	Thronefall.SaveServices.ISaveServices::SavePlayerPrefs	0	0	0	0
5150	0x06003DE0	Thronefall.SaveServices.ISaveServices	Thronefall.SaveServices.ISaveServices::RestorePlayerPrefs()	Thronefall.SaveServices.ISaveServices::RestorePlayerPrefs	0	0	0	0
5151	0x06003DE1	Thronefall.SaveServices.ISaveServices	Thronefall.SaveServices.ISaveServices::GetFullSavePath(string)	Thronefall.SaveServices.ISaveServices::GetFullSavePath	0	0	0	0
5152	0x06003DE2	Thronefall.SaveServices.SaveServicesLocator	Thronefall.SaveServices.SaveServicesLocator::get_Instance()	Thronefall.SaveServices.SaveServicesLocator::get_Instance	29	0	8	0
5153	0x06003DE3	Thronefall.SaveServices.SaveServicesLocator	Thronefall.SaveServices.SaveServicesLocator::CreateInstance()	Thronefall.SaveServices.SaveServicesLocator::CreateInstance	16	0	8	0
5154	0x06003DE4	Thronefall.SaveServices.SaveServicesLocator	Thronefall.SaveServices.SaveServicesLocator::Reset()	Thronefall.SaveServices.SaveServicesLocator::Reset	7	0	8	0
5155	0x06003DE5	Thronefall.SaveServices.SteamSaveServices	Thronefall.SaveServices.SteamSaveServices::Initialize()	Thronefall.SaveServices.SteamSaveServices::Initialize	8	0	8	0
5156	0x06003DE6	Thronefall.SaveServices.SteamSaveServices	Thronefall.SaveServices.SteamSaveServices::Shutdown()	Thronefall.SaveServices.SteamSaveServices::Shutdown	8	0	8	0
5157	0x06003DE7	Thronefall.SaveServices.SteamSaveServices	Thronefall.SaveServices.SteamSaveServices::Update()	Thronefall.SaveServices.SteamSaveServices::Update	1	0	8	0
5158	0x06003DE8	Thronefall.SaveServices.SteamSaveServices	Thronefall.SaveServices.SteamSaveServices::get_Initialized()	Thronefall.SaveServices.SteamSaveServices::get_Initialized	7	0	8	0
5159	0x06003DE9	Thronefall.SaveServices.SteamSaveServices	Thronefall.SaveServices.SteamSaveServices::Exists(string)	Thronefall.SaveServices.SteamSaveServices::Exists	17	0	8	0
5160	0x06003DEA	Thronefall.SaveServices.SteamSaveServices	Thronefall.SaveServices.SteamSaveServices::WriteAllLines(string,string[])	Thronefall.SaveServices.SteamSaveServices::WriteAllLines	17	0	8	0
5161	0x06003DEB	Thronefall.SaveServices.SteamSaveServices	Thronefall.SaveServices.SteamSaveServices::WriteAllLinesSafe(string,System.Collections.Generic.IEnumerable<string>)	Thronefall.SaveServices.SteamSaveServices::WriteAllLinesSafe	8	0	8	0
5162	0x06003DEC	Thronefall.SaveServices.SteamSaveServices	Thronefall.SaveServices.SteamSaveServices::WriteAllText(string,string)	Thronefall.SaveServices.SteamSaveServices::WriteAllText	17	0	8	0
5163	0x06003DED	Thronefall.SaveServices.SteamSaveServices	Thronefall.SaveServices.SteamSaveServices::ReadAllLines(string)	Thronefall.SaveServices.SteamSaveServices::ReadAllLines	21	0	8	0
5164	0x06003DEE	Thronefall.SaveServices.SteamSaveServices	Thronefall.SaveServices.SteamSaveServices::ReadAllLinesSafe(string)	Thronefall.SaveServices.SteamSaveServices::ReadAllLinesSafe	7	0	8	0
5165	0x06003DEF	Thronefall.SaveServices.SteamSaveServices	Thronefall.SaveServices.SteamSaveServices::ReadAllText(string)	Thronefall.SaveServices.SteamSaveServices::ReadAllText	21	0	8	0
5166	0x06003DF0	Thronefall.SaveServices.SteamSaveServices	Thronefall.SaveServices.SteamSaveServices::SavePlayerPrefs()	Thronefall.SaveServices.SteamSaveServices::SavePlayerPrefs	1	0	8	0
5167	0x06003DF1	Thronefall.SaveServices.SteamSaveServices	Thronefall.SaveServices.SteamSaveServices::RestorePlayerPrefs()	Thronefall.SaveServices.SteamSaveServices::RestorePlayerPrefs	1	0	8	0
5168	0x06003DF2	Thronefall.SaveServices.SteamSaveServices	Thronefall.SaveServices.SteamSaveServices::GetFullSavePath(string)	Thronefall.SaveServices.SteamSaveServices::GetFullSavePath	12	0	8	0
5169	0x06003DF3	Thronefall.SaveServices.SteamSaveServices	Thronefall.SaveServices.SteamSaveServices::.ctor()	Thronefall.SaveServices.SteamSaveServices::.ctor	7	0	8	0
5170	0x06003DF4	Thronefall.GameServices.GameServicesLocator	Thronefall.GameServices.GameServicesLocator::get_Instance()	Thronefall.GameServices.GameServicesLocator::get_Instance	29	0	8	0
5171	0x06003DF5	Thronefall.GameServices.GameServicesLocator	Thronefall.GameServices.GameServicesLocator::CreateInstance()	Thronefall.GameServices.GameServicesLocator::CreateInstance	16	0	8	0
5172	0x06003DF6	Thronefall.GameServices.GameServicesLocator	Thronefall.GameServices.GameServicesLocator::Reset()	Thronefall.GameServices.GameServicesLocator::Reset	7	0	8	0
5173	0x06003DF7	Thronefall.GameServices.IGameServices	Thronefall.GameServices.IGameServices::get_Initialized()	Thronefall.GameServices.IGameServices::get_Initialized	0	0	0	0
5174	0x06003DF8	Thronefall.GameServices.IGameServices	Thronefall.GameServices.IGameServices::get_OnLeaderboardDownloadComplete()	Thronefall.GameServices.IGameServices::get_OnLeaderboardDownloadComplete	0	0	0	0
5175	0x06003DF9	Thronefall.GameServices.IGameServices	Thronefall.GameServices.IGameServices::get_OnLeaderboardError()	Thronefall.GameServices.IGameServices::get_OnLeaderboardError	0	0	0	0
5176	0x06003DFA	Thronefall.GameServices.IGameServices	Thronefall.GameServices.IGameServices::get_LastDownloadedLeaderboardEntries()	Thronefall.GameServices.IGameServices::get_LastDownloadedLeaderboardEntries	0	0	0	0
5177	0x06003DFB	Thronefall.GameServices.IGameServices	Thronefall.GameServices.IGameServices::GetPersonaName()	Thronefall.GameServices.IGameServices::GetPersonaName	0	0	0	0
5178	0x06003DFC	Thronefall.GameServices.IGameServices	Thronefall.GameServices.IGameServices::DownloadFriendsHighscores(string)	Thronefall.GameServices.IGameServices::DownloadFriendsHighscores	0	0	0	0
5179	0x06003DFD	Thronefall.GameServices.IGameServices	Thronefall.GameServices.IGameServices::UploadHighscore(int,string)	Thronefall.GameServices.IGameServices::UploadHighscore	0	0	0	0
5180	0x06003DFE	Thronefall.GameServices.IGameServices	Thronefall.GameServices.IGameServices::SetAchievement(string)	Thronefall.GameServices.IGameServices::SetAchievement	0	0	0	0
5181	0x06003DFF	Thronefall.GameServices.IGameServices	Thronefall.GameServices.IGameServices::ClearAchievement(string)	Thronefall.GameServices.IGameServices::ClearAchievement	0	0	0	0
5182	0x06003E00	Thronefall.GameServices.IGameServices	Thronefall.GameServices.IGameServices::StoreStats()	Thronefall.GameServices.IGameServices::StoreStats	0	0	0	0
5183	0x06003E01	Thronefall.GameServices.IGameServices	Thronefall.GameServices.IGameServices::IsRunningOnSteamDeck()	Thronefall.GameServices.IGameServices::IsRunningOnSteamDeck	0	0	0	0
5184	0x06003E02	Thronefall.GameServices.SteamGameServices	Thronefall.GameServices.SteamGameServices::get_Initialized()	Thronefall.GameServices.SteamGameServices::get_Initialized	6	0	8	0
5185	0x06003E03	Thronefall.GameServices.SteamGameServices	Thronefall.GameServices.SteamGameServices::get_LastDownloadedLeaderboardEntries()	Thronefall.GameServices.SteamGameServices::get_LastDownloadedLeaderboardEntries	11	0	8	0
5186	0x06003E04	Thronefall.GameServices.SteamGameServices	Thronefall.GameServices.SteamGameServices::get_OnLeaderboardDownloadComplete()	Thronefall.GameServices.SteamGameServices::get_OnLeaderboardDownloadComplete	11	0	8	0
5187	0x06003E05	Thronefall.GameServices.SteamGameServices	Thronefall.GameServices.SteamGameServices::get_OnLeaderboardError()	Thronefall.GameServices.SteamGameServices::get_OnLeaderboardError	11	0	8	0
5188	0x06003E06	Thronefall.GameServices.SteamGameServices	Thronefall.GameServices.SteamGameServices::GetPersonaName()	Thronefall.GameServices.SteamGameServices::GetPersonaName	20	0	8	0
5189	0x06003E07	Thronefall.GameServices.SteamGameServices	Thronefall.GameServices.SteamGameServices::DownloadFriendsHighscores(string)	Thronefall.GameServices.SteamGameServices::DownloadFriendsHighscores	21	0	8	0
5190	0x06003E08	Thronefall.GameServices.SteamGameServices	Thronefall.GameServices.SteamGameServices::UploadHighscore(int,string)	Thronefall.GameServices.SteamGameServices::UploadHighscore	22	0	8	0
5191	0x06003E09	Thronefall.GameServices.SteamGameServices	Thronefall.GameServices.SteamGameServices::SetAchievement(string)	Thronefall.GameServices.SteamGameServices::SetAchievement	17	0	8	0
5192	0x06003E0A	Thronefall.GameServices.SteamGameServices	Thronefall.GameServices.SteamGameServices::ClearAchievement(string)	Thronefall.GameServices.SteamGameServices::ClearAchievement	17	0	8	0
5193	0x06003E0B	Thronefall.GameServices.SteamGameServices	Thronefall.GameServices.SteamGameServices::StoreStats()	Thronefall.GameServices.SteamGameServices::StoreStats	16	0	8	0
5194	0x06003E0C	Thronefall.GameServices.SteamGameServices	Thronefall.GameServices.SteamGameServices::IsRunningOnSteamDeck()	Thronefall.GameServices.SteamGameServices::IsRunningOnSteamDeck	16	0	8	0
5195	0x06003E0D	Thronefall.GameServices.SteamGameServices	Thronefall.GameServices.SteamGameServices::.ctor()	Thronefall.GameServices.SteamGameServices::.ctor	7	0	8	0
5196	0x060043F8	<PrivateImplementationDetails>	<PrivateImplementationDetails>::ComputeStringHash(string)	<PrivateImplementationDetails>::PrivateImplementationDetails	44	2	2	0
5197	0x060043F9	__JobReflectionRegistrationOutput__1221673671587648887	__JobReflectionRegistrationOutput__1221673671587648887::CreateJobReflectionData()	__JobReflectionRegistrationOutput__1221673671587648887::CreateJobReflectionData	39	0	1	1
5198	0x060043FA	__JobReflectionRegistrationOutput__1221673671587648887	__JobReflectionRegistrationOutput__1221673671587648887::EarlyInit()	__JobReflectionRegistrationOutput__1221673671587648887::EarlyInit	6	0	8	0
