scene,slotId,name,building,x,y,z,yaw,ix,iy,iz,startDeactivated,activatorBuilding,activatorLevel,levels,totalCost,totalCoreCost,maxIncome,producesUnits
Neuland(Tutorial),29695,Field Variant,Field,-9.218,6.001,-66.124,0.0,-9.218,6.001,-66.124,True,Mill,0,1,1,0,1,
Neuland(Tutorial),29697,Field Variant (3),Field,-3.778,6.001,-61.134,0.0,-3.778,6.001,-61.134,True,Mill,1,1,1,0,1,
Neuland(Tutorial),29699,Field Variant (1),Field,-14.218,6.001,-60.724,0.0,-14.218,6.001,-60.724,True,Mill,0,1,1,0,1,
Neuland(Tutorial),29700,Field Variant (4),Field,-9.088,6.001,-55.674,0.0,-9.088,6.001,-55.674,True,Mill,1,1,1,0,1,
Neuland(Tutorial),29702,Field Variant (2),Field,-14.338,6.001,-65.934,0.0,-14.338,6.001,-65.934,True,Mill,0,1,1,0,1,
Neuland(Tutorial),30247,Swordsmen Hut,Barracks,15.962,5.95,-38.164,0.0,15.962,5.95,-38.164,True,Castle Center,1,4,78,0,0,yes
Neuland(Tutorial),30817,Castle Center Variant,Castle Center,-3.458,5.94,-38.744,0.0,-3.458,5.94,-38.744,False,,,2,10,0,0,
Neuland(Tutorial),32280,Defense Tower Variant,Defense Tower,20.39,8.5,-51.23,0.0,20.39,8.5,-51.23,True,House,0,4,63,0,3,
Neuland(Tutorial),32281,Defense Tower Variant (1),Defense Tower,11.042,6.001,-72.334,0.0,11.042,6.001,-72.334,True,House,0,4,63,0,3,
Neuland(Tutorial),32282,Defense Tower Variant (2),Defense Tower,5.9,6.001,-33.9,0.0,5.9,6.001,-33.9,True,Barracks,0,4,63,0,3,
Neuland(Tutorial),32286,House Variant (1),House,-0.109,6.001,-20.549,5.9,-0.109,6.001,-20.549,True,House,0,3,24,0,4,
Neuland(Tutorial),32288,House Variant (3),House,9.932,6.001,-24.434,35.8,9.932,6.001,-24.434,True,Barracks,0,3,24,0,4,
Neuland(Tutorial),32289,House Variant (4),House,7.692,6.001,-16.794,79.4,7.692,6.001,-16.794,True,House,0,3,24,0,4,
Neuland(Tutorial),32290,House Variant,House,-8.168,6.001,-19.304,-12.6,-8.168,6.001,-19.304,True,House,0,3,24,0,4,
Neuland(Tutorial),32291,House Variant (6),House,-21.308,6.001,-44.994,84.4,-21.308,6.001,-44.994,True,House,0,3,24,0,4,
Neuland(Tutorial),32296,House Variant (2),House,-15.293,6.001,-25.961,-41.8,-15.293,6.001,-25.961,True,Castle Center,0,3,24,0,4,
Neuland(Tutorial),32298,House Variant (5),House,-21.308,6.001,-34.694,-63.4,-21.308,6.001,-34.694,True,Castle Center,1,3,24,0,4,
Neuland(Tutorial),32537,Mill Variant,Mill,-9.222,6.001,-61.097,0.0,-9.222,6.001,-61.097,True,Castle Center,1,3,13,0,6,
Neuland(Tutorial),32778,Gate Wide Variant,Wall,22.17,3.21,-75.84,55.4,22.17,3.21,-75.84,True,Castle Center,1,3,56,0,0,
Nordfels,49994,Wall Segment Variant (08),Wall,-18.376,0.0,-19.15,90.0,-18.376,0.0,-19.15,True,Wall,0,3,55,0,0,
Nordfels,49998,Wall Segment Variant (6),Wall,9.76,0.0,-19.06,-90.0,9.76,0.0,-19.06,True,Wall,0,3,55,0,0,
Nordfels,49999,Wall Segment Variant (7),Wall,-18.376,0.0,-37.11,90.0,-18.376,0.0,-37.11,True,Wall,0,3,55,0,0,
Nordfels,50000,Wall Segment Variant (10),Wall,9.764,0.0,-37.09,-90.0,9.764,0.0,-37.09,True,Wall,0,3,55,0,0,
Nordfels,50003,Wall Segment Variant (1),Wall,5.05,0.0,-14.24,0.0,5.05,0.0,-14.24,True,Wall,0,3,55,0,0,
Nordfels,50920,Field Variant (6),Field,-35.7,0.0,-29.1,0.0,-35.7,0.0,-29.1,True,Mill,1,1,1,0,1,
Nordfels,50922,Field Variant (3),Field,23.2,0.0,-20.36,0.0,23.2,0.0,-20.36,True,Mill,0,1,1,0,1,
Nordfels,50923,Field Variant (5),Field,17.69,0.0,-60.02,0.0,17.69,0.0,-60.02,True,Mill,0,1,1,0,1,
Nordfels,50925,Field Variant (9),Field,17.64,0.0,-49.01,0.0,17.64,0.0,-49.01,True,Mill,1,1,1,0,1,
Nordfels,50928,Field Variant (8),Field,12.52,0.0,-59.84,90.0,12.52,0.0,-59.84,True,Mill,1,1,1,0,1,
Nordfels,50929,Field Variant (1),Field,-30.0,0.0,-29.12,0.0,-30.0,0.0,-29.12,True,Mill,0,1,1,0,1,
Nordfels,50931,Field Variant (13),Field,-29.66,0.0,-18.08,0.0,-29.66,0.0,-18.08,True,Mill,1,1,1,0,1,
Nordfels,50934,Summoning Circle (1),Summoning Circle,55.9,0.0,-12.0,0.0,55.9,0.0,-12.0,True,Castle Center,0,2,3,0,0,
Nordfels,50935,Field Variant (7),Field,-24.48,0.0,-23.77,0.0,-24.48,0.0,-23.77,True,Mill,1,1,1,0,1,
Nordfels,50939,Field Variant (14),Field,33.99,0.0,-20.33,0.0,33.99,0.0,-20.33,True,Mill,1,1,1,0,1,
Nordfels,50941,Field Variant (2),Field,28.51,0.0,-25.93,0.0,28.51,0.0,-25.93,True,Mill,0,1,1,0,1,
Nordfels,50942,Field Variant,Field,-35.78,0.0,-23.43,90.0,-35.78,0.0,-23.43,True,Mill,0,1,1,0,1,
Nordfels,50943,Field Variant (10),Field,22.91,0.0,-54.51,0.0,22.91,0.0,-54.51,True,Mill,1,1,1,0,1,
Nordfels,50946,Field Variant (12),Field,28.59,0.0,-15.1,0.0,28.59,0.0,-15.1,True,Mill,1,1,1,0,1,
Nordfels,50948,Summoning Circle,Summoning Circle,-44.978,0.0,-35.495,0.0,-44.978,0.0,-35.495,True,Castle Center,0,2,3,0,0,
Nordfels,50951,Field Variant (4),Field,12.5,0.0,-54.34,0.0,12.5,0.0,-54.34,True,Mill,0,1,1,0,1,
Nordfels,50953,Field Variant (11),Field,23.14,0.0,-15.14,90.0,23.14,0.0,-15.14,True,Mill,1,1,1,0,1,
Nordfels,52038,Gate Variant (1),Wall,9.754,0.0,-28.3,-90.0,9.754,0.0,-28.3,True,Castle Center,2,3,59,0,0,
Nordfels,52039,Gate Variant (2),Wall,-18.376,0.0,-28.26,90.0,-18.376,0.0,-28.26,True,Castle Center,2,3,59,0,0,
Nordfels,52042,Gate Variant (4),Wall,-21.97,0.0,-10.73,48.9,-21.97,0.0,-10.73,True,Wall,0,3,56,0,0,
Nordfels,52043,Gate Variant (5),Wall,20.98,-0.03,-7.41,0.0,20.98,-0.03,-7.41,True,Wall,0,3,56,0,0,
Nordfels,52046,Gate Variant,Wall,-3.85,0.0,-14.24,0.0,-3.85,0.0,-14.24,True,Castle Center,1,3,66,0,0,
Nordfels,53030,Archer Hut (2),Archery Range,40.2,0.0,-33.5,0.0,40.2,0.0,-33.5,True,Castle Center,2,4,78,0,0,yes
Nordfels,53031,Archer Hut (1),Archery Range,-15.21,0.0,-2.4,0.0,-15.21,0.0,-2.4,True,Castle Center,1,4,78,0,0,yes
Nordfels,53032,Outpost Variant,Barracks,-4.04,0.0,-29.81,0.0,-4.04,0.0,-29.81,True,Castle Center,2,4,78,0,0,yes
Nordfels,53034,Outpost Variant (1),Barracks,6.44,0.0,-2.0,0.0,6.44,0.0,-2.0,True,Castle Center,1,4,78,0,0,yes
Nordfels,55238,Castle Center Variant,Castle Center,-4.5,0.0,1.1,0.0,-4.5,0.0,1.1,False,,,4,130,0,20,
Nordfels,58885,Wall Wide Variant (1),Wall,-13.52,0.0,-43.939,28.7,-13.52,0.0,-43.939,True,Wall,0,3,55,0,0,
Nordfels,58887,Wall Wide Variant (4),Wall,-26.26,0.0,-2.25,75.0,-26.26,0.0,-2.25,True,Wall,0,3,55,0,0,
Nordfels,58889,Wall Wide Variant (3),Wall,-13.75,0.0,-14.19,0.0,-13.75,0.0,-14.19,True,Wall,0,3,55,0,0,
Nordfels,58891,Wall Wide Variant,Wall,5.354,0.0,-44.0,-30.0,5.354,0.0,-44.0,True,Wall,0,3,55,0,0,
Nordfels,58892,Wall Wide Variant (2),Wall,13.17,0.0,-10.84,-41.8,13.17,0.0,-10.84,True,Wall,0,3,55,0,0,
Nordfels,61146,Defense Tower Variant (4),Defense Tower,-9.336,0.0,-46.6,0.0,-9.336,0.0,-46.6,True,Castle Center,2,4,63,0,3,
Nordfels,61147,Defense Tower Variant (6),Defense Tower,29.15,0.0,-38.18,0.0,29.15,0.0,-38.18,True,Castle Center,0,4,63,0,3,
Nordfels,61148,Shrine,Shrine,-34.5,0.0,3.2,0.0,-34.5,0.0,3.2,True,Castle Center,0,1,3,0,0,
Nordfels,61149,Defense Tower Variant (9),Defense Tower,15.48,0.0,1.1,0.0,15.48,0.0,1.1,True,Castle Center,1,4,63,0,3,
Nordfels,61150,Shrine (5),Shrine,-0.2,0.0,-60.0,4.3,-0.2,0.0,-60.0,True,Castle Center,0,1,3,0,0,
Nordfels,61152,Defense Tower Variant (3),Defense Tower,-18.156,0.0,-41.8,0.0,-18.156,0.0,-41.8,True,Castle Center,2,4,63,0,3,
Nordfels,61154,Defense Tower Variant,Defense Tower,-18.156,0.0,-14.12,0.0,-18.156,0.0,-14.12,True,Castle Center,1,4,63,0,3,
Nordfels,61155,Defense Tower Variant (7),Defense Tower,-45.9,0.0,-24.3,0.0,-45.9,0.0,-24.3,True,Castle Center,1,4,63,0,3,
Nordfels,61160,Shrine (4),Shrine,51.0,0.0,-18.4,0.0,51.0,0.0,-18.4,True,Castle Center,0,1,3,0,0,
Nordfels,61161,Shrine (2),Shrine,16.67,0.0,-21.11,0.0,16.67,0.0,-21.11,True,Castle Center,0,1,3,0,0,
Nordfels,61162,Defense Tower Variant (8),Defense Tower,-22.5,0.0,-55.5,0.0,-22.5,0.0,-55.5,True,Castle Center,1,4,63,0,3,
Nordfels,61163,Shrine (1),Shrine,11.7,0.0,14.0,0.0,11.7,0.0,14.0,True,Castle Center,0,1,3,0,0,
Nordfels,61168,Defense Tower Variant (5),Defense Tower,1.064,0.0,-46.5,0.0,1.064,0.0,-46.5,True,Castle Center,2,4,63,0,3,
Nordfels,61169,Defense Tower Variant (2),Defense Tower,9.734,0.0,-41.8,0.0,9.734,0.0,-41.8,True,Castle Center,2,4,63,0,3,
Nordfels,61171,Shrine (3),Shrine,-36.9,0.0,-42.82,0.0,-36.9,0.0,-42.82,True,Castle Center,0,1,3,0,0,
Nordfels,61173,Defense Tower Variant (1),Defense Tower,10.27,0.0,-14.12,0.0,10.27,0.0,-14.12,True,Castle Center,0,4,63,0,3,
Nordfels,61183,House Variant (7),House,-15.12,0.0,-17.31,0.0,-15.12,0.0,-17.31,True,Wall,0,3,24,0,4,
Nordfels,61185,House Variant (2),House,18.98,0.0,10.26,0.0,18.98,0.0,10.26,True,House,0,3,24,0,4,
Nordfels,61187,House Variant (10),House,26.0,0.0,15.2,-1.5,26.0,0.0,15.2,True,House,0,3,24,0,4,
Nordfels,61188,House Variant (4),House,-10.7,0.0,10.86,-21.1,-10.7,0.0,10.86,True,Castle Center,0,3,24,0,4,
Nordfels,61189,House Variant (3),House,0.93,0.0,10.91,-145.3,0.93,0.0,10.91,True,House,0,3,24,0,4,
Nordfels,61193,House Variant (5),House,-5.09,0.0,12.6,-178.2,-5.09,0.0,12.6,True,House,0,3,24,0,4,
Nordfels,61196,Blacksmith,Blacksmith,-41.3,0.0,-8.7,-9.8,-41.3,0.0,-8.7,True,Castle Center,0,3,29,0,0,
Nordfels,61197,House Variant (11),House,20.46,0.0,19.75,93.9,20.46,0.0,19.75,True,Castle Center,1,3,24,0,4,
Nordfels,61198,House Variant (8),House,7.8,0.0,-17.5,30.0,7.8,0.0,-17.5,True,Castle Center,2,3,24,0,4,
Nordfels,61201,House Variant (6),House,-15.03,0.0,6.01,-68.2,-15.03,0.0,6.01,True,Castle Center,1,3,24,0,4,
Nordfels,61203,House Variant (9),House,-11.02,0.0,-17.34,0.0,-11.02,0.0,-17.34,True,House,0,3,24,0,4,
Nordfels,61204,House Variant,House,5.38,0.0,6.89,60.4,5.38,0.0,6.89,True,House,0,3,24,0,4,
Nordfels,62090,Mill Variant (2),Mill,17.75,0.0,-54.56,0.0,17.75,0.0,-54.56,True,Castle Center,0,3,13,0,6,
Nordfels,62093,Mill Variant (1),Mill,28.6,0.0,-20.4,0.0,28.6,0.0,-20.4,True,Castle Center,0,3,13,0,6,
Nordfels,62095,Mill Variant,Mill,-29.7,0.0,-23.84,0.0,-29.7,0.0,-23.84,True,Castle Center,0,3,13,0,6,
Nordfels,63056,Gate Wide Variant,Wall,-3.746,0.0,-46.61,0.0,-3.746,0.0,-46.61,True,Castle Center,2,3,59,0,0,
Durststein,41263,Wall Segment Variant (1),Wall,57.93,13.62,1.26,79.5,57.93,13.62,1.26,True,Wall,0,3,55,0,0,
Durststein,41264,Barricades (4),Barricades,-97.043,14.019,-2.129,-87.9,-97.043,14.019,-2.129,True,Castle Center,1,1,4,0,0,
Durststein,41265,Wall Segment Variant (1),Wall,-69.08,13.49,30.09,81.1,-69.08,13.49,30.09,True,Wall,0,3,55,0,0,
Durststein,41266,Barricades (7),Barricades,-37.48,29.11,49.32,-66.0,-37.48,29.11,49.32,True,Castle Center,1,1,4,0,0,
Durststein,41267,Barricades (5),Barricades,-114.169,5.16,0.313,-23.4,-114.169,5.16,0.313,True,Castle Center,2,1,4,0,0,
Durststein,41269,Barricades,Barricades,28.37,10.209,-14.33,-92.5,28.37,10.209,-14.33,True,Barricades,0,1,4,0,0,
Durststein,41271,Barricades (3),Barricades,-39.56,6.92,-18.23,-31.0,-39.56,6.92,-18.23,True,Castle Center,2,1,4,0,0,
Durststein,41272,Barricades (2),Barricades,28.9,11.142,-25.792,-92.5,28.9,11.142,-25.792,True,Barricades,0,1,4,0,0,
Durststein,41273,Barricades (1),Barricades,28.64,10.67,-19.991,-92.5,28.64,10.67,-19.991,True,Castle Center,1,1,4,0,0,
Durststein,41278,Wall Segment Variant,Wall,36.61,13.49,16.35,-98.9,36.61,13.49,16.35,True,Wall,0,3,55,0,0,
Durststein,41279,Wall Segment Variant,Wall,57.04,13.62,19.92,93.6,57.04,13.62,19.92,True,Wall,0,3,55,0,0,
Durststein,41282,Barricades (6),Barricades,-97.255,14.061,-7.951,-87.9,-97.255,14.061,-7.951,True,Barricades,0,1,4,0,0,
Durststein,41284,Wall Segment Variant,Wall,-66.31,13.49,11.61,81.1,-66.31,13.49,11.61,True,Wall,0,3,55,0,0,
Durststein,42327,Field Variant (4),Field,93.09,13.62,34.01,0.0,93.09,13.62,34.01,True,Mill,0,1,1,0,1,
Durststein,42332,Field Variant (6),Field,87.73,13.62,33.79,0.0,87.73,13.62,33.79,True,Mill,1,1,1,0,1,
Durststein,42335,Field Variant (12),Field,103.73,13.62,25.39,0.0,103.73,13.62,25.39,True,Mill,1,1,1,0,1,
Durststein,42336,Field Variant (8),Field,76.26,13.62,10.62,0.0,76.26,13.62,10.62,True,Mill,1,1,1,0,1,
Durststein,42338,Field Variant (14),Field,114.0,13.62,30.24,0.0,114.0,13.62,30.24,True,Mill,0,1,1,0,1,
Durststein,42339,Field Variant (1),Field,81.58,13.62,10.73,0.0,81.58,13.62,10.73,True,Mill,0,1,1,0,1,
Durststein,42341,Field Variant (7),Field,98.37,13.62,38.77,0.0,98.37,13.62,38.77,True,Mill,0,1,1,0,1,
Durststein,42343,Field Variant (15),Field,-87.33,13.49,20.43,0.0,-87.33,13.49,20.43,True,Mill,0,1,1,0,1,
Durststein,42347,Field Variant (11),Field,106.09,13.62,20.04,0.0,106.09,13.62,20.04,True,Mill,1,1,1,0,1,
Durststein,42349,Field Variant (10),Field,108.93,13.62,25.38,0.0,108.93,13.62,25.38,True,Mill,0,1,1,0,1,
Durststein,42350,Summoning Circle,Summoning Circle,-54.425,29.22,87.433,0.0,-54.425,29.22,87.433,True,Castle Center,0,2,3,0,0,
Durststein,42351,Field Variant (20),Field,-76.46,13.49,20.1,-0.7,-76.46,13.49,20.1,True,Mill,1,1,1,0,1,
Durststein,42354,Field Variant (19),Field,-78.83,13.49,15.1,0.0,-78.83,13.49,15.1,True,Mill,1,1,1,0,1,
Durststein,42356,Field Variant,Field,87.23,13.62,14.7,0.0,87.23,13.62,14.7,True,Mill,0,1,1,0,1,
Durststein,42358,Summoning Circle,Summoning Circle,87.5,13.52,2.87,0.0,87.5,13.52,2.87,True,Castle Center,0,2,3,0,0,
Durststein,42361,Field Variant (3),Field,81.57,13.62,21.4,0.0,81.57,13.62,21.4,True,Mill,1,1,1,0,1,
Durststein,42362,Field Variant (9),Field,83.26,13.62,39.1,0.0,83.26,13.62,39.1,True,Mill,1,1,1,0,1,
Durststein,42363,Field Variant (18),Field,-84.87,13.49,25.81,0.0,-84.87,13.49,25.81,True,Mill,1,1,1,0,1,
Durststein,42365,Field Variant (2),Field,76.17,13.62,15.81,0.0,76.17,13.62,15.81,True,Mill,1,1,1,0,1,
Durststein,42366,Field Variant (5),Field,88.54,13.62,39.04,0.0,88.54,13.62,39.04,True,Mill,1,1,1,0,1,
Durststein,42367,Field Variant (16),Field,-82.65,13.49,15.34,0.0,-82.65,13.49,15.34,True,Mill,0,1,1,0,1,
Durststein,42368,Field Variant (13),Field,108.97,13.62,35.29,0.0,108.97,13.62,35.29,True,Mill,1,1,1,0,1,
Durststein,44622,Archer Hut,Archery Range,14.51,13.49,14.32,0.0,14.51,13.49,14.32,True,Castle Center,1,4,78,0,0,yes
Durststein,44625,Swordsmen Hut,Barracks,46.64,13.61,14.29,0.0,46.64,13.61,14.29,True,Castle Center,0,4,78,0,0,yes
Durststein,44627,Archer Hut (1),Archery Range,-46.67,13.49,15.73,0.0,-46.67,13.49,15.73,True,Castle Center,0,4,78,0,0,yes
Durststein,44628,Swordsmen Hut (1),Barracks,-51.93,13.49,33.72,0.0,-51.93,13.49,33.72,True,Castle Center,1,4,78,0,0,yes
Durststein,46956,Castle Center Variant,Castle Center,-10.21,13.49,18.21,0.0,-10.21,13.49,18.21,False,,,4,130,0,20,
Durststein,49985,Wall Wide Variant,Wall,5.96,7.99,-9.53,84.9,5.96,7.99,-9.53,True,Wall,0,3,55,0,0,
Durststein,49986,Wall Wide Variant,Wall,128.76,13.59,30.81,-88.9,128.76,13.59,30.81,True,Wall,0,3,55,0,0,
Durststein,52495,Defense Tower Variant (11),Defense Tower,125.0,13.62,34.8,0.0,125.0,13.62,34.8,True,Castle Center,0,4,63,0,3,
Durststein,52496,Defense Tower Variant (9),Defense Tower,120.12,13.62,15.24,-26.6,120.12,13.62,15.24,True,Castle Center,0,4,63,0,3,
Durststein,52499,Shrine,Shrine,-21.1,13.49,18.2,0.0,-21.1,13.49,18.2,True,Castle Center,0,1,3,0,0,
Durststein,52500,Defense Tower Variant (14),Defense Tower,-90.85,13.49,9.48,-8.7,-90.85,13.49,9.48,True,Castle Center,1,4,63,0,3,
Durststein,52501,Defense Tower Variant (5),Defense Tower,-63.64,13.49,10.95,-8.7,-63.64,13.49,10.95,True,Castle Center,0,4,63,0,3,
Durststein,52502,Defense Tower Variant (12),Defense Tower,96.0,13.62,47.0,0.0,96.0,13.62,47.0,True,Castle Center,0,4,63,0,3,
Durststein,52504,Defense Tower Variant (7),Defense Tower,-39.27,13.49,26.69,0.0,-39.27,13.49,26.69,True,Castle Center,1,4,63,0,3,
Durststein,52506,Defense Tower Variant (6),Defense Tower,-66.79,13.49,30.37,-9.5,-66.79,13.49,30.37,True,Castle Center,0,4,63,0,3,
Durststein,52508,Defense Tower Variant (4),Defense Tower,-39.88,13.49,-0.57,0.0,-39.88,13.49,-0.57,True,Castle Center,1,4,63,0,3,
Durststein,52511,Shrine (3),Shrine,66.6,13.62,12.6,0.0,66.6,13.62,12.6,True,Castle Center,0,1,3,0,0,
Durststein,52512,Defense Tower Variant (3),Defense Tower,61.5,13.62,0.3,0.0,61.5,13.62,0.3,True,Castle Center,0,4,63,0,3,
Durststein,52513,Defense Tower Variant (2),Defense Tower,3.05,13.49,-2.61,-15.3,3.05,13.49,-2.61,True,Castle Center,1,4,63,0,3,
Durststein,52515,Shrine (4),Shrine,100.6,13.62,31.7,0.0,100.6,13.62,31.7,True,Castle Center,0,1,3,0,0,
Durststein,52516,Defense Tower Variant (8),Defense Tower,-100.09,13.49,19.58,-8.7,-100.09,13.49,19.58,True,Castle Center,1,4,63,0,3,
Durststein,52517,Shrine (1),Shrine,-0.3,13.49,16.8,0.0,-0.3,13.49,16.8,True,Castle Center,0,1,3,0,0,
Durststein,52521,Shrine (2),Shrine,-77.3,13.49,3.5,-6.4,-77.3,13.49,3.5,True,Castle Center,0,1,3,0,0,
Durststein,52524,Defense Tower Variant,Defense Tower,32.4,17.29,-3.98,0.0,32.4,17.29,-3.98,True,Castle Center,0,4,63,0,3,
Durststein,52526,Defense Tower Variant (13),Defense Tower,-81.86,13.49,34.04,-8.7,-81.86,13.49,34.04,True,Castle Center,1,4,63,0,3,
Durststein,52529,Defense Tower Variant (1),Defense Tower,-16.64,13.49,-5.57,-4.3,-16.64,13.49,-5.57,True,Castle Center,1,4,63,0,3,
Durststein,52530,Defense Tower Variant (15),Defense Tower,-42.12,39.12,65.78,-4.3,-42.12,39.12,65.78,True,Castle Center,0,4,63,0,3,
Durststein,52535,Defense Tower Variant (10),Defense Tower,93.5,13.62,25.1,0.0,93.5,13.62,25.1,True,Castle Center,0,4,63,0,3,
Durststein,52541,House Variant (6),House,-27.02,13.49,2.46,-7.0,-27.02,13.49,2.46,True,House,0,3,24,0,4,
Durststein,52545,Mine Shaft (1),Gold Mine,-21.54,39.12,64.63,96.3,-21.54,39.12,64.63,True,Castle Center,0,1,5,0,6,
Durststein,52552,House Variant (8),House,-0.74,13.49,24.47,-93.1,-0.74,13.49,24.47,True,Castle Center,1,3,24,0,4,
Durststein,52555,Royal Forge,Royal Forge,75.8,13.62,29.6,2.6,75.8,13.62,29.6,True,Castle Center,0,3,25,0,0,
Durststein,52559,House Variant (3),House,-23.31,13.49,8.3,90.0,-23.31,13.49,8.3,True,Castle Center,0,3,24,0,4,
Durststein,52560,Blacksmith,Blacksmith,-36.3,13.49,42.1,11.7,-36.3,13.49,42.1,True,,,3,29,0,0,
Durststein,52561,House Variant (10),House,-31.01,39.12,75.46,-71.8,-31.01,39.12,75.46,True,House,0,3,24,0,4,
Durststein,52563,Temple,Temple,-30.396,13.49,18.715,0.0,-30.396,13.49,18.715,True,Castle Center,0,3,33,0,0,
Durststein,52564,House Variant (5),House,-29.69,13.49,8.16,-90.0,-29.69,13.49,8.16,True,House,0,3,24,0,4,
Durststein,52565,House Variant (4),House,-17.82,13.49,36.091,-85.7,-17.82,13.49,36.091,True,House,0,3,24,0,4,
Durststein,52567,Mine Shaft,Gold Mine,-8.056,13.49,35.378,7.8,-8.056,13.49,35.378,True,Castle Center,0,1,5,0,6,
Durststein,52568,House Variant (7),House,5.84,13.49,22.31,0.0,5.84,13.49,22.31,True,House,0,3,24,0,4,
Durststein,52569,Mine Shaft (2),Gold Mine,16.97,8.5,-5.84,7.8,16.97,8.5,-5.84,True,Castle Center,0,1,5,0,6,
Durststein,52571,House Variant (2),House,-24.43,13.49,35.34,87.0,-24.43,13.49,35.34,True,House,0,3,24,0,4,
Durststein,52572,House Variant (9),House,-25.37,13.49,28.99,3.0,-25.37,13.49,28.99,True,Castle Center,0,3,24,0,4,
Durststein,52573,House Variant (11),House,-29.22,39.12,57.14,52.8,-29.22,39.12,57.14,True,House,0,3,24,0,4,
Durststein,52575,House Variant,House,-18.82,13.49,29.08,-177.0,-18.82,13.49,29.08,True,House,0,3,24,0,4,
Durststein,52576,House Variant (12),House,-32.699,39.12,66.243,84.0,-32.699,39.12,66.243,True,Castle Center,0,3,24,0,4,
Durststein,52577,House Variant (1),House,-30.88,13.49,32.56,52.4,-30.88,13.49,32.56,True,House,0,3,24,0,4,
Durststein,53561,Mill Variant (3),Mill,-82.6,13.49,20.3,0.0,-82.6,13.49,20.3,True,Castle Center,0,3,13,0,6,
Durststein,53562,Mill Variant (2),Mill,92.979,13.62,38.157,0.0,92.979,13.62,38.157,True,Castle Center,0,3,13,0,6,
Durststein,53563,Mill Variant,Mill,81.37,13.62,15.78,0.0,81.37,13.62,15.78,True,Castle Center,0,3,13,0,6,
Durststein,53566,Mill Variant (1),Mill,108.373,13.62,29.956,0.0,108.373,13.62,29.956,True,Castle Center,1,3,13,0,6,
Durststein,54485,Gate Wide Variant (5),Wall,-64.55,13.49,2.32,81.9,-64.55,13.49,2.32,True,Wall,0,3,56,0,0,
Durststein,54487,Gate Wide Variant (1),Wall,128.53,13.28,20.63,-89.3,128.53,13.28,20.63,True,Castle Center,1,3,60,0,0,
Durststein,54488,Gate Wide Variant (7),Wall,-55.22,29.29,76.53,174.0,-55.22,29.29,76.53,True,Castle Center,1,3,58,0,0,
Durststein,54489,Gate Wide Variant (4),Wall,-67.44,13.49,20.97,81.9,-67.44,13.49,20.97,True,Castle Center,0,3,61,0,0,
Durststein,54494,Gate Wide Variant (2),Wall,56.92,13.62,10.84,88.0,56.92,13.62,10.84,True,Castle Center,1,3,59,0,0,
Durststein,54495,Gate Wide Variant (3),Wall,6.47,7.93,-19.16,90.4,6.47,7.93,-19.16,True,Castle Center,1,3,60,0,0,
Durststein,54496,Gate Wide Variant (6),Wall,-69.57,13.49,39.64,86.9,-69.57,13.49,39.64,True,Wall,0,3,56,0,0,
Durststein,54499,Gate Wide Variant,Wall,36.6,13.49,7.2,-82.4,36.6,13.49,7.2,True,Castle Center,1,3,59,0,0,
Frostsee,37984,Wall Segment Variant (9),Wall,-84.46,13.49,-72.62,26.6,-84.46,13.49,-72.62,True,Wall,0,3,55,0,0,
Frostsee,37985,Wall Segment Variant (10),Wall,-91.34,13.49,-56.66,95.6,-91.34,13.49,-56.66,True,Wall,0,3,55,0,0,
Frostsee,37986,Wall Segment Variant,Wall,-19.93,13.49,-19.41,57.4,-19.93,13.49,-19.41,True,Wall,0,3,55,0,0,
Frostsee,37987,Wall Segment Variant (8),Wall,-74.91,13.49,-74.14,-24.3,-74.91,13.49,-74.14,True,Wall,0,3,55,0,0,
Frostsee,37988,Wall Segment Variant (3),Wall,-31.68,13.49,26.45,85.9,-31.68,13.49,26.45,True,Wall,0,3,55,0,0,
Frostsee,37991,Wall Segment Variant (4),Wall,-29.3,13.49,45.2,95.4,-29.3,13.49,45.2,True,Wall,0,3,55,0,0,
Frostsee,37992,Wall Segment Variant (7),Wall,-67.59,13.49,-69.19,-43.1,-67.59,13.49,-69.19,True,Wall,0,3,55,0,0,
Frostsee,37994,Wall Segment Variant (5),Wall,-103.96,13.49,37.05,47.2,-103.96,13.49,37.05,True,Wall,0,3,55,0,0,
Frostsee,37995,Wall Segment Variant (6),Wall,-66.7,13.49,-52.5,-109.8,-66.7,13.49,-52.5,True,Wall,0,3,55,0,0,
Frostsee,38001,Wall Segment Variant (2),Wall,-10.33,13.49,-35.19,47.9,-10.33,13.49,-35.19,True,Wall,0,3,55,0,0,
Frostsee,38002,Wall Segment Variant (1),Wall,-22.76,13.49,-11.03,83.4,-22.76,13.49,-11.03,True,Wall,0,3,55,0,0,
Frostsee,38964,Summoning Circle (1),Summoning Circle,-109.18,13.597,12.39,0.0,-109.18,13.597,12.39,True,Castle Center,0,2,3,0,0,
Frostsee,38966,Summoning Circle,Summoning Circle,-28.116,13.49,-55.0,0.0,-28.116,13.49,-55.0,True,Castle Center,0,2,3,0,0,
Frostsee,40126,Gate Variant,Wall,-3.41,13.49,-40.13,21.7,-3.41,13.49,-40.13,True,Wall,0,3,56,0,0,
Frostsee,41188,Swordsmen Hut,Barracks,-3.72,13.597,29.45,30.8,-3.72,13.597,29.45,True,Castle Center,1,4,78,0,0,yes
Frostsee,41190,Archer Hut,Archery Range,31.7,13.597,18.9,-44.3,31.7,13.597,18.9,True,Castle Center,0,4,78,0,0,yes
Frostsee,41191,Archer Hut,Archery Range,-65.41,13.59,20.25,0.0,-65.41,13.59,20.25,True,Castle Center,1,4,78,0,0,yes
Frostsee,41194,Swordsmen Hut,Barracks,33.7,13.597,-13.4,109.3,33.7,13.597,-13.4,True,Castle Center,1,4,78,0,0,yes
Frostsee,41195,Heros Quarter Variant (2),Hero's Quarter,-95.3,13.49,-42.0,84.7,-95.3,13.49,-42.0,True,Castle Center,2,4,86,0,0,yes
Frostsee,41197,Heros Quarter Variant (1),Hero's Quarter,-59.3,13.49,-50.3,-23.2,-59.3,13.49,-50.3,True,Castle Center,1,4,86,0,0,yes
Frostsee,43433,Castle Center Variant,Castle Center,9.2,13.49,7.6,0.0,9.2,13.49,7.6,False,,,4,130,0,20,
Frostsee,46429,Wall Wide Variant,Wall,5.99,13.49,-40.25,-14.7,5.99,13.49,-40.25,True,Wall,0,3,55,0,0,
Frostsee,48891,Defense Tower Variant (6),Defense Tower,-56.8,13.49,15.1,0.0,-56.8,13.49,15.1,True,Castle Center,1,4,63,0,3,
Frostsee,48892,Defense Tower Variant (3),Defense Tower,-25.4,13.49,20.9,0.0,-25.4,13.49,20.9,True,Castle Center,0,4,63,0,3,
Frostsee,48893,Shrine (3),Shrine,-2.9,13.49,-15.8,0.0,-2.9,13.49,-15.8,True,Castle Center,0,1,3,0,0,
Frostsee,48895,Defense Tower Variant (2),Defense Tower,-19.59,13.49,-14.99,0.0,-19.59,13.49,-14.99,True,Castle Center,1,4,63,0,3,
Frostsee,48896,Defense Tower Variant (16),Defense Tower,-68.57,13.49,-68.09,49.0,-68.57,13.49,-68.09,True,Castle Center,2,4,63,0,3,
Frostsee,48897,Defense Tower Variant (5),Defense Tower,-8.89,13.49,-33.75,45.0,-8.89,13.49,-33.75,True,Castle Center,0,4,63,0,3,
Frostsee,48898,Defense Tower Variant (14),Defense Tower,-12.8,13.49,-50.0,0.0,-12.8,13.49,-50.0,True,Castle Center,1,4,63,0,3,
Frostsee,48900,Shrine (1),Shrine,-45.2,13.49,-53.6,0.0,-45.2,13.49,-53.6,True,Castle Center,0,1,3,0,0,
Frostsee,48901,Shrine (4),Shrine,-33.4,13.49,22.9,0.0,-33.4,13.49,22.9,True,Castle Center,0,1,3,0,0,
Frostsee,48903,Shrine (2),Shrine,-107.5,13.49,-6.1,0.0,-107.5,13.49,-6.1,True,Castle Center,0,1,3,0,0,
Frostsee,48905,Defense Tower Variant (15),Defense Tower,-68.69,13.49,-54.17,-20.5,-68.69,13.49,-54.17,True,Castle Center,1,4,63,0,3,
Frostsee,48907,Shrine,Shrine,-76.946,13.49,-59.69,0.0,-76.946,13.49,-59.69,True,Castle Center,0,1,3,0,0,
Frostsee,48908,Defense Tower Variant (11),Defense Tower,-23.51,13.49,42.14,0.0,-23.51,13.49,42.14,True,Castle Center,1,4,63,0,3,
Frostsee,48909,Defense Tower Variant (13),Defense Tower,-113.8,13.49,-49.92,0.0,-113.8,13.49,-49.92,True,Castle Center,1,4,63,0,3,
Frostsee,48911,Defense Tower Variant (12),Defense Tower,-26.2,13.49,-33.7,0.0,-26.2,13.49,-33.7,True,Castle Center,1,4,63,0,3,
Frostsee,48913,Defense Tower Variant (7),Defense Tower,-84.85,13.49,9.52,40.4,-84.85,13.49,9.52,True,Castle Center,1,4,63,0,3,
Frostsee,48918,Defense Tower Variant,Defense Tower,13.9,13.49,-26.3,0.0,13.9,13.49,-26.3,True,Castle Center,1,4,63,0,3,
Frostsee,48920,Defense Tower Variant (9),Defense Tower,-87.42,13.49,-58.17,0.0,-87.42,13.49,-58.17,True,Castle Center,2,4,63,0,3,
Frostsee,48925,Defense Tower Variant (1),Defense Tower,-12.27,13.597,20.8,0.0,-12.27,13.597,20.8,True,Castle Center,1,4,63,0,3,
Frostsee,48926,Defense Tower Variant (8),Defense Tower,-93.62,13.49,19.17,-16.5,-93.62,13.49,19.17,True,Castle Center,1,4,63,0,3,
Frostsee,48927,Defense Tower Variant (10),Defense Tower,-82.84,13.49,-70.04,15.7,-82.84,13.49,-70.04,True,Castle Center,2,4,63,0,3,
Frostsee,48931,Defense Tower Variant (4),Defense Tower,-67.2,13.49,29.8,0.0,-67.2,13.49,29.8,True,Castle Center,1,4,63,0,3,
Frostsee,48937,House Variant (7),House,0.86,13.49,-3.851,-133.5,0.86,13.49,-3.851,True,House,0,3,24,0,4,
Frostsee,48938,Temple,Temple,-45.1,13.49,27.5,3.7,-45.1,13.49,27.5,True,Castle Center,1,3,33,0,0,
Frostsee,48941,House Variant (13),House,-62.8,13.49,47.0,-165.4,-62.8,13.49,47.0,True,House,0,3,24,0,4,
Frostsee,48943,House Variant (1),House,-1.359,13.49,15.474,-6.3,-1.359,13.49,15.474,True,House,0,3,24,0,4,
Frostsee,48944,House Variant (15),House,18.59,13.49,2.99,-178.8,18.59,13.49,2.99,True,Castle Center,1,3,24,0,4,
Frostsee,48945,House Variant (11),House,4.76,13.597,23.09,-93.6,4.76,13.597,23.09,True,House,0,3,24,0,4,
Frostsee,48947,House Variant (16),House,-9.37,13.49,5.88,-126.2,-9.37,13.49,5.88,True,Castle Center,1,3,24,0,4,
Frostsee,48948,House Variant (17),House,-76.61,13.49,16.81,102.9,-76.61,13.49,16.81,True,House,0,3,24,0,4,
Frostsee,48950,House Variant (9),House,-13.37,13.49,10.71,-129.0,-13.37,13.49,10.71,True,House,0,3,24,0,4,
Frostsee,48952,Fishing Harbour,Harbour,-23.11,13.05,9.12,56.8,-23.11,13.05,9.12,True,Castle Center,0,2,10,0,0,
Frostsee,48953,House Variant (10),House,-8.374,13.49,-4.473,-42.1,-8.374,13.49,-4.473,True,House,0,3,24,0,4,
Frostsee,48954,Mine Shaft,Gold Mine,-86.7,13.49,46.1,-28.2,-86.7,13.49,46.1,True,Castle Center,1,1,5,0,6,
Frostsee,48958,Fishing Harbour (1),Harbour,8.2,13.05,-51.6,-62.7,8.2,13.05,-51.6,True,Castle Center,1,2,10,0,0,
Frostsee,48959,House Variant (19),House,14.15,13.49,-9.03,-179.7,14.15,13.49,-9.03,True,House,0,3,24,0,4,
Frostsee,48963,Fishing Harbour (2),Harbour,-68.6,13.05,11.2,-6.9,-68.6,13.05,11.2,True,Castle Center,1,2,10,0,0,
Frostsee,48964,House Variant (4),House,12.66,13.49,-3.44,-90.0,12.66,13.49,-3.44,True,House,0,3,24,0,4,
Frostsee,48965,Blacksmith,Blacksmith,29.79,13.597,3.29,94.5,29.79,13.597,3.29,True,Castle Center,0,3,29,0,0,
Frostsee,48969,House Variant (20),House,18.37,13.49,-3.06,0.0,18.37,13.49,-3.06,True,House,0,3,24,0,4,
Frostsee,48970,House Variant (14),House,5.71,13.49,17.64,-90.1,5.71,13.49,17.64,True,House,0,3,24,0,4,
Frostsee,48975,House Variant,House,13.16,13.49,22.08,180.0,13.16,13.49,22.08,True,Castle Center,0,3,24,0,4,
Frostsee,48977,House Variant (6),House,2.94,13.49,-9.79,41.7,2.94,13.49,-9.79,True,Castle Center,0,3,24,0,4,
Frostsee,48978,House Variant (5),House,-11.93,13.49,0.35,-46.9,-11.93,13.49,0.35,True,House,0,3,24,0,4,
Frostsee,48981,House Variant (8),House,-4.26,13.49,-0.55,-129.6,-4.26,13.49,-0.55,True,House,0,3,24,0,4,
Frostsee,48982,House Variant (12),House,-73.57,13.49,24.18,-132.8,-73.57,13.49,24.18,True,Castle Center,1,3,24,0,4,
Frostsee,50850,Gate Wide Variant (1),Wall,-30.885,13.49,35.82,102.6,-30.885,13.49,35.82,True,Castle Center,2,3,62,0,0,
Frostsee,50852,Gate Wide Variant,Wall,-15.41,13.49,-27.78,64.6,-15.41,13.49,-27.78,True,Castle Center,2,3,65,0,0,
Frostsee,50855,Gate Wide Variant (4),Wall,-89.97,13.49,-65.86,70.3,-89.97,13.49,-65.86,True,Wall,0,3,65,0,0,
Frostsee,50856,Gate Wide Variant (3),Wall,-64.815,13.49,-61.284,-93.1,-64.815,13.49,-61.284,True,Castle Center,2,3,65,0,0,
Frostsee,50857,Gate Wide Variant (2),Wall,-96.89,13.49,30.63,38.3,-96.89,13.49,30.63,True,Castle Center,2,3,58,0,0,
Uferwind,51479,Wall Segment Variant (1),Wall,-12.35,17.15,-46.95,84.4,-12.35,17.15,-46.95,True,Wall,0,3,55,0,0,
Uferwind,51480,Wall Segment Variant,Wall,-5.65,17.15,-63.66,52.1,-5.65,17.15,-63.66,True,Wall,0,3,55,0,0,
Uferwind,52637,Field Variant (22),Field,-69.44,13.49,-15.15,0.0,-69.44,13.49,-15.15,True,Mill,1,1,1,0,1,
Uferwind,52640,Field Variant (16),Field,-2.43,13.49,4.883,0.0,-2.43,13.49,4.883,True,Mill,1,1,1,0,1,
Uferwind,52645,Field Variant (5),Field,-71.62,13.49,-33.15,0.0,-71.62,13.49,-33.15,True,Mill,1,1,1,0,1,
Uferwind,52649,Summoning Circle (1),Summoning Circle,42.048,17.6,-96.452,0.0,42.048,17.6,-96.452,True,Castle Center,0,2,3,0,0,
Uferwind,52650,Field Variant (10),Field,34.45,13.49,-15.367,0.0,34.45,13.49,-15.367,True,Mill,1,1,1,0,1,
Uferwind,52652,Field Variant (18),Field,-8.588,13.49,-0.554,0.0,-8.588,13.49,-0.554,True,Mill,0,1,1,0,1,
Uferwind,52653,Field Variant (13),Field,22.61,13.49,-15.227,0.0,22.61,13.49,-15.227,True,Mill,0,1,1,0,1,
Uferwind,52658,Field Variant (24),Field,-64.248,13.49,-20.527,0.0,-64.248,13.49,-20.527,True,Mill,0,1,1,0,1,
Uferwind,52663,Field Variant (9),Field,-59.79,13.49,-39.06,0.0,-59.79,13.49,-39.06,True,Mill,1,1,1,0,1,
Uferwind,52664,Field Variant (23),Field,-60.77,13.49,-9.41,0.0,-60.77,13.49,-9.41,True,Mill,0,1,1,0,1,
Uferwind,52665,Field Variant (11),Field,22.62,13.49,-9.457,0.0,22.62,13.49,-9.457,True,Mill,1,1,1,0,1,
Uferwind,52666,Field Variant (12),Field,22.64,13.49,-20.907,0.0,22.64,13.49,-20.907,True,Mill,1,1,1,0,1,
Uferwind,52668,Summoning Circle,Summoning Circle,7.02,14.407,-154.44,0.0,7.02,14.407,-154.44,True,Castle Center,0,2,3,0,0,
Uferwind,52669,Field Variant (8),Field,-65.948,13.49,-44.497,0.0,-65.948,13.49,-44.497,True,Mill,0,1,1,0,1,
Uferwind,52670,Field Variant (15),Field,-14.24,13.49,-0.657,0.0,-14.24,13.49,-0.657,True,Mill,1,1,1,0,1,
Uferwind,52671,Field Variant (7),Field,-71.6,13.49,-44.6,0.0,-71.6,13.49,-44.6,True,Mill,1,1,1,0,1,
Uferwind,52673,Field Variant (19),Field,-14.27,13.49,5.023,0.0,-14.27,13.49,5.023,True,Mill,0,1,1,0,1,
Uferwind,52676,Field Variant (20),Field,-58.09,13.49,-15.09,0.0,-58.09,13.49,-15.09,True,Mill,1,1,1,0,1,
Uferwind,52677,Field Variant (17),Field,-14.26,13.49,10.793,0.0,-14.26,13.49,10.793,True,Mill,1,1,1,0,1,
Uferwind,52678,Field Variant (4),Field,-34.23,13.49,-1.667,0.0,-34.23,13.49,-1.667,True,Mill,1,1,1,0,1,
Uferwind,52680,Field Variant,Field,-40.388,13.49,-7.104,0.0,-40.388,13.49,-7.104,True,Mill,0,1,1,0,1,
Uferwind,52681,Field Variant (14),Field,28.292,13.49,-20.804,0.0,28.292,13.49,-20.804,True,Mill,0,1,1,0,1,
Uferwind,52682,Field Variant (3),Field,-40.28,13.49,4.73,0.0,-40.28,13.49,4.73,True,Mill,1,1,1,0,1,
Uferwind,52686,Field Variant (21),Field,-58.65,13.49,-20.52,0.0,-58.65,13.49,-20.52,True,Mill,1,1,1,0,1,
Uferwind,52687,Field Variant (1),Field,-46.07,13.49,-1.527,0.0,-46.07,13.49,-1.527,True,Mill,0,1,1,0,1,
Uferwind,52689,Field Variant (6),Field,-71.63,13.49,-38.92,0.0,-71.63,13.49,-38.92,True,Mill,0,1,1,0,1,
Uferwind,52690,Field Variant (2),Field,-46.04,13.49,-7.207,0.0,-46.04,13.49,-7.207,True,Mill,1,1,1,0,1,
Uferwind,55177,Heroes Quarter Variant,Hero's Quarter,-47.765,13.49,-60.329,0.0,-47.765,13.49,-60.329,True,Castle Center,0,4,86,0,0,yes
Uferwind,55178,Archer Hut,Archery Range,31.71,17.6,-100.84,0.0,31.71,17.6,-100.84,True,Castle Center,0,4,78,0,0,yes
Uferwind,55181,Archer Hut,Archery Range,1.45,14.407,-140.5,-29.4,1.45,14.407,-140.5,True,Castle Center,0,4,78,0,0,yes
Uferwind,55183,Swordsmen Hut,Barracks,1.27,13.49,-26.49,178.1,1.27,13.49,-26.49,True,Castle Center,0,4,78,0,0,yes
Uferwind,55186,Swordsmen Hut (1),Barracks,-16.83,13.49,-30.38,149.7,-16.83,13.49,-30.38,True,Castle Center,0,4,78,0,0,yes
Uferwind,57776,Castle Center Variant,Castle Center,10.2,17.6,-51.73,-18.6,10.2,17.6,-51.73,False,,,4,130,0,20,
Uferwind,61138,Wall Wide Variant (6),Wall,43.5,13.49,-8.3,-130.9,43.5,13.49,-8.3,True,Wall,0,3,55,0,0,
Uferwind,61142,Wall Wide Variant (14),Wall,-71.4,13.49,-66.4,53.9,-71.4,13.49,-66.4,True,Wall,0,3,55,0,0,
Uferwind,61145,Wall Wide Variant (11),Wall,-86.53,13.49,-20.47,112.2,-86.53,13.49,-20.47,True,Wall,0,3,55,0,0,
Uferwind,61146,Wall Wide Variant (5),Wall,28.5,13.49,5.9,-150.8,28.5,13.49,5.9,True,Wall,0,3,55,0,0,
Uferwind,61151,Wall Wide Variant (13),Wall,-85.1,13.49,-50.7,53.9,-85.1,13.49,-50.7,True,Wall,0,3,55,0,0,
Uferwind,61153,Wall Wide Variant (7),Wall,49.1,13.49,-17.4,-112.1,49.1,13.49,-17.4,True,Wall,0,3,55,0,0,
Uferwind,61154,Wall Wide Variant (1),Wall,-30.79,13.49,15.28,150.5,-30.79,13.49,15.28,True,Wall,0,3,55,0,0,
Uferwind,61155,Wall Wide Variant (4),Wall,18.6,13.49,9.8,-168.0,18.6,13.49,9.8,True,Wall,0,3,55,0,0,
Uferwind,61156,Wall Wide Variant (15),Wall,-63.8,13.49,-73.6,32.4,-63.8,13.49,-73.6,True,Wall,0,3,55,0,0,
Uferwind,61157,Wall Wide Variant (2),Wall,-10.86,13.49,19.31,-174.9,-10.86,13.49,19.31,True,Wall,0,3,55,0,0,
Uferwind,61159,Wall Wide Variant (3),Wall,-0.63,13.49,16.93,-158.6,-0.63,13.49,16.93,True,Wall,0,3,55,0,0,
Uferwind,61161,Wall Wide Variant (10),Wall,-80.2,13.49,-12.9,150.5,-80.2,13.49,-12.9,True,Wall,0,3,55,0,0,
Uferwind,61164,Wall Wide Variant (9),Wall,-68.8,13.49,1.5,148.3,-68.8,13.49,1.5,True,Wall,0,3,55,0,0,
Uferwind,61165,Wall Wide Variant (8),Wall,-60.2,13.49,7.8,140.2,-60.2,13.49,7.8,True,Wall,0,3,55,0,0,
Uferwind,61167,Wall Wide Variant,Wall,-41.108,13.49,12.92,180.0,-41.108,13.49,12.92,True,Wall,0,3,55,0,0,
Uferwind,61169,Wall Wide Variant (12),Wall,-88.5,13.49,-41.0,87.6,-88.5,13.49,-41.0,True,Wall,0,3,55,0,0,
Uferwind,64016,Defense Tower Variant (13),Defense Tower,-67.38,13.49,-70.08,-50.4,-67.38,13.49,-70.08,True,Castle Center,1,4,63,0,3,
Uferwind,64017,Defense Tower Variant (4),Defense Tower,-6.42,17.6,-44.0,-18.6,-6.42,17.6,-44.0,True,Castle Center,0,4,63,0,3,
Uferwind,64018,Defense Tower Variant (21),Defense Tower,18.05,17.6,-104.09,-18.6,18.05,17.6,-104.09,True,Castle Center,0,4,63,0,3,
Uferwind,64019,Defense Tower Variant (1),Defense Tower,18.98,17.6,-61.11,-45.1,18.98,17.6,-61.11,True,Castle Center,0,4,63,0,3,
Uferwind,64020,Defense Tower Variant (3),Defense Tower,7.29,17.6,-39.74,-18.6,7.29,17.6,-39.74,True,Castle Center,0,4,63,0,3,
Uferwind,64022,Defense Tower Variant (17),Defense Tower,12.0,13.49,-9.3,0.0,12.0,13.49,-9.3,True,Castle Center,0,4,63,0,3,
Uferwind,64023,Defense Tower Variant (15),Defense Tower,-29.17,13.38,-75.12,0.0,-29.17,13.38,-75.12,True,Castle Center,0,4,63,0,3,
Uferwind,64024,Defense Tower Variant (7),Defense Tower,-5.9,13.49,18.7,8.5,-5.9,13.49,18.7,True,Castle Center,1,4,63,0,3,
Uferwind,64027,Defense Tower Variant (14),Defense Tower,-50.8,13.49,-30.4,0.0,-50.8,13.49,-30.4,True,Castle Center,0,4,63,0,3,
Uferwind,64033,Defense Tower Variant (6),Defense Tower,-34.2,13.49,13.4,-19.2,-34.2,13.49,13.4,True,Castle Center,1,4,63,0,3,
Uferwind,64036,Defense Tower Variant (22),Defense Tower,-39.09,10.84,-141.35,0.0,-39.09,10.84,-141.35,True,Castle Center,0,4,63,0,3,
Uferwind,64041,Defense Tower Variant,Defense Tower,-18.78,13.49,-15.28,0.0,-18.78,13.49,-15.28,True,Castle Center,0,4,63,0,3,
Uferwind,64043,Shrine (4),Shrine,-8.2,13.49,-16.1,0.0,-8.2,13.49,-16.1,True,Castle Center,0,1,3,0,0,
Uferwind,64046,Defense Tower Variant (12),Defense Tower,-87.25,13.49,-46.13,-24.9,-87.25,13.49,-46.13,True,Castle Center,1,4,63,0,3,
Uferwind,64048,Defense Tower Variant (9),Defense Tower,47.7,13.49,-14.3,72.3,47.7,13.49,-14.3,True,Castle Center,1,4,63,0,3,
Uferwind,64049,Defense Tower Variant (18),Defense Tower,30.68,13.49,-45.49,58.4,30.68,13.49,-45.49,True,Castle Center,1,4,63,0,3,
Uferwind,64051,Defense Tower Variant (11),Defense Tower,-84.1,13.49,-16.5,-47.1,-84.1,13.49,-16.5,True,Castle Center,1,4,63,0,3,
Uferwind,64054,Defense Tower Variant (2),Defense Tower,9.04,17.6,-69.93,-18.6,9.04,17.6,-69.93,True,Castle Center,1,4,63,0,3,
Uferwind,64055,Shrine (2),Shrine,-25.7,13.49,4.8,0.0,-25.7,13.49,4.8,True,Castle Center,0,1,3,0,0,
Uferwind,64057,Defense Tower Variant (23),Defense Tower,16.91,14.407,-147.81,-18.6,16.91,14.407,-147.81,True,Castle Center,0,4,63,0,3,
Uferwind,64058,Defense Tower Variant (24),Defense Tower,-1.79,14.407,-163.19,-18.6,-1.79,14.407,-163.19,True,Castle Center,0,4,63,0,3,
Uferwind,64059,Defense Tower Variant (10),Defense Tower,-63.4,13.49,4.3,-40.4,-63.4,13.49,4.3,True,Castle Center,1,4,63,0,3,
Uferwind,64060,Defense Tower Variant (25),Defense Tower,9.04,14.407,-116.96,-18.6,9.04,14.407,-116.96,True,Castle Center,0,4,63,0,3,
Uferwind,64062,Defense Tower Variant (20),Defense Tower,38.09,17.6,-113.04,-18.6,38.09,17.6,-113.04,True,Castle Center,0,4,63,0,3,
Uferwind,64063,Shrine,Shrine,-96.21,13.49,-54.08,20.1,-96.21,13.49,-54.08,True,Castle Center,0,1,3,0,0,
Uferwind,64064,Defense Tower Variant (8),Defense Tower,24.6,13.49,8.0,16.4,24.6,13.49,8.0,True,Castle Center,1,4,63,0,3,
Uferwind,64065,Defense Tower Variant (16),Defense Tower,45.3,13.49,-36.7,65.1,45.3,13.49,-36.7,True,Castle Center,1,4,63,0,3,
Uferwind,64066,Shrine (1),Shrine,-62.5,13.49,-29.1,0.0,-62.5,13.49,-29.1,True,Castle Center,0,1,3,0,0,
Uferwind,64072,Shrine (3),Shrine,31.0,13.49,-6.5,0.0,31.0,13.49,-6.5,True,Castle Center,0,1,3,0,0,
Uferwind,64076,Defense Tower Variant (19),Defense Tower,48.8,17.6,-85.0,-18.6,48.8,17.6,-85.0,True,Castle Center,0,4,63,0,3,
Uferwind,64077,Defense Tower Variant (5),Defense Tower,-33.05,13.38,-51.51,0.0,-33.05,13.38,-51.51,True,Castle Center,0,4,63,0,3,
Uferwind,64082,House Variant (2),House,7.994,17.6,-62.355,3.2,7.994,17.6,-62.355,True,House,0,3,24,0,4,
Uferwind,64083,Blacksmith,Blacksmith,35.6,17.6,-87.48,1.7,35.6,17.6,-87.48,True,Castle Center,0,3,29,0,0,
Uferwind,64085,House Variant (12),House,0.6,13.49,-14.6,-179.3,0.6,13.49,-14.6,True,House,0,3,24,0,4,
Uferwind,64087,House Variant (4),House,-30.0,13.49,-16.87,-36.0,-30.0,13.49,-16.87,True,Castle Center,0,3,24,0,4,
Uferwind,64088,Bridge Variant,Bridge,21.2,17.05,-72.46,-40.5,21.2,17.05,-72.46,True,Castle Center,0,1,2,0,1,
Uferwind,64090,House Variant (1),House,0.12,17.6,-50.29,-110.3,0.12,17.6,-50.29,True,House,0,3,24,0,4,
Uferwind,64094,House Variant (10),House,24.2,13.49,-34.11,-138.6,24.2,13.49,-34.11,True,Castle Center,0,3,24,0,4,
Uferwind,64096,House Variant (5),House,-32.27,13.49,-43.37,90.0,-32.27,13.49,-43.37,True,Castle Center,0,3,24,0,4,
Uferwind,64097,House Variant (6),House,3.69,13.49,-8.54,-143.7,3.69,13.49,-8.54,True,House,0,3,24,0,4,
Uferwind,64098,Bridge Variant (1),Bridge,-9.2,13.8,-114.4,-93.4,-9.2,13.8,-114.4,True,Castle Center,0,1,2,0,1,
Uferwind,64100,Bridge Variant (2),Bridge,9.69,13.9,-102.58,-151.7,9.69,13.9,-102.58,True,Castle Center,0,1,2,0,1,
Uferwind,64103,Fishing Harbour (1),Harbour,-31.1,10.8,-104.19,35.6,-31.1,10.8,-104.19,True,Castle Center,1,2,10,0,0,
Uferwind,64104,House Variant (9),House,1.22,17.6,-57.05,-109.6,1.22,17.6,-57.05,True,Castle Center,0,3,24,0,4,
Uferwind,64108,House Variant,House,-33.06,13.49,-36.41,0.0,-33.06,13.49,-36.41,True,House,0,3,24,0,4,
Uferwind,64110,House Variant (11),House,27.0,13.49,-38.81,-44.4,27.0,13.49,-38.81,True,House,0,3,24,0,4,
Uferwind,64113,House Variant (7),House,8.0,13.49,-14.9,-90.0,8.0,13.49,-14.9,True,House,0,3,24,0,4,
Uferwind,64115,House Variant (8),House,-39.39,13.49,-41.33,51.7,-39.39,13.49,-41.33,True,House,0,3,24,0,4,
Uferwind,64116,House Variant (3),House,-25.02,13.49,-11.15,-0.6,-25.02,13.49,-11.15,True,House,0,3,24,0,4,
Uferwind,64117,Fishing Harbour,Harbour,38.9,10.8,-48.3,-31.6,38.9,10.8,-48.3,True,Castle Center,1,2,10,0,0,
Uferwind,64121,Fishing Harbour (2),Harbour,-29.2,10.8,-142.1,-140.7,-29.2,10.8,-142.1,True,Castle Center,0,2,10,0,0,
Uferwind,65261,Mill Variant (3),Mill,-8.6,13.49,5.0,0.0,-8.6,13.49,5.0,True,Castle Center,1,3,13,0,6,
Uferwind,65262,Mill Variant (2),Mill,28.28,13.49,-15.25,0.0,28.28,13.49,-15.25,True,Castle Center,0,3,13,0,6,
Uferwind,65263,Mill Variant,Mill,-40.4,13.49,-1.55,0.0,-40.4,13.49,-1.55,True,Castle Center,0,3,13,0,6,
Uferwind,65264,Mill Variant (4),Mill,-63.74,13.49,-14.73,0.0,-63.74,13.49,-14.73,True,Castle Center,1,3,13,0,6,
Uferwind,65265,Mill Variant (1),Mill,-65.96,13.49,-38.943,0.0,-65.96,13.49,-38.943,True,Castle Center,0,3,13,0,6,
Uferwind,66234,Gate Wide Variant (5),Wall,-74.49,13.49,-5.64,106.0,-74.49,13.49,-5.64,True,Wall,0,3,56,0,0,
Uferwind,66236,Gate Wide Variant (8),Wall,-56.03,13.49,-80.11,48.0,-56.03,13.49,-80.11,True,Wall,0,3,56,0,0,
Uferwind,66240,Gate Wide Variant (6),Wall,-88.7,13.49,-30.51,90.1,-88.7,13.49,-30.51,True,Wall,0,3,56,0,0,
Uferwind,66241,Gate Wide Variant,Wall,-51.5,13.49,12.0,169.3,-51.5,13.49,12.0,True,Wall,0,3,56,0,0,
Uferwind,66242,Gate Wide Variant (2),Wall,8.85,13.49,12.79,-154.7,8.85,13.49,12.79,True,Wall,0,3,56,0,0,
Uferwind,66244,Gate Wide Variant (9),Wall,-10.32,17.15,-55.6,-112.7,-10.32,17.15,-55.6,True,Castle Center,0,3,58,0,0,
Uferwind,66248,Gate Wide Variant (4),Wall,54.5,13.49,-26.1,-133.1,54.5,13.49,-26.1,True,Wall,0,3,56,0,0,
Uferwind,66249,Gate Wide Variant (3),Wall,36.6,13.49,-0.5,-133.1,36.6,13.49,-0.5,True,Wall,0,3,56,0,0,
Uferwind,66250,Gate Wide Variant (1),Wall,-21.18,13.49,18.87,169.3,-21.18,13.49,18.87,True,Castle Center,0,3,85,0,0,
Uferwind,66252,Gate Wide Variant (7),Wall,-78.2,13.49,-58.5,44.3,-78.2,13.49,-58.5,True,Wall,0,3,56,0,0,
Sturmklamm,57457,Barricades,Barricades,-70.54,17.66,-40.81,14.6,-70.54,17.66,-40.81,True,Castle Center,1,1,5,0,0,
Sturmklamm,57459,Barricades (2),Barricades,-49.6,27.55,-18.8,-51.2,-49.6,27.55,-18.8,True,Castle Center,1,1,5,0,0,
Sturmklamm,57461,Barricades (1),Barricades,-75.17,17.66,-37.41,52.7,-75.17,17.66,-37.41,True,Barricades,0,1,5,0,0,
Sturmklamm,58495,Field Variant (5),Field,-42.76,23.397,-36.33,-72.7,-42.76,23.397,-36.33,True,Mill,1,1,1,0,1,
Sturmklamm,58496,Field Variant (11),Field,-74.32,17.897,78.64,60.0,-74.32,17.897,78.64,True,Mill,0,1,1,0,1,
Sturmklamm,58497,Summoning Circle (1),Summoning Circle,-109.381,17.897,81.43,0.0,-109.381,17.897,81.43,True,Castle Center,0,2,3,0,0,
Sturmklamm,58498,Field Variant (10),Field,-78.18,17.897,88.15,150.9,-78.18,17.897,88.15,True,Mill,1,1,1,0,1,
Sturmklamm,58500,Field Variant (8),Field,-38.18,23.397,-32.46,16.7,-38.18,23.397,-32.46,True,Mill,1,1,1,0,1,
Sturmklamm,58505,Field Variant (6),Field,-52.69,23.397,-31.56,107.3,-52.69,23.397,-31.56,True,Mill,0,1,1,0,1,
Sturmklamm,58507,Field Variant (15),Field,-83.14,17.897,86.1,61.0,-83.14,17.897,86.1,True,Mill,1,1,1,0,1,
Sturmklamm,58508,Field Variant (7),Field,-43.52,23.397,-29.91,107.3,-43.52,23.397,-29.91,True,Mill,0,1,1,0,1,
Sturmklamm,58509,Field Variant (1),Field,-109.24,17.897,18.49,-102.5,-109.24,17.897,18.49,True,Mill,0,1,1,0,1,
Sturmklamm,58510,Field Variant (9),Field,-48.92,23.397,-27.39,17.3,-48.92,23.397,-27.39,True,Mill,1,1,1,0,1,
Sturmklamm,58514,Field Variant (3),Field,-116.06,17.897,22.25,-13.1,-116.06,17.897,22.25,True,Mill,1,1,1,0,1,
Sturmklamm,58516,Field Variant (12),Field,-71.36,17.897,83.41,61.4,-71.36,17.897,83.41,True,Mill,1,1,1,0,1,
Sturmklamm,58520,Field Variant,Field,-108.05,17.897,13.8,-15.1,-108.05,17.897,13.8,True,Mill,1,1,1,0,1,
Sturmklamm,58521,Summoning Circle,Summoning Circle,-104.536,17.897,74.443,0.0,-104.536,17.897,74.443,True,Castle Center,0,2,3,0,0,
Sturmklamm,58523,Field Variant (14),Field,-80.6,17.897,82.11,82.1,-80.6,17.897,82.11,True,Mill,0,1,1,0,1,
Sturmklamm,58524,Field Variant (4),Field,-117.33,17.897,27.29,75.9,-117.33,17.897,27.29,True,Mill,1,1,1,0,1,
Sturmklamm,58525,Field Variant (2),Field,-110.8,17.897,23.31,-15.2,-110.8,17.897,23.31,True,Mill,0,1,1,0,1,
Sturmklamm,58526,Summoning Circle (2),Summoning Circle,-112.559,17.897,70.542,0.0,-112.559,17.897,70.542,True,Castle Center,0,2,3,0,0,
Sturmklamm,59761,Gate Variant,Wall,-81.57,23.6,48.62,4.5,-81.57,23.6,48.62,True,Castle Center,0,3,59,0,0,
Sturmklamm,59763,Gate Variant,Wall,-66.35,23.397,-29.86,39.6,-66.35,23.397,-29.86,True,Castle Center,0,3,59,0,0,
Sturmklamm,60838,Archer Hut (1),Archery Range,-71.29,23.397,6.78,71.4,-71.29,23.397,6.78,True,Castle Center,0,4,78,0,0,yes
Sturmklamm,60839,Swordsmen Hut (2),Barracks,-75.6,23.397,28.1,93.0,-75.6,23.397,28.1,True,Castle Center,2,4,78,0,0,yes
Sturmklamm,60841,Archer Hut (2),Archery Range,-24.92,30.997,5.37,31.9,-24.92,30.997,5.37,True,Castle Center,1,4,78,0,0,yes
Sturmklamm,60842,Heros Quarter Variant (2),Hero's Quarter,-91.7,17.897,0.1,-15.1,-91.7,17.897,0.1,True,Castle Center,2,4,86,0,0,yes
Sturmklamm,60846,Heros Quarter Variant (3),Hero's Quarter,-54.6,30.997,46.52,1.4,-54.6,30.997,46.52,True,Castle Center,2,4,86,0,0,yes
Sturmklamm,60849,Swordsmen Hut (1),Barracks,-43.4,17.897,-48.8,15.9,-43.4,17.897,-48.8,True,Castle Center,2,4,78,0,0,yes
Sturmklamm,63230,Castle Center Variant,Castle Center,-48.1,30.997,11.5,0.0,-48.1,30.997,11.5,False,,,4,130,0,20,
Sturmklamm,68912,Defense Tower Variant (12),Defense Tower,-65.0,30.997,26.45,-1.0,-65.0,30.997,26.45,True,Castle Center,1,4,63,0,3,
Sturmklamm,68913,Defense Tower Variant (18),Defense Tower,-41.19,30.997,44.72,16.3,-41.19,30.997,44.72,True,Castle Center,1,4,63,0,3,
Sturmklamm,68914,Defense Tower Variant (5),Defense Tower,-54.7,17.897,-46.8,9.9,-54.7,17.897,-46.8,True,Castle Center,1,4,63,0,3,
Sturmklamm,68915,Shrine (3),Shrine,-77.76,23.397,34.65,2.3,-77.76,23.397,34.65,True,Castle Center,0,1,3,0,0,
Sturmklamm,68917,Defense Tower Variant (3),Defense Tower,-90.24,23.397,27.58,-0.1,-90.24,23.397,27.58,True,Castle Center,0,4,63,0,3,
Sturmklamm,68919,Defense Tower Variant (9),Defense Tower,-54.38,30.997,-4.21,-34.1,-54.38,30.997,-4.21,True,Castle Center,1,4,63,0,3,
Sturmklamm,68920,Defense Tower Variant (11),Defense Tower,-62.14,30.997,11.54,-16.8,-62.14,30.997,11.54,True,Castle Center,1,4,63,0,3,
Sturmklamm,68921,Defense Tower Variant (23),Defense Tower,-53.29,30.997,57.38,10.0,-53.29,30.997,57.38,True,Castle Center,1,4,63,0,3,
Sturmklamm,68922,Defense Tower Variant (6),Defense Tower,-51.04,23.397,-22.47,-54.1,-51.04,23.397,-22.47,True,Castle Center,0,4,63,0,3,
Sturmklamm,68924,Defense Tower Variant (13),Defense Tower,-17.1,30.997,-17.5,-92.2,-17.1,30.997,-17.5,True,Castle Center,0,4,63,0,3,
Sturmklamm,68925,Defense Tower Variant (14),Defense Tower,-111.48,17.897,87.41,17.8,-111.48,17.897,87.41,True,Castle Center,2,4,63,0,3,
Sturmklamm,68927,Shrine,Shrine,-33.99,17.897,-55.16,44.9,-33.99,17.897,-55.16,True,Castle Center,0,1,3,0,0,
Sturmklamm,68928,Shrine (4),Shrine,-110.25,17.897,75.38,7.8,-110.25,17.897,75.38,True,Castle Center,0,1,3,0,0,
Sturmklamm,68930,Defense Tower Variant (8),Defense Tower,-92.7,17.897,-19.3,-29.9,-92.7,17.897,-19.3,True,Castle Center,1,4,63,0,3,
Sturmklamm,68931,Shrine (2),Shrine,-65.85,23.397,-11.02,-43.2,-65.85,23.397,-11.02,True,Castle Center,0,1,3,0,0,
Sturmklamm,68932,Defense Tower Variant (19),Defense Tower,-1.9,30.997,-11.4,10.0,-1.9,30.997,-11.4,True,Castle Center,1,4,63,0,3,
Sturmklamm,68933,Defense Tower Variant (7),Defense Tower,-115.11,17.897,10.9,-17.4,-115.11,17.897,10.9,True,Castle Center,1,4,63,0,3,
Sturmklamm,68934,Defense Tower Variant (10),Defense Tower,-41.32,30.997,-15.46,-61.0,-41.32,30.997,-15.46,True,Castle Center,0,4,63,0,3,
Sturmklamm,68935,Defense Tower Variant (22),Defense Tower,-13.29,30.997,1.4,-41.9,-13.29,30.997,1.4,True,Castle Center,1,4,63,0,3,
Sturmklamm,68937,Defense Tower Variant (2),Defense Tower,-87.46,23.397,11.84,-14.3,-87.46,23.397,11.84,True,Castle Center,1,4,63,0,3,
Sturmklamm,68940,Defense Tower Variant (17),Defense Tower,-27.34,17.897,-66.01,-79.6,-27.34,17.897,-66.01,True,Castle Center,1,4,63,0,3,
Sturmklamm,68943,Shrine (1),Shrine,-102.11,17.897,-6.88,-22.4,-102.11,17.897,-6.88,True,Castle Center,0,1,3,0,0,
Sturmklamm,68946,Shrine (5),Shrine,-29.99,30.997,-8.88,-43.2,-29.99,30.997,-8.88,True,Castle Center,0,1,3,0,0,
Sturmklamm,68947,Defense Tower Variant (20),Defense Tower,-22.81,30.997,15.57,-51.3,-22.81,30.997,15.57,True,Castle Center,0,4,63,0,3,
Sturmklamm,68949,Defense Tower Variant,Defense Tower,-72.77,23.397,-18.33,-40.8,-72.77,23.397,-18.33,True,Castle Center,0,4,63,0,3,
Sturmklamm,68955,Defense Tower Variant (16),Defense Tower,-62.2,30.997,44.21,19.0,-62.2,30.997,44.21,True,Castle Center,1,4,63,0,3,
Sturmklamm,68958,Defense Tower Variant (15),Defense Tower,-98.6,17.897,70.3,-34.4,-98.6,17.897,70.3,True,Castle Center,0,4,63,0,3,
Sturmklamm,68961,Defense Tower Variant (1),Defense Tower,-82.64,23.397,-2.04,-22.8,-82.64,23.397,-2.04,True,Castle Center,1,4,63,0,3,
Sturmklamm,68967,Defense Tower Variant (21),Defense Tower,-33.36,30.997,27.54,-46.2,-33.36,30.997,27.54,True,Castle Center,1,4,63,0,3,
Sturmklamm,68968,Defense Tower Variant (4),Defense Tower,-35.45,23.519,-39.06,-79.6,-35.45,23.519,-39.06,True,Castle Center,1,4,63,0,3,
Sturmklamm,68978,Royayl Forge,Royal Forge,-48.91,30.997,37.74,-175.9,-48.91,30.997,37.74,True,Castle Center,0,3,25,0,0,
Sturmklamm,68979,House Variant (9),House,-43.18,30.997,26.18,-177.8,-43.18,30.997,26.18,True,Castle Center,1,3,24,0,4,
Sturmklamm,68983,House Variant (4),House,-38.605,30.997,4.619,1.8,-38.605,30.997,4.619,True,Castle Center,0,3,24,0,4,
Sturmklamm,68986,House Variant (10),House,-43.21,30.997,20.08,-90.3,-43.21,30.997,20.08,True,House,0,3,24,0,4,
Sturmklamm,68987,House Variant (2),House,-74.87,23.397,19.82,-3.6,-74.87,23.397,19.82,True,House,2,3,24,0,4,
Sturmklamm,68989,House Variant (7),House,-39.17,30.997,12.94,-88.2,-39.17,30.997,12.94,True,House,0,3,24,0,4,
Sturmklamm,68990,House Variant (1),House,-35.74,30.997,18.98,-84.5,-35.74,30.997,18.98,True,House,0,3,24,0,4,
Sturmklamm,68993,Blacksmith (1),Blacksmith,-15.5,30.997,-7.9,3.4,-15.5,30.997,-7.9,True,Castle Center,1,3,29,0,0,
Sturmklamm,68996,House Variant (8),House,-49.64,30.997,21.94,177.6,-49.64,30.997,21.94,True,House,0,3,24,0,4,
Sturmklamm,68997,House Variant (3),House,-74.39,23.397,13.73,74.7,-74.39,23.397,13.73,True,Castle Center,0,3,24,0,4,
Sturmklamm,68998,House Variant (5),House,-56.4,30.997,14.81,-90.7,-56.4,30.997,14.81,True,House,0,3,24,0,4,
Sturmklamm,69001,House Variant (6),House,-55.784,30.997,21.339,-86.2,-55.784,30.997,21.339,True,House,0,3,24,0,4,
Sturmklamm,69003,Mine Shaft (1),Gold Mine,-105.1,17.897,64.1,151.6,-105.1,17.897,64.1,True,Castle Center,2,1,5,0,6,
Sturmklamm,69006,House Variant,House,-44.845,30.997,1.195,0.2,-44.845,30.997,1.195,True,Castle Center,0,3,24,0,4,
Sturmklamm,69007,Mine Shaft,Gold Mine,-106.4,17.897,43.2,43.7,-106.4,17.897,43.2,True,Castle Center,2,1,5,0,6,
Sturmklamm,70033,Mill Variant (2),Mill,-76.05,17.897,83.07,82.1,-76.05,17.897,83.07,True,Castle Center,0,3,13,0,6,
Sturmklamm,70034,Mill Variant,Mill,-114.75,17.897,17.21,50.3,-114.75,17.897,17.21,True,Castle Center,0,3,13,0,6,
Sturmklamm,70035,Mill Variant (1),Mill,-47.98,23.397,-34.47,17.3,-47.98,23.397,-34.47,True,Castle Center,1,3,13,0,6,
Sturmklamm,70954,Gate Wide Variant,Wall,-91.65,23.34,39.24,99.1,-91.65,23.34,39.24,True,Castle Center,0,3,59,0,0,
Sturmklamm,70955,Gate Wide Variant (1),Wall,-27.988,30.997,-20.005,0.0,-27.988,30.997,-20.005,True,Castle Center,0,3,59,0,0,
Nordfels Bow Micro,19409,Wall Segment Variant (1),Wall,5.05,0.0,-14.24,0.0,5.05,0.0,-14.24,True,Wall,0,3,55,0,0,
Nordfels Bow Micro,19565,Gate Variant (4),Wall,-21.97,0.0,-10.73,48.9,-21.97,0.0,-10.73,True,Wall,0,3,56,0,0,
Nordfels Bow Micro,19566,Gate Variant (5),Wall,20.98,-0.03,-7.41,0.0,20.98,-0.03,-7.41,True,Wall,0,3,56,0,0,
Nordfels Bow Micro,19567,Gate Variant,Wall,-3.85,0.0,-14.24,0.0,-3.85,0.0,-14.24,True,Defense Tower,0,3,74,0,0,
Nordfels Bow Micro,19890,Castle Center Variant,Castle Center,-4.5,0.0,1.1,0.0,-4.5,0.0,1.1,False,,,4,130,0,20,
Nordfels Bow Micro,20881,Wall Wide Variant (4),Wall,-26.26,0.0,-2.25,75.0,-26.26,0.0,-2.25,True,Wall,0,3,55,0,0,
Nordfels Bow Micro,20883,Wall Wide Variant (3),Wall,-13.75,0.0,-14.19,0.0,-13.75,0.0,-14.19,True,Wall,0,3,55,0,0,
Nordfels Bow Micro,20884,Wall Wide Variant (2),Wall,13.17,0.0,-10.84,-41.8,13.17,0.0,-10.84,True,Wall,0,3,55,0,0,
Nordfels Bow Micro,21076,Defense Tower Variant (9),Defense Tower,15.48,0.0,1.1,0.0,15.48,0.0,1.1,True,Castle Center,2,2,8,0,0,
Nordfels Bow Micro,21078,Defense Tower Variant,Defense Tower,-15.83,0.0,-9.39,0.0,-15.83,0.0,-9.39,True,Defense Tower,1,2,8,0,0,
Nordfels Bow Micro,21079,Defense Tower Variant (7),Defense Tower,22.5,0.0,-33.6,0.0,22.5,0.0,-33.6,True,Castle Center,0,2,8,0,0,
Nordfels Bow Micro,21081,Defense Tower Variant (8),Defense Tower,-22.5,0.0,-55.5,0.0,-22.5,0.0,-55.5,True,Defense Tower,1,2,8,0,0,
Nordfels Bow Micro,21084,Defense Tower Variant (1),Defense Tower,7.9,0.0,-9.6,0.0,7.9,0.0,-9.6,True,Castle Center,1,2,8,0,0,
Nordfels Siege,48077,Wall Segment Variant (08),Wall,-18.376,0.0,-19.15,90.0,-18.376,0.0,-19.15,True,Wall,0,3,55,0,0,
Nordfels Siege,48081,Wall Segment Variant (6),Wall,9.76,0.0,-19.06,-90.0,9.76,0.0,-19.06,True,Wall,0,3,55,0,0,
Nordfels Siege,48082,Wall Segment Variant (7),Wall,-18.376,0.0,-37.11,90.0,-18.376,0.0,-37.11,True,Wall,0,3,55,0,0,
Nordfels Siege,48083,Wall Segment Variant (10),Wall,9.764,0.0,-37.09,-90.0,9.764,0.0,-37.09,True,Wall,0,3,55,0,0,
Nordfels Siege,48086,Wall Segment Variant (1),Wall,5.05,0.0,-14.24,0.0,5.05,0.0,-14.24,True,Wall,0,3,55,0,0,
Nordfels Siege,48949,Field Variant (6),Field,-35.7,0.0,-29.1,0.0,-35.7,0.0,-29.1,True,Mill,1,1,1,0,1,
Nordfels Siege,48950,Field Variant (3),Field,23.2,0.0,-20.36,0.0,23.2,0.0,-20.36,True,Mill,0,1,1,0,1,
Nordfels Siege,48951,Field Variant (5),Field,30.24,0.0,-52.42,0.0,30.24,0.0,-52.42,True,Mill,0,1,1,0,1,
Nordfels Siege,48953,Field Variant (9),Field,30.19,0.0,-41.41,0.0,30.19,0.0,-41.41,True,Mill,1,1,1,0,1,
Nordfels Siege,48956,Field Variant (8),Field,25.07,0.0,-52.24,90.0,25.07,0.0,-52.24,True,Mill,1,1,1,0,1,
Nordfels Siege,48957,Field Variant (1),Field,-30.0,0.0,-29.12,0.0,-30.0,0.0,-29.12,True,Mill,0,1,1,0,1,
Nordfels Siege,48959,Field Variant (13),Field,-29.66,0.0,-18.08,0.0,-29.66,0.0,-18.08,True,Mill,1,1,1,0,1,
Nordfels Siege,48962,Field Variant (7),Field,-24.48,0.0,-23.77,0.0,-24.48,0.0,-23.77,True,Mill,1,1,1,0,1,
Nordfels Siege,48965,Field Variant (14),Field,33.99,0.0,-20.33,0.0,33.99,0.0,-20.33,True,Mill,1,1,1,0,1,
Nordfels Siege,48967,Field Variant (2),Field,28.51,0.0,-25.93,0.0,28.51,0.0,-25.93,True,Mill,0,1,1,0,1,
Nordfels Siege,48968,Field Variant,Field,-35.78,0.0,-23.43,90.0,-35.78,0.0,-23.43,True,Mill,0,1,1,0,1,
Nordfels Siege,48969,Field Variant (10),Field,35.46,0.0,-46.91,0.0,35.46,0.0,-46.91,True,Mill,1,1,1,0,1,
Nordfels Siege,48972,Field Variant (12),Field,28.59,0.0,-15.1,0.0,28.59,0.0,-15.1,True,Mill,1,1,1,0,1,
Nordfels Siege,48976,Field Variant (4),Field,25.05,0.0,-46.74,0.0,25.05,0.0,-46.74,True,Mill,0,1,1,0,1,
Nordfels Siege,48978,Field Variant (11),Field,23.14,0.0,-15.14,90.0,23.14,0.0,-15.14,True,Mill,1,1,1,0,1,
Nordfels Siege,50029,Gate Variant (1),Wall,9.754,0.0,-28.3,-90.0,9.754,0.0,-28.3,True,Castle Center,2,3,59,0,0,
Nordfels Siege,50030,Gate Variant (2),Wall,-18.376,0.0,-28.26,90.0,-18.376,0.0,-28.26,True,Castle Center,2,3,59,0,0,
Nordfels Siege,50033,Gate Variant (4),Wall,-21.97,0.0,-10.73,48.9,-21.97,0.0,-10.73,True,Wall,0,3,56,0,0,
Nordfels Siege,50034,Gate Variant (5),Wall,20.98,-0.03,-7.41,0.0,20.98,-0.03,-7.41,True,Wall,0,3,56,0,0,
Nordfels Siege,50037,Gate Variant,Wall,-3.85,0.0,-14.24,0.0,-3.85,0.0,-14.24,True,Castle Center,1,3,66,0,0,
Nordfels Siege,50980,Archer Hut (2),Archery Range,40.2,0.0,-33.5,0.0,40.2,0.0,-33.5,True,Castle Center,2,4,78,0,0,yes
Nordfels Siege,50981,Archer Hut (1),Archery Range,-15.21,0.0,-2.4,0.0,-15.21,0.0,-2.4,True,Castle Center,1,4,78,0,0,yes
Nordfels Siege,50982,Heros Quarter Variant (1),Hero's Quarter,-9.99,0.0,11.38,0.0,-9.99,0.0,11.38,True,Castle Center,0,4,86,0,0,yes
Nordfels Siege,50983,Outpost Variant,Barracks,-4.04,0.0,-29.81,0.0,-4.04,0.0,-29.81,True,Castle Center,2,4,78,0,0,yes
Nordfels Siege,50985,Outpost Variant (1),Barracks,6.44,0.0,-2.0,0.0,6.44,0.0,-2.0,True,Castle Center,1,4,78,0,0,yes
Nordfels Siege,53106,Castle Center Variant,Castle Center,-4.5,0.0,1.1,0.0,-4.5,0.0,1.1,False,,,4,130,0,20,
Nordfels Siege,56695,Wall Wide Variant (1),Wall,-13.52,0.0,-43.939,28.7,-13.52,0.0,-43.939,True,Wall,0,3,55,0,0,
Nordfels Siege,56697,Wall Wide Variant (4),Wall,-26.26,0.0,-2.25,75.0,-26.26,0.0,-2.25,True,Wall,0,3,55,0,0,
Nordfels Siege,56699,Wall Wide Variant (3),Wall,-13.75,0.0,-14.19,0.0,-13.75,0.0,-14.19,True,Wall,0,3,55,0,0,
Nordfels Siege,56701,Wall Wide Variant,Wall,5.354,0.0,-44.0,-30.0,5.354,0.0,-44.0,True,Wall,0,3,55,0,0,
Nordfels Siege,56702,Wall Wide Variant (2),Wall,13.17,0.0,-10.84,-41.8,13.17,0.0,-10.84,True,Wall,0,3,55,0,0,
Nordfels Siege,58828,Defense Tower Variant (4),Defense Tower,-9.336,0.0,-46.6,0.0,-9.336,0.0,-46.6,True,Castle Center,2,4,63,0,3,
Nordfels Siege,58829,Defense Tower Variant (6),Defense Tower,13.2,0.0,-60.5,0.0,13.2,0.0,-60.5,True,Castle Center,0,4,63,0,3,
Nordfels Siege,58830,Defense Tower Variant (9),Defense Tower,15.48,0.0,1.1,0.0,15.48,0.0,1.1,True,Castle Center,1,4,63,0,3,
Nordfels Siege,58831,Defense Tower Variant (3),Defense Tower,-18.156,0.0,-41.8,0.0,-18.156,0.0,-41.8,True,Castle Center,2,4,63,0,3,
Nordfels Siege,58833,Defense Tower Variant (10),Defense Tower,2.58,0.0,10.3,0.0,2.58,0.0,10.3,True,Castle Center,1,4,63,0,3,
Nordfels Siege,58834,Defense Tower Variant,Defense Tower,-18.156,0.0,-14.12,0.0,-18.156,0.0,-14.12,True,Castle Center,1,4,63,0,3,
Nordfels Siege,58835,Defense Tower Variant (7),Defense Tower,-45.9,0.0,-24.3,0.0,-45.9,0.0,-24.3,True,Castle Center,1,4,63,0,3,
Nordfels Siege,58839,Defense Tower Variant (8),Defense Tower,-22.5,0.0,-55.5,0.0,-22.5,0.0,-55.5,True,Castle Center,1,4,63,0,3,
Nordfels Siege,58842,Defense Tower Variant (5),Defense Tower,1.064,0.0,-46.5,0.0,1.064,0.0,-46.5,True,Castle Center,2,4,63,0,3,
Nordfels Siege,58843,Defense Tower Variant (2),Defense Tower,9.734,0.0,-41.8,0.0,9.734,0.0,-41.8,True,Castle Center,2,4,63,0,3,
Nordfels Siege,58845,Defense Tower Variant (1),Defense Tower,10.27,0.0,-14.12,0.0,10.27,0.0,-14.12,True,Castle Center,0,4,63,0,3,
Nordfels Siege,59688,Mill Variant (2),Mill,30.3,0.0,-46.96,0.0,30.3,0.0,-46.96,True,Castle Center,0,3,13,0,6,
Nordfels Siege,59691,Mill Variant (1),Mill,28.6,0.0,-20.4,0.0,28.6,0.0,-20.4,True,Castle Center,0,3,13,0,6,
Nordfels Siege,59693,Mill Variant,Mill,-29.7,0.0,-23.84,0.0,-29.7,0.0,-23.84,True,Castle Center,0,3,13,0,6,
Nordfels Siege,60630,Gate Wide Variant,Wall,-3.746,0.0,-46.61,0.0,-3.746,0.0,-46.61,True,Castle Center,2,3,59,0,0,
Nordfels Commander,43336,Wall Segment Variant (08),Wall,-18.376,0.0,-19.15,90.0,-18.376,0.0,-19.15,True,Wall,0,3,55,0,0,
Nordfels Commander,43340,Wall Segment Variant (6),Wall,9.76,0.0,-19.06,-90.0,9.76,0.0,-19.06,True,Wall,0,3,55,0,0,
Nordfels Commander,43341,Wall Segment Variant (7),Wall,-18.376,0.0,-37.11,90.0,-18.376,0.0,-37.11,True,Wall,0,3,55,0,0,
Nordfels Commander,43342,Wall Segment Variant (10),Wall,9.764,0.0,-37.09,-90.0,9.764,0.0,-37.09,True,Wall,0,3,55,0,0,
Nordfels Commander,43345,Wall Segment Variant (1),Wall,5.05,0.0,-14.24,0.0,5.05,0.0,-14.24,True,Wall,0,3,55,0,0,
Nordfels Commander,44976,Gate Variant (1),Wall,9.754,0.0,-28.3,-90.0,9.754,0.0,-28.3,True,Castle Center,1,3,59,0,0,
Nordfels Commander,44977,Gate Variant (2),Wall,-18.376,0.0,-28.26,90.0,-18.376,0.0,-28.26,True,Castle Center,1,3,59,0,0,
Nordfels Commander,44980,Gate Variant (4),Wall,-21.97,0.0,-10.73,48.9,-21.97,0.0,-10.73,True,Wall,0,3,56,0,0,
Nordfels Commander,44981,Gate Variant (5),Wall,20.98,-0.03,-7.41,0.0,20.98,-0.03,-7.41,True,Wall,0,3,56,0,0,
Nordfels Commander,44984,Gate Variant,Wall,-3.85,0.0,-14.24,0.0,-3.85,0.0,-14.24,True,Castle Center,0,3,66,0,0,
Nordfels Commander,45853,Archer Hut (2),Archery Range,15.7,0.0,6.0,0.0,15.7,0.0,6.0,True,Castle Center,0,4,78,0,0,yes
Nordfels Commander,45854,Archer Hut (1),Archery Range,-15.21,0.0,-2.4,0.0,-15.21,0.0,-2.4,True,Castle Center,0,4,78,0,0,yes
Nordfels Commander,45855,Outpost Variant,Barracks,-4.04,0.0,-29.81,0.0,-4.04,0.0,-29.81,True,Castle Center,0,4,78,0,0,yes
Nordfels Commander,45859,Outpost Variant (1),Barracks,6.44,0.0,-2.0,0.0,6.44,0.0,-2.0,True,Castle Center,0,4,78,0,0,yes
Nordfels Commander,45861,Heros Quarter Variant (2),Hero's Quarter,-12.9,0.0,11.2,0.0,-12.9,0.0,11.2,True,Castle Center,2,4,86,0,0,yes
Nordfels Commander,45862,Heros Quarter Variant (1),Hero's Quarter,-32.57,0.0,-27.58,0.0,-32.57,0.0,-27.58,True,Castle Center,1,4,86,0,0,yes
Nordfels Commander,47738,Castle Center Variant,Castle Center,-4.5,0.0,1.1,0.0,-4.5,0.0,1.1,False,,,4,130,0,20,
Nordfels Commander,51132,Wall Wide Variant (1),Wall,-13.52,0.0,-43.939,28.7,-13.52,0.0,-43.939,True,Wall,0,3,55,0,0,
Nordfels Commander,51134,Wall Wide Variant (4),Wall,-26.26,0.0,-2.25,75.0,-26.26,0.0,-2.25,True,Wall,0,3,55,0,0,
Nordfels Commander,51136,Wall Wide Variant (3),Wall,-13.75,0.0,-14.19,0.0,-13.75,0.0,-14.19,True,Wall,0,3,55,0,0,
Nordfels Commander,51138,Wall Wide Variant,Wall,5.354,0.0,-44.0,-30.0,5.354,0.0,-44.0,True,Wall,0,3,55,0,0,
Nordfels Commander,51139,Wall Wide Variant (2),Wall,13.17,0.0,-10.84,-41.8,13.17,0.0,-10.84,True,Wall,0,3,55,0,0,
Nordfels Commander,54568,Gate Wide Variant,Wall,-3.746,0.0,-46.61,0.0,-3.746,0.0,-46.61,True,Castle Center,1,3,59,0,0,
Durststein Gold Puzzle,12372,Field Variant (4),Field,93.09,13.62,34.01,0.0,93.09,13.62,34.01,True,Mill,0,1,1,0,1,
Durststein Gold Puzzle,12377,Field Variant (6),Field,87.73,13.62,33.79,0.0,87.73,13.62,33.79,True,Mill,1,1,1,0,1,
Durststein Gold Puzzle,12379,Field Variant (12),Field,103.73,13.62,25.39,0.0,103.73,13.62,25.39,True,Mill,1,1,1,0,1,
Durststein Gold Puzzle,12380,Field Variant (8),Field,76.26,13.62,10.62,0.0,76.26,13.62,10.62,True,Mill,1,1,1,0,1,
Durststein Gold Puzzle,12382,Field Variant (14),Field,114.0,13.62,30.24,0.0,114.0,13.62,30.24,True,Mill,0,1,1,0,1,
Durststein Gold Puzzle,12383,Field Variant (1),Field,81.58,13.62,10.73,0.0,81.58,13.62,10.73,True,Mill,0,1,1,0,1,
Durststein Gold Puzzle,12385,Field Variant (7),Field,98.37,13.62,38.77,0.0,98.37,13.62,38.77,True,Mill,0,1,1,0,1,
Durststein Gold Puzzle,12387,Field Variant (15),Field,-51.63,13.49,24.23,0.0,-51.63,13.49,24.23,True,Mill,0,1,1,0,1,
Durststein Gold Puzzle,12390,Field Variant (11),Field,106.09,13.62,20.04,0.0,106.09,13.62,20.04,True,Mill,1,1,1,0,1,
Durststein Gold Puzzle,12392,Field Variant (10),Field,108.93,13.62,25.38,0.0,108.93,13.62,25.38,True,Mill,0,1,1,0,1,
Durststein Gold Puzzle,12393,Field Variant (20),Field,-40.76,13.49,23.9,-0.7,-40.76,13.49,23.9,True,Mill,1,1,1,0,1,
Durststein Gold Puzzle,12396,Field Variant (19),Field,-43.13,13.49,18.9,0.0,-43.13,13.49,18.9,True,Mill,1,1,1,0,1,
Durststein Gold Puzzle,12398,Field Variant,Field,87.23,13.62,14.7,0.0,87.23,13.62,14.7,True,Mill,0,1,1,0,1,
Durststein Gold Puzzle,12402,Field Variant (3),Field,81.57,13.62,21.4,0.0,81.57,13.62,21.4,True,Mill,1,1,1,0,1,
Durststein Gold Puzzle,12403,Field Variant (9),Field,83.26,13.62,39.1,0.0,83.26,13.62,39.1,True,Mill,1,1,1,0,1,
Durststein Gold Puzzle,12404,Field Variant (18),Field,-49.17,13.49,29.61,0.0,-49.17,13.49,29.61,True,Mill,1,1,1,0,1,
Durststein Gold Puzzle,12406,Field Variant (2),Field,76.17,13.62,15.81,0.0,76.17,13.62,15.81,True,Mill,1,1,1,0,1,
Durststein Gold Puzzle,12407,Field Variant (5),Field,88.54,13.62,39.04,0.0,88.54,13.62,39.04,True,Mill,1,1,1,0,1,
Durststein Gold Puzzle,12408,Field Variant (16),Field,-46.95,13.49,19.14,0.0,-46.95,13.49,19.14,True,Mill,0,1,1,0,1,
Durststein Gold Puzzle,12409,Field Variant (13),Field,108.97,13.62,35.29,0.0,108.97,13.62,35.29,True,Mill,1,1,1,0,1,
Durststein Gold Puzzle,13223,Castle Center Variant,Castle Center,-10.21,13.49,18.21,0.0,-10.21,13.49,18.21,False,,,4,130,0,20,
Durststein Gold Puzzle,14191,House Variant (6),House,-28.57,13.49,5.41,-7.0,-28.57,13.49,5.41,True,House,0,3,24,0,4,
Durststein Gold Puzzle,14198,Mine Shaft (1),Gold Mine,-21.54,39.12,64.63,96.3,-21.54,39.12,64.63,True,Castle Center,1,1,5,0,6,
Durststein Gold Puzzle,14200,House Variant (18),House,-56.4,13.49,35.4,90.0,-56.4,13.49,35.4,True,Castle Center,0,3,24,0,4,
Durststein Gold Puzzle,14204,House Variant (20),House,-60.11,13.49,29.56,-7.0,-60.11,13.49,29.56,True,House,0,3,24,0,4,
Durststein Gold Puzzle,14207,House Variant (22),House,-58.053,13.49,3.247,0.8,-58.053,13.49,3.247,True,House,0,3,24,0,4,
Durststein Gold Puzzle,14213,House Variant (8),House,-0.74,13.49,24.47,-93.1,-0.74,13.49,24.47,True,Castle Center,1,3,24,0,4,
Durststein Gold Puzzle,14217,House Variant (16),House,-38.26,39.12,71.29,-59.8,-38.26,39.12,71.29,True,House,0,3,24,0,4,
Durststein Gold Puzzle,14218,House Variant (21),House,-62.363,13.49,16.071,139.0,-62.363,13.49,16.071,True,House,0,3,24,0,4,
Durststein Gold Puzzle,14222,House Variant (3),House,-24.86,13.49,11.25,90.0,-24.86,13.49,11.25,True,Castle Center,0,3,24,0,4,
Durststein Gold Puzzle,14223,House Variant (14),House,-3.54,13.49,3.35,-28.1,-3.54,13.49,3.35,True,House,0,3,24,0,4,
Durststein Gold Puzzle,14224,House Variant (10),House,-31.01,39.12,75.46,-71.8,-31.01,39.12,75.46,True,House,0,3,24,0,4,
Durststein Gold Puzzle,14225,House Variant (15),House,-10.66,13.49,2.5,9.6,-10.66,13.49,2.5,True,House,0,3,24,0,4,
Durststein Gold Puzzle,14228,House Variant (13),House,2.87,13.49,8.05,106.6,2.87,13.49,8.05,True,Castle Center,0,3,24,0,4,
Durststein Gold Puzzle,14229,House Variant (5),House,-31.24,13.49,11.11,-90.0,-31.24,13.49,11.11,True,House,0,3,24,0,4,
Durststein Gold Puzzle,14230,House Variant (4),House,-17.82,13.49,36.091,-85.7,-17.82,13.49,36.091,True,House,0,3,24,0,4,
Durststein Gold Puzzle,14232,House Variant (24),House,-59.2,13.49,9.8,173.6,-59.2,13.49,9.8,True,House,0,3,24,0,4,
Durststein Gold Puzzle,14233,Mine Shaft,Gold Mine,-8.056,13.49,35.378,7.8,-8.056,13.49,35.378,True,Castle Center,1,1,5,0,6,
Durststein Gold Puzzle,14234,House Variant (25),House,-65.595,13.49,10.356,89.6,-65.595,13.49,10.356,True,Castle Center,0,3,24,0,4,
Durststein Gold Puzzle,14235,House Variant (7),House,5.84,13.49,22.31,0.0,5.84,13.49,22.31,True,House,0,3,24,0,4,
Durststein Gold Puzzle,14236,Mine Shaft (2),Gold Mine,16.97,8.5,-5.84,7.8,16.97,8.5,-5.84,True,Castle Center,1,1,5,0,6,
Durststein Gold Puzzle,14238,House Variant (2),House,-24.43,13.49,35.34,87.0,-24.43,13.49,35.34,True,House,0,3,24,0,4,
Durststein Gold Puzzle,14239,Mine Shaft (5),Gold Mine,-51.5,13.49,43.7,-16.6,-51.5,13.49,43.7,True,Castle Center,0,1,5,0,6,
Durststein Gold Puzzle,14240,House Variant (9),House,-25.37,13.49,28.99,3.0,-25.37,13.49,28.99,True,Castle Center,0,3,24,0,4,
Durststein Gold Puzzle,14242,Mine Shaft (4),Gold Mine,-32.6,13.49,40.7,14.0,-32.6,13.49,40.7,True,Castle Center,0,1,5,0,6,
Durststein Gold Puzzle,14243,House Variant (11),House,-29.22,39.12,57.14,52.8,-29.22,39.12,57.14,True,House,0,3,24,0,4,
Durststein Gold Puzzle,14246,House Variant,House,-18.82,13.49,29.08,-177.0,-18.82,13.49,29.08,True,House,0,3,24,0,4,
Durststein Gold Puzzle,14247,House Variant (19),House,-62.78,13.49,35.26,-90.0,-62.78,13.49,35.26,True,House,0,3,24,0,4,
Durststein Gold Puzzle,14248,House Variant (23),House,-65.111,13.49,3.824,-90.4,-65.111,13.49,3.824,True,House,0,3,24,0,4,
Durststein Gold Puzzle,14249,House Variant (12),House,-32.699,39.12,66.243,84.0,-32.699,39.12,66.243,True,Castle Center,0,3,24,0,4,
Durststein Gold Puzzle,14250,House Variant (1),House,-30.88,13.49,32.56,52.4,-30.88,13.49,32.56,True,House,0,3,24,0,4,
Durststein Gold Puzzle,14251,House Variant (17),House,-37.38,39.12,58.38,-126.7,-37.38,39.12,58.38,True,House,0,3,24,0,4,
Durststein Gold Puzzle,14253,Mine Shaft (3),Gold Mine,62.614,13.62,21.413,-25.2,62.614,13.62,21.413,True,Castle Center,2,1,5,0,6,
Durststein Gold Puzzle,14457,Mill Variant (3),Mill,-46.9,13.49,24.1,0.0,-46.9,13.49,24.1,True,Castle Center,0,3,13,0,6,
Durststein Gold Puzzle,14458,Mill Variant (2),Mill,92.979,13.62,38.157,0.0,92.979,13.62,38.157,True,Castle Center,0,3,13,0,6,
Durststein Gold Puzzle,14459,Mill Variant,Mill,81.37,13.62,15.78,0.0,81.37,13.62,15.78,True,Castle Center,0,3,13,0,6,
Durststein Gold Puzzle,14462,Mill Variant (1),Mill,108.373,13.62,29.956,0.0,108.373,13.62,29.956,True,Castle Center,1,3,13,0,6,
Durststein Speedrun,39626,Wall Segment Variant (1),Wall,57.93,13.62,1.26,79.5,57.93,13.62,1.26,True,Wall,0,3,55,0,0,
Durststein Speedrun,39627,Barricades (4),Barricades,-97.043,14.019,-2.129,-87.9,-97.043,14.019,-2.129,True,Castle Center,1,1,4,0,0,
Durststein Speedrun,39628,Wall Segment Variant (1),Wall,-69.08,13.49,30.09,81.1,-69.08,13.49,30.09,True,Wall,0,3,55,0,0,
Durststein Speedrun,39629,Barricades (7),Barricades,-37.48,29.11,49.32,-66.0,-37.48,29.11,49.32,True,Castle Center,1,1,4,0,0,
Durststein Speedrun,39630,Barricades (5),Barricades,-114.169,5.16,0.313,-23.4,-114.169,5.16,0.313,True,Castle Center,2,1,4,0,0,
Durststein Speedrun,39632,Barricades,Barricades,28.37,10.209,-14.33,-92.5,28.37,10.209,-14.33,True,Barricades,0,1,4,0,0,
Durststein Speedrun,39634,Barricades (3),Barricades,-39.56,6.92,-18.23,-31.0,-39.56,6.92,-18.23,True,Castle Center,2,1,4,0,0,
Durststein Speedrun,39635,Barricades (2),Barricades,28.9,11.142,-25.792,-92.5,28.9,11.142,-25.792,True,Barricades,0,1,4,0,0,
Durststein Speedrun,39636,Barricades (1),Barricades,28.64,10.67,-19.991,-92.5,28.64,10.67,-19.991,True,Castle Center,1,1,4,0,0,
Durststein Speedrun,39641,Wall Segment Variant,Wall,36.61,13.49,16.35,-98.9,36.61,13.49,16.35,True,Wall,0,3,55,0,0,
Durststein Speedrun,39642,Wall Segment Variant,Wall,57.04,13.62,19.92,93.6,57.04,13.62,19.92,True,Wall,0,3,55,0,0,
Durststein Speedrun,39645,Barricades (6),Barricades,-97.255,14.061,-7.951,-87.9,-97.255,14.061,-7.951,True,Barricades,0,1,4,0,0,
Durststein Speedrun,39647,Wall Segment Variant,Wall,-66.31,13.49,11.61,81.1,-66.31,13.49,11.61,True,Wall,0,3,55,0,0,
Durststein Speedrun,40650,Field Variant (4),Field,93.09,13.62,34.01,0.0,93.09,13.62,34.01,True,Mill,0,1,1,0,1,
Durststein Speedrun,40655,Field Variant (6),Field,87.73,13.62,33.79,0.0,87.73,13.62,33.79,True,Mill,1,1,1,0,1,
Durststein Speedrun,40657,Field Variant (12),Field,103.73,13.62,25.39,0.0,103.73,13.62,25.39,True,Mill,1,1,1,0,1,
Durststein Speedrun,40658,Field Variant (8),Field,76.26,13.62,10.62,0.0,76.26,13.62,10.62,True,Mill,1,1,1,0,1,
Durststein Speedrun,40660,Field Variant (14),Field,114.0,13.62,30.24,0.0,114.0,13.62,30.24,True,Mill,0,1,1,0,1,
Durststein Speedrun,40661,Field Variant (1),Field,81.58,13.62,10.73,0.0,81.58,13.62,10.73,True,Mill,0,1,1,0,1,
Durststein Speedrun,40663,Field Variant (7),Field,98.37,13.62,38.77,0.0,98.37,13.62,38.77,True,Mill,0,1,1,0,1,
Durststein Speedrun,40665,Field Variant (15),Field,-87.33,13.49,20.43,0.0,-87.33,13.49,20.43,True,Mill,0,1,1,0,1,
Durststein Speedrun,40668,Field Variant (11),Field,106.09,13.62,20.04,0.0,106.09,13.62,20.04,True,Mill,1,1,1,0,1,
Durststein Speedrun,40670,Field Variant (10),Field,108.93,13.62,25.38,0.0,108.93,13.62,25.38,True,Mill,0,1,1,0,1,
Durststein Speedrun,40671,Field Variant (20),Field,-76.46,13.49,20.1,-0.7,-76.46,13.49,20.1,True,Mill,1,1,1,0,1,
Durststein Speedrun,40674,Field Variant (19),Field,-78.83,13.49,15.1,0.0,-78.83,13.49,15.1,True,Mill,1,1,1,0,1,
Durststein Speedrun,40676,Field Variant,Field,87.23,13.62,14.7,0.0,87.23,13.62,14.7,True,Mill,0,1,1,0,1,
Durststein Speedrun,40680,Field Variant (3),Field,81.57,13.62,21.4,0.0,81.57,13.62,21.4,True,Mill,1,1,1,0,1,
Durststein Speedrun,40681,Field Variant (9),Field,83.26,13.62,39.1,0.0,83.26,13.62,39.1,True,Mill,1,1,1,0,1,
Durststein Speedrun,40682,Field Variant (18),Field,-84.87,13.49,25.81,0.0,-84.87,13.49,25.81,True,Mill,1,1,1,0,1,
Durststein Speedrun,40684,Field Variant (2),Field,76.17,13.62,15.81,0.0,76.17,13.62,15.81,True,Mill,1,1,1,0,1,
Durststein Speedrun,40685,Field Variant (5),Field,88.54,13.62,39.04,0.0,88.54,13.62,39.04,True,Mill,1,1,1,0,1,
Durststein Speedrun,40686,Field Variant (16),Field,-82.65,13.49,15.34,0.0,-82.65,13.49,15.34,True,Mill,0,1,1,0,1,
Durststein Speedrun,40687,Field Variant (13),Field,108.97,13.62,35.29,0.0,108.97,13.62,35.29,True,Mill,1,1,1,0,1,
Durststein Speedrun,42865,Archer Hut,Archery Range,14.51,13.49,14.32,0.0,14.51,13.49,14.32,True,Castle Center,1,4,78,0,0,yes
Durststein Speedrun,42868,Swordsmen Hut,Barracks,46.64,13.61,14.29,0.0,46.64,13.61,14.29,True,Castle Center,0,4,78,0,0,yes
Durststein Speedrun,42870,Archer Hut (1),Archery Range,-46.67,13.49,15.73,0.0,-46.67,13.49,15.73,True,Castle Center,0,4,78,0,0,yes
Durststein Speedrun,42871,Swordsmen Hut (1),Barracks,-51.93,13.49,33.72,0.0,-51.93,13.49,33.72,True,Castle Center,1,4,78,0,0,yes
Durststein Speedrun,45122,Castle Center Variant,Castle Center,-10.21,13.49,18.21,0.0,-10.21,13.49,18.21,False,,,4,130,0,20,
Durststein Speedrun,48081,Wall Wide Variant,Wall,5.96,7.99,-9.53,84.9,5.96,7.99,-9.53,True,Wall,0,3,55,0,0,
Durststein Speedrun,48082,Wall Wide Variant,Wall,128.76,13.59,30.81,-88.9,128.76,13.59,30.81,True,Wall,0,3,55,0,0,
Durststein Speedrun,50488,Defense Tower Variant (11),Defense Tower,125.0,13.62,34.8,0.0,125.0,13.62,34.8,True,Castle Center,0,4,63,0,3,
Durststein Speedrun,50489,Defense Tower Variant (9),Defense Tower,120.12,13.62,15.24,-26.6,120.12,13.62,15.24,True,Castle Center,0,4,63,0,3,
Durststein Speedrun,50492,Defense Tower Variant (14),Defense Tower,-90.85,13.49,9.48,-8.7,-90.85,13.49,9.48,True,Castle Center,1,4,63,0,3,
Durststein Speedrun,50493,Defense Tower Variant (5),Defense Tower,-63.64,13.49,10.95,-8.7,-63.64,13.49,10.95,True,Castle Center,0,4,63,0,3,
Durststein Speedrun,50494,Defense Tower Variant (12),Defense Tower,96.0,13.62,47.0,0.0,96.0,13.62,47.0,True,Castle Center,0,4,63,0,3,
Durststein Speedrun,50496,Defense Tower Variant (7),Defense Tower,-39.27,13.49,26.69,0.0,-39.27,13.49,26.69,True,Castle Center,1,4,63,0,3,
Durststein Speedrun,50498,Defense Tower Variant (6),Defense Tower,-66.79,13.49,30.37,-9.5,-66.79,13.49,30.37,True,Castle Center,0,4,63,0,3,
Durststein Speedrun,50500,Defense Tower Variant (4),Defense Tower,-39.88,13.49,-0.57,0.0,-39.88,13.49,-0.57,True,Castle Center,1,4,63,0,3,
Durststein Speedrun,50502,Defense Tower Variant (3),Defense Tower,61.5,13.62,0.3,0.0,61.5,13.62,0.3,True,Castle Center,0,4,63,0,3,
Durststein Speedrun,50503,Defense Tower Variant (2),Defense Tower,3.05,13.49,-2.61,-15.3,3.05,13.49,-2.61,True,Castle Center,1,4,63,0,3,
Durststein Speedrun,50504,Defense Tower Variant (8),Defense Tower,-100.09,13.49,19.58,-8.7,-100.09,13.49,19.58,True,Castle Center,1,4,63,0,3,
Durststein Speedrun,50508,Defense Tower Variant,Defense Tower,32.4,17.29,-3.98,0.0,32.4,17.29,-3.98,True,Castle Center,0,4,63,0,3,
Durststein Speedrun,50510,Defense Tower Variant (13),Defense Tower,-81.86,13.49,34.04,-8.7,-81.86,13.49,34.04,True,Castle Center,1,4,63,0,3,
Durststein Speedrun,50513,Defense Tower Variant (1),Defense Tower,-16.64,13.49,-5.57,-4.3,-16.64,13.49,-5.57,True,Castle Center,1,4,63,0,3,
Durststein Speedrun,50514,Defense Tower Variant (15),Defense Tower,-42.12,39.12,65.78,-4.3,-42.12,39.12,65.78,True,Castle Center,0,4,63,0,3,
Durststein Speedrun,50518,Defense Tower Variant (10),Defense Tower,93.5,13.62,25.1,0.0,93.5,13.62,25.1,True,Castle Center,0,4,63,0,3,
Durststein Speedrun,50524,House Variant (6),House,-27.02,13.49,2.46,-7.0,-27.02,13.49,2.46,True,House,0,3,24,0,4,
Durststein Speedrun,50528,Mine Shaft (1),Gold Mine,-21.54,39.12,64.63,96.3,-21.54,39.12,64.63,True,Castle Center,0,1,5,0,6,
Durststein Speedrun,50535,House Variant (8),House,-0.74,13.49,24.47,-93.1,-0.74,13.49,24.47,True,Castle Center,1,3,24,0,4,
Durststein Speedrun,50539,House Variant (3),House,-23.31,13.49,8.3,90.0,-23.31,13.49,8.3,True,Castle Center,0,3,24,0,4,
Durststein Speedrun,50540,House Variant (10),House,-31.01,39.12,75.46,-71.8,-31.01,39.12,75.46,True,House,0,3,24,0,4,
Durststein Speedrun,50541,House Variant (5),House,-29.69,13.49,8.16,-90.0,-29.69,13.49,8.16,True,House,0,3,24,0,4,
Durststein Speedrun,50542,House Variant (4),House,-17.82,13.49,36.091,-85.7,-17.82,13.49,36.091,True,House,0,3,24,0,4,
Durststein Speedrun,50544,Mine Shaft,Gold Mine,-8.056,13.49,35.378,7.8,-8.056,13.49,35.378,True,Castle Center,0,1,5,0,6,
Durststein Speedrun,50545,House Variant (7),House,5.84,13.49,22.31,0.0,5.84,13.49,22.31,True,House,0,3,24,0,4,
Durststein Speedrun,50546,Mine Shaft (2),Gold Mine,16.97,8.5,-5.84,7.8,16.97,8.5,-5.84,True,Castle Center,0,1,5,0,6,
Durststein Speedrun,50548,House Variant (2),House,-24.43,13.49,35.34,87.0,-24.43,13.49,35.34,True,House,0,3,24,0,4,
Durststein Speedrun,50549,House Variant (9),House,-25.37,13.49,28.99,3.0,-25.37,13.49,28.99,True,Castle Center,0,3,24,0,4,
Durststein Speedrun,50550,House Variant (11),House,-29.22,39.12,57.14,52.8,-29.22,39.12,57.14,True,House,0,3,24,0,4,
Durststein Speedrun,50552,House Variant,House,-18.82,13.49,29.08,-177.0,-18.82,13.49,29.08,True,House,0,3,24,0,4,
Durststein Speedrun,50553,House Variant (12),House,-32.699,39.12,66.243,84.0,-32.699,39.12,66.243,True,Castle Center,0,3,24,0,4,
Durststein Speedrun,50554,House Variant (1),House,-30.88,13.49,32.56,52.4,-30.88,13.49,32.56,True,House,0,3,24,0,4,
Durststein Speedrun,51502,Mill Variant (3),Mill,-82.6,13.49,20.3,0.0,-82.6,13.49,20.3,True,Castle Center,0,3,13,0,6,
Durststein Speedrun,51503,Mill Variant (2),Mill,92.979,13.62,38.157,0.0,92.979,13.62,38.157,True,Castle Center,0,3,13,0,6,
Durststein Speedrun,51504,Mill Variant,Mill,81.37,13.62,15.78,0.0,81.37,13.62,15.78,True,Castle Center,0,3,13,0,6,
Durststein Speedrun,51507,Mill Variant (1),Mill,108.373,13.62,29.956,0.0,108.373,13.62,29.956,True,Castle Center,1,3,13,0,6,
Durststein Speedrun,52398,Gate Wide Variant (5),Wall,-64.55,13.49,2.32,81.9,-64.55,13.49,2.32,True,Wall,0,3,56,0,0,
Durststein Speedrun,52400,Gate Wide Variant (1),Wall,128.53,13.28,20.63,-89.3,128.53,13.28,20.63,True,Castle Center,1,3,60,0,0,
Durststein Speedrun,52401,Gate Wide Variant (7),Wall,-55.22,29.29,76.53,174.0,-55.22,29.29,76.53,True,Castle Center,1,3,58,0,0,
Durststein Speedrun,52402,Gate Wide Variant (4),Wall,-67.44,13.49,20.97,81.9,-67.44,13.49,20.97,True,Castle Center,0,3,61,0,0,
Durststein Speedrun,52407,Gate Wide Variant (2),Wall,56.92,13.62,10.84,88.0,56.92,13.62,10.84,True,Castle Center,1,3,59,0,0,
Durststein Speedrun,52408,Gate Wide Variant (3),Wall,6.47,7.93,-19.16,90.4,6.47,7.93,-19.16,True,Castle Center,1,3,60,0,0,
Durststein Speedrun,52409,Gate Wide Variant (6),Wall,-69.57,13.49,39.64,86.9,-69.57,13.49,39.64,True,Wall,0,3,56,0,0,
Durststein Speedrun,52412,Gate Wide Variant,Wall,36.6,13.49,7.2,-82.4,36.6,13.49,7.2,True,Castle Center,1,3,59,0,0,
Durststein Tower Defense,12597,Wall Segment Variant (1),Wall,57.93,13.62,1.26,79.5,57.93,13.62,1.26,True,Wall,0,3,55,0,0,
Durststein Tower Defense,12598,Wall Segment Variant (1),Wall,-69.08,13.49,30.09,81.1,-69.08,13.49,30.09,True,Wall,0,3,55,0,0,
Durststein Tower Defense,12602,Wall Segment Variant,Wall,36.61,13.49,16.35,-98.9,36.61,13.49,16.35,True,Wall,0,3,55,0,0,
Durststein Tower Defense,12603,Wall Segment Variant,Wall,57.04,13.62,19.92,93.6,57.04,13.62,19.92,True,Wall,0,3,55,0,0,
Durststein Tower Defense,12604,Wall Segment Variant,Wall,-66.31,13.49,11.61,81.1,-66.31,13.49,11.61,True,Wall,0,3,55,0,0,
Durststein Tower Defense,13781,Castle Center Variant,Castle Center,-10.21,13.49,18.21,0.0,-10.21,13.49,18.21,False,,,4,130,0,20,
Durststein Tower Defense,14267,Wall Wide Variant,Wall,5.96,7.99,-9.53,84.9,5.96,7.99,-9.53,True,Wall,0,3,55,0,0,
Durststein Tower Defense,14268,Wall Wide Variant,Wall,128.76,13.59,30.81,-88.9,128.76,13.59,30.81,True,Wall,0,3,55,0,0,
Durststein Tower Defense,14903,Defense Tower Variant (11),Defense Tower,125.0,13.62,34.8,0.0,125.0,13.62,34.8,True,Castle Center,0,4,63,0,3,
Durststein Tower Defense,14904,Defense Tower Variant (9),Defense Tower,120.12,13.62,15.24,-26.6,120.12,13.62,15.24,True,Castle Center,0,4,63,0,3,
Durststein Tower Defense,14907,Defense Tower Variant (14),Defense Tower,-80.59,13.49,4.64,-8.7,-80.59,13.49,4.64,True,Castle Center,0,4,63,0,3,
Durststein Tower Defense,14908,Defense Tower Variant (5),Defense Tower,-63.64,13.49,10.95,-8.7,-63.64,13.49,10.95,True,Castle Center,0,4,63,0,3,
Durststein Tower Defense,14909,Defense Tower Variant (12),Defense Tower,96.0,13.62,47.0,0.0,96.0,13.62,47.0,True,Castle Center,0,4,63,0,3,
Durststein Tower Defense,14911,Defense Tower Variant (7),Defense Tower,-42.9,13.49,20.6,0.0,-42.9,13.49,20.6,True,Castle Center,0,4,63,0,3,
Durststein Tower Defense,14913,Defense Tower Variant (6),Defense Tower,-66.79,13.49,30.37,-9.5,-66.79,13.49,30.37,True,Castle Center,0,4,63,0,3,
Durststein Tower Defense,14915,Defense Tower Variant (16),Defense Tower,-22.3,13.49,18.9,0.0,-22.3,13.49,18.9,True,Castle Center,0,4,63,0,3,
Durststein Tower Defense,14917,Defense Tower Variant (4),Defense Tower,-39.88,13.49,-0.57,0.0,-39.88,13.49,-0.57,True,Castle Center,0,4,63,0,3,
Durststein Tower Defense,14919,Defense Tower Variant (22),Defense Tower,46.4,13.62,8.5,0.0,46.4,13.62,8.5,True,Castle Center,0,4,63,0,3,
Durststein Tower Defense,14920,Defense Tower Variant (17),Defense Tower,0.5,13.49,15.8,0.0,0.5,13.49,15.8,True,Castle Center,0,4,63,0,3,
Durststein Tower Defense,14924,Defense Tower Variant (21),Defense Tower,59.9,13.62,20.1,0.0,59.9,13.62,20.1,True,Castle Center,0,4,63,0,3,
Durststein Tower Defense,14927,Defense Tower Variant (3),Defense Tower,61.5,13.62,0.3,0.0,61.5,13.62,0.3,True,Castle Center,0,4,63,0,3,
Durststein Tower Defense,14928,Defense Tower Variant (2),Defense Tower,3.05,13.49,-2.61,-15.3,3.05,13.49,-2.61,True,Castle Center,0,4,63,0,3,
Durststein Tower Defense,14929,Defense Tower Variant (8),Defense Tower,-101.99,13.49,19.56,-8.7,-101.99,13.49,19.56,True,Castle Center,0,4,63,0,3,
Durststein Tower Defense,14931,Defense Tower Variant (24),Defense Tower,-38.57,39.12,80.97,16.2,-38.57,39.12,80.97,True,Castle Center,0,4,63,0,3,
Durststein Tower Defense,14932,Defense Tower Variant (18),Defense Tower,22.77,13.49,12.22,0.0,22.77,13.49,12.22,True,Castle Center,0,4,63,0,3,
Durststein Tower Defense,14936,Defense Tower Variant (23),Defense Tower,-98.61,13.49,9.22,-18.8,-98.61,13.49,9.22,True,Castle Center,0,4,63,0,3,
Durststein Tower Defense,14938,Defense Tower Variant (25),Defense Tower,-25.44,39.12,69.74,-4.3,-25.44,39.12,69.74,True,Castle Center,0,4,63,0,3,
Durststein Tower Defense,14941,Defense Tower Variant (20),Defense Tower,87.6,13.62,-1.4,0.0,87.6,13.62,-1.4,True,Castle Center,0,4,63,0,3,
Durststein Tower Defense,14942,Defense Tower Variant (19),Defense Tower,-31.5,39.12,51.7,-58.8,-31.5,39.12,51.7,True,Castle Center,0,4,63,0,3,
Durststein Tower Defense,14943,Defense Tower Variant,Defense Tower,32.4,17.29,-3.98,0.0,32.4,17.29,-3.98,True,Castle Center,0,4,63,0,3,
Durststein Tower Defense,14945,Defense Tower Variant (13),Defense Tower,-85.46,13.49,28.47,-8.7,-85.46,13.49,28.47,True,Castle Center,0,4,63,0,3,
Durststein Tower Defense,14948,Defense Tower Variant (1),Defense Tower,-16.64,13.49,-5.57,-4.3,-16.64,13.49,-5.57,True,Castle Center,0,4,63,0,3,
Durststein Tower Defense,14949,Defense Tower Variant (15),Defense Tower,-42.12,39.12,65.78,-4.3,-42.12,39.12,65.78,True,Castle Center,0,4,63,0,3,
Durststein Tower Defense,14953,Defense Tower Variant (10),Defense Tower,93.5,13.62,25.1,0.0,93.5,13.62,25.1,True,Castle Center,0,4,63,0,3,
Durststein Tower Defense,15340,Gate Wide Variant (5),Wall,-64.55,13.49,2.32,81.9,-64.55,13.49,2.32,True,Wall,0,3,56,0,0,
Durststein Tower Defense,15342,Gate Wide Variant (1),Wall,128.53,13.28,20.63,-89.3,128.53,13.28,20.63,True,Castle Center,0,3,61,0,0,
Durststein Tower Defense,15343,Gate Wide Variant (7),Wall,-55.22,29.29,76.53,174.0,-55.22,29.29,76.53,True,Castle Center,0,3,58,0,0,
Durststein Tower Defense,15344,Gate Wide Variant (4),Wall,-67.44,13.49,20.97,81.9,-67.44,13.49,20.97,True,Castle Center,0,3,62,0,0,
Durststein Tower Defense,15349,Gate Wide Variant (2),Wall,56.92,13.62,10.84,88.0,56.92,13.62,10.84,True,Castle Center,0,3,60,0,0,
Durststein Tower Defense,15350,Gate Wide Variant (3),Wall,6.47,7.93,-19.16,90.4,6.47,7.93,-19.16,True,Castle Center,0,3,61,0,0,
Durststein Tower Defense,15351,Gate Wide Variant (6),Wall,-69.57,13.49,39.64,86.9,-69.57,13.49,39.64,True,Wall,0,3,56,0,0,
Durststein Tower Defense,15354,Gate Wide Variant,Wall,36.6,13.49,7.2,-82.4,36.6,13.49,7.2,True,Castle Center,1,3,60,0,0,
Frostsee Boss Rush,35528,Wall Segment Variant (9),Wall,-84.46,13.49,-72.62,26.6,-84.46,13.49,-72.62,True,Wall,0,3,55,0,0,
Frostsee Boss Rush,35529,Wall Segment Variant (10),Wall,-91.34,13.49,-56.66,95.6,-91.34,13.49,-56.66,True,Wall,0,3,55,0,0,
Frostsee Boss Rush,35530,Wall Segment Variant,Wall,-19.93,13.49,-19.41,57.4,-19.93,13.49,-19.41,True,Wall,0,3,55,0,0,
Frostsee Boss Rush,35531,Wall Segment Variant (8),Wall,-74.91,13.49,-74.14,-24.3,-74.91,13.49,-74.14,True,Wall,0,3,55,0,0,
Frostsee Boss Rush,35532,Wall Segment Variant (3),Wall,-31.68,13.49,26.45,85.9,-31.68,13.49,26.45,True,Wall,0,3,55,0,0,
Frostsee Boss Rush,35535,Wall Segment Variant (4),Wall,-29.3,13.49,45.2,95.4,-29.3,13.49,45.2,True,Wall,0,3,55,0,0,
Frostsee Boss Rush,35536,Wall Segment Variant (7),Wall,-67.59,13.49,-69.19,-43.1,-67.59,13.49,-69.19,True,Wall,0,3,55,0,0,
Frostsee Boss Rush,35538,Wall Segment Variant (5),Wall,-103.96,13.49,37.05,47.2,-103.96,13.49,37.05,True,Wall,0,3,55,0,0,
Frostsee Boss Rush,35539,Wall Segment Variant (6),Wall,-66.7,13.49,-52.5,-109.8,-66.7,13.49,-52.5,True,Wall,0,3,55,0,0,
Frostsee Boss Rush,35545,Wall Segment Variant (2),Wall,-10.33,13.49,-35.19,47.9,-10.33,13.49,-35.19,True,Wall,0,3,55,0,0,
Frostsee Boss Rush,35546,Wall Segment Variant (1),Wall,-22.76,13.49,-11.03,83.4,-22.76,13.49,-11.03,True,Wall,0,3,55,0,0,
Frostsee Boss Rush,37513,Gate Variant,Wall,-3.41,13.49,-40.13,21.7,-3.41,13.49,-40.13,True,Wall,0,3,56,0,0,
Frostsee Boss Rush,38508,Swordsmen Hut,Barracks,-3.72,13.597,29.45,30.8,-3.72,13.597,29.45,True,Castle Center,1,4,78,0,0,yes
Frostsee Boss Rush,38509,Archer Hut,Archery Range,31.7,13.597,18.9,-44.3,31.7,13.597,18.9,True,Castle Center,0,4,78,0,0,yes
Frostsee Boss Rush,38510,Archer Hut,Archery Range,-65.41,13.59,20.25,0.0,-65.41,13.59,20.25,True,Castle Center,1,4,78,0,0,yes
Frostsee Boss Rush,38512,Swordsmen Hut,Barracks,33.7,13.597,-13.4,109.3,33.7,13.597,-13.4,True,Castle Center,1,4,78,0,0,yes
Frostsee Boss Rush,40617,Castle Center Variant,Castle Center,9.2,13.49,7.6,0.0,9.2,13.49,7.6,False,,,4,130,0,20,
Frostsee Boss Rush,43419,Wall Wide Variant,Wall,5.99,13.49,-40.25,-14.7,5.99,13.49,-40.25,True,Wall,0,3,55,0,0,
Frostsee Boss Rush,45710,Defense Tower Variant (6),Defense Tower,-56.8,13.49,15.1,0.0,-56.8,13.49,15.1,True,Castle Center,1,4,63,0,3,
Frostsee Boss Rush,45711,Defense Tower Variant (3),Defense Tower,-25.4,13.49,20.9,0.0,-25.4,13.49,20.9,True,Castle Center,0,4,63,0,3,
Frostsee Boss Rush,45713,Defense Tower Variant (2),Defense Tower,-19.59,13.49,-14.99,0.0,-19.59,13.49,-14.99,True,Castle Center,1,4,63,0,3,
Frostsee Boss Rush,45714,Defense Tower Variant (16),Defense Tower,-68.57,13.49,-68.09,49.0,-68.57,13.49,-68.09,True,Castle Center,2,4,63,0,3,
Frostsee Boss Rush,45715,Defense Tower Variant (5),Defense Tower,-8.89,13.49,-33.75,45.0,-8.89,13.49,-33.75,True,Castle Center,0,4,63,0,3,
Frostsee Boss Rush,45717,Defense Tower Variant (14),Defense Tower,-12.8,13.49,-50.0,0.0,-12.8,13.49,-50.0,True,Castle Center,1,4,63,0,3,
Frostsee Boss Rush,45721,Defense Tower Variant (17),Defense Tower,28.3,13.49,-6.2,0.0,28.3,13.49,-6.2,True,Castle Center,1,4,63,0,3,
Frostsee Boss Rush,45722,Defense Tower Variant (18),Defense Tower,30.2,13.49,1.4,0.0,30.2,13.49,1.4,True,Castle Center,1,4,63,0,3,
Frostsee Boss Rush,45723,Defense Tower Variant (15),Defense Tower,-68.69,13.49,-54.17,-20.5,-68.69,13.49,-54.17,True,Castle Center,1,4,63,0,3,
Frostsee Boss Rush,45725,Defense Tower Variant (11),Defense Tower,-23.51,13.49,42.14,0.0,-23.51,13.49,42.14,True,Castle Center,1,4,63,0,3,
Frostsee Boss Rush,45726,Defense Tower Variant (13),Defense Tower,-113.8,13.49,-49.92,0.0,-113.8,13.49,-49.92,True,Castle Center,1,4,63,0,3,
Frostsee Boss Rush,45727,Defense Tower Variant (12),Defense Tower,-26.2,13.49,-33.7,0.0,-26.2,13.49,-33.7,True,Castle Center,1,4,63,0,3,
Frostsee Boss Rush,45731,Defense Tower Variant (7),Defense Tower,-84.85,13.49,9.52,40.4,-84.85,13.49,9.52,True,Castle Center,1,4,63,0,3,
Frostsee Boss Rush,45735,Defense Tower Variant,Defense Tower,13.9,13.49,-26.3,0.0,13.9,13.49,-26.3,True,Castle Center,1,4,63,0,3,
Frostsee Boss Rush,45736,Defense Tower Variant (9),Defense Tower,-87.42,13.49,-58.17,0.0,-87.42,13.49,-58.17,True,Castle Center,2,4,63,0,3,
Frostsee Boss Rush,45740,Defense Tower Variant (19),Defense Tower,28.1,13.49,10.4,0.0,28.1,13.49,10.4,True,Castle Center,1,4,63,0,3,
Frostsee Boss Rush,45741,Defense Tower Variant (1),Defense Tower,-12.27,13.597,20.8,0.0,-12.27,13.597,20.8,True,Castle Center,1,4,63,0,3,
Frostsee Boss Rush,45742,Defense Tower Variant (8),Defense Tower,-93.62,13.49,19.17,-16.5,-93.62,13.49,19.17,True,Castle Center,1,4,63,0,3,
Frostsee Boss Rush,45743,Defense Tower Variant (10),Defense Tower,-82.84,13.49,-70.04,15.7,-82.84,13.49,-70.04,True,Castle Center,2,4,63,0,3,
Frostsee Boss Rush,45746,Defense Tower Variant (4),Defense Tower,-67.2,13.49,29.8,0.0,-67.2,13.49,29.8,True,Castle Center,1,4,63,0,3,
Frostsee Boss Rush,45752,House Variant (7),House,0.86,13.49,-3.851,-133.5,0.86,13.49,-3.851,True,House,0,3,24,0,4,
Frostsee Boss Rush,45755,House Variant (13),House,-62.8,13.49,47.0,-165.4,-62.8,13.49,47.0,True,House,0,3,24,0,4,
Frostsee Boss Rush,45757,House Variant (1),House,-1.359,13.49,15.474,-6.3,-1.359,13.49,15.474,True,House,0,3,24,0,4,
Frostsee Boss Rush,45758,House Variant (15),House,18.59,13.49,2.99,-178.8,18.59,13.49,2.99,True,Castle Center,1,3,24,0,4,
Frostsee Boss Rush,45759,House Variant (11),House,4.76,13.597,23.09,-93.6,4.76,13.597,23.09,True,House,0,3,24,0,4,
Frostsee Boss Rush,45761,House Variant (16),House,-9.37,13.49,5.88,-126.2,-9.37,13.49,5.88,True,Castle Center,1,3,24,0,4,
Frostsee Boss Rush,45762,House Variant (17),House,-76.61,13.49,16.81,102.9,-76.61,13.49,16.81,True,House,0,3,24,0,4,
Frostsee Boss Rush,45764,House Variant (9),House,-13.37,13.49,10.71,-129.0,-13.37,13.49,10.71,True,House,0,3,24,0,4,
Frostsee Boss Rush,45766,House Variant (10),House,-8.374,13.49,-4.473,-42.1,-8.374,13.49,-4.473,True,House,0,3,24,0,4,
Frostsee Boss Rush,45768,House Variant (19),House,14.15,13.49,-9.03,-179.7,14.15,13.49,-9.03,True,House,0,3,24,0,4,
Frostsee Boss Rush,45770,House Variant (4),House,12.66,13.49,-3.44,-90.0,12.66,13.49,-3.44,True,House,0,3,24,0,4,
Frostsee Boss Rush,45773,House Variant (20),House,18.37,13.49,-3.06,0.0,18.37,13.49,-3.06,True,House,0,3,24,0,4,
Frostsee Boss Rush,45774,House Variant (14),House,5.71,13.49,17.64,-90.1,5.71,13.49,17.64,True,House,0,3,24,0,4,
Frostsee Boss Rush,45779,House Variant,House,13.16,13.49,22.08,180.0,13.16,13.49,22.08,True,Castle Center,0,3,24,0,4,
Frostsee Boss Rush,45781,House Variant (6),House,2.94,13.49,-9.79,41.7,2.94,13.49,-9.79,True,Castle Center,0,3,24,0,4,
Frostsee Boss Rush,45782,House Variant (5),House,-11.93,13.49,0.35,-46.9,-11.93,13.49,0.35,True,House,0,3,24,0,4,
Frostsee Boss Rush,45784,House Variant (8),House,-4.26,13.49,-0.55,-129.6,-4.26,13.49,-0.55,True,House,0,3,24,0,4,
Frostsee Boss Rush,45785,House Variant (12),House,-73.57,13.49,24.18,-132.8,-73.57,13.49,24.18,True,Castle Center,1,3,24,0,4,
Frostsee Boss Rush,47542,Gate Wide Variant (1),Wall,-30.885,13.49,35.82,102.6,-30.885,13.49,35.82,True,Castle Center,2,3,62,0,0,
Frostsee Boss Rush,47544,Gate Wide Variant,Wall,-15.41,13.49,-27.78,64.6,-15.41,13.49,-27.78,True,Castle Center,2,3,65,0,0,
Frostsee Boss Rush,47547,Gate Wide Variant (4),Wall,-89.97,13.49,-65.86,70.3,-89.97,13.49,-65.86,True,Wall,0,3,65,0,0,
Frostsee Boss Rush,47548,Gate Wide Variant (3),Wall,-64.815,13.49,-61.284,-93.1,-64.815,13.49,-61.284,True,Castle Center,2,3,65,0,0,
Frostsee Boss Rush,47549,Gate Wide Variant (2),Wall,-96.89,13.49,30.63,38.3,-96.89,13.49,30.63,True,Castle Center,2,3,58,0,0,
Frostsee Bowling Challenge,3466,Castle Center Variant,Castle Center,9.2,13.49,7.6,0.0,9.2,13.49,7.6,False,,,4,130,0,20,
Frostsee The Great Wall,36403,Wall Segment Variant (9),Wall,-84.46,13.49,-72.62,26.6,-84.46,13.49,-72.62,True,Wall,0,3,55,0,0,
Frostsee The Great Wall,36404,Wall Segment Variant (10),Wall,-91.34,13.49,-56.66,95.6,-91.34,13.49,-56.66,True,Wall,0,3,55,0,0,
Frostsee The Great Wall,36405,Wall Segment Variant,Wall,-19.93,13.49,-19.41,57.4,-19.93,13.49,-19.41,True,Wall,0,3,55,0,0,
Frostsee The Great Wall,36406,Wall Segment Variant (8),Wall,-74.91,13.49,-74.14,-24.3,-74.91,13.49,-74.14,True,Wall,0,3,55,0,0,
Frostsee The Great Wall,36407,Wall Segment Variant (3),Wall,-31.68,13.49,26.45,85.9,-31.68,13.49,26.45,True,Wall,0,3,55,0,0,
Frostsee The Great Wall,36410,Wall Segment Variant (4),Wall,-29.3,13.49,45.2,95.4,-29.3,13.49,45.2,True,Wall,0,3,55,0,0,
Frostsee The Great Wall,36411,Wall Segment Variant (7),Wall,-67.59,13.49,-69.19,-43.1,-67.59,13.49,-69.19,True,Wall,0,3,55,0,0,
Frostsee The Great Wall,36413,Wall Segment Variant (5),Wall,-103.96,13.49,37.05,47.2,-103.96,13.49,37.05,True,Wall,0,3,55,0,0,
Frostsee The Great Wall,36414,Wall Segment Variant (6),Wall,-66.7,13.49,-52.5,-109.8,-66.7,13.49,-52.5,True,Wall,0,3,55,0,0,
Frostsee The Great Wall,36420,Wall Segment Variant (2),Wall,-10.33,13.49,-35.19,47.9,-10.33,13.49,-35.19,True,Wall,0,3,55,0,0,
Frostsee The Great Wall,36421,Wall Segment Variant (1),Wall,-22.76,13.49,-11.03,83.4,-22.76,13.49,-11.03,True,Wall,0,3,55,0,0,
Frostsee The Great Wall,38448,Gate Variant,Wall,-3.41,13.49,-40.13,21.7,-3.41,13.49,-40.13,True,Wall,0,3,56,0,0,
Frostsee The Great Wall,39471,Swordsmen Hut,Barracks,-3.72,13.597,29.45,30.8,-3.72,13.597,29.45,True,Castle Center,1,4,78,0,0,yes
Frostsee The Great Wall,39474,Archer Hut,Archery Range,31.7,13.597,18.9,-44.3,31.7,13.597,18.9,True,Castle Center,0,4,78,0,0,yes
Frostsee The Great Wall,39475,Archer Hut,Archery Range,-65.41,13.59,20.25,0.0,-65.41,13.59,20.25,True,Castle Center,1,4,78,0,0,yes
Frostsee The Great Wall,39477,Swordsmen Hut,Barracks,33.7,13.597,-13.4,109.3,33.7,13.597,-13.4,True,Castle Center,1,4,78,0,0,yes
Frostsee The Great Wall,39479,Heros Quarter Variant (2),Hero's Quarter,40.61,13.49,-4.32,95.5,40.61,13.49,-4.32,True,Castle Center,2,4,86,0,0,yes
Frostsee The Great Wall,39482,Heros Quarter Variant (1),Hero's Quarter,22.4,13.49,24.6,0.0,22.4,13.49,24.6,True,Castle Center,2,4,86,0,0,yes
Frostsee The Great Wall,41632,Castle Center Variant,Castle Center,9.2,13.49,7.6,0.0,9.2,13.49,7.6,False,,,4,130,0,20,
Frostsee The Great Wall,44555,Wall Wide Variant,Wall,5.99,13.49,-40.25,-14.7,5.99,13.49,-40.25,True,Wall,0,3,55,0,0,
Frostsee The Great Wall,46899,Defense Tower Variant (6),Defense Tower,-56.8,13.49,15.1,0.0,-56.8,13.49,15.1,True,Castle Center,1,4,63,0,3,
Frostsee The Great Wall,46900,Defense Tower Variant (3),Defense Tower,-25.4,13.49,20.9,0.0,-25.4,13.49,20.9,True,Castle Center,0,4,63,0,3,
Frostsee The Great Wall,46902,Defense Tower Variant (2),Defense Tower,-19.59,13.49,-14.99,0.0,-19.59,13.49,-14.99,True,Castle Center,1,4,63,0,3,
Frostsee The Great Wall,46903,Defense Tower Variant (16),Defense Tower,-68.57,13.49,-68.09,49.0,-68.57,13.49,-68.09,True,Castle Center,2,4,63,0,3,
Frostsee The Great Wall,46904,Defense Tower Variant (5),Defense Tower,-8.89,13.49,-33.75,45.0,-8.89,13.49,-33.75,True,Castle Center,0,4,63,0,3,
Frostsee The Great Wall,46905,Defense Tower Variant (14),Defense Tower,-12.8,13.49,-50.0,0.0,-12.8,13.49,-50.0,True,Castle Center,1,4,63,0,3,
Frostsee The Great Wall,46909,Defense Tower Variant (15),Defense Tower,-68.69,13.49,-54.17,-20.5,-68.69,13.49,-54.17,True,Castle Center,1,4,63,0,3,
Frostsee The Great Wall,46911,Defense Tower Variant (11),Defense Tower,-23.51,13.49,42.14,0.0,-23.51,13.49,42.14,True,Castle Center,1,4,63,0,3,
Frostsee The Great Wall,46912,Defense Tower Variant (13),Defense Tower,-113.8,13.49,-49.92,0.0,-113.8,13.49,-49.92,True,Castle Center,1,4,63,0,3,
Frostsee The Great Wall,46913,Defense Tower Variant (12),Defense Tower,-26.2,13.49,-33.7,0.0,-26.2,13.49,-33.7,True,Castle Center,1,4,63,0,3,
Frostsee The Great Wall,46915,Defense Tower Variant (7),Defense Tower,-84.85,13.49,9.52,40.4,-84.85,13.49,9.52,True,Castle Center,1,4,63,0,3,
Frostsee The Great Wall,46919,Defense Tower Variant,Defense Tower,13.9,13.49,-26.3,0.0,13.9,13.49,-26.3,True,Castle Center,1,4,63,0,3,
Frostsee The Great Wall,46920,Defense Tower Variant (9),Defense Tower,-87.42,13.49,-58.17,0.0,-87.42,13.49,-58.17,True,Castle Center,2,4,63,0,3,
Frostsee The Great Wall,46924,Defense Tower Variant (1),Defense Tower,-12.27,13.597,20.8,0.0,-12.27,13.597,20.8,True,Castle Center,1,4,63,0,3,
Frostsee The Great Wall,46925,Defense Tower Variant (8),Defense Tower,-93.62,13.49,19.17,-16.5,-93.62,13.49,19.17,True,Castle Center,1,4,63,0,3,
Frostsee The Great Wall,46926,Defense Tower Variant (10),Defense Tower,-82.84,13.49,-70.04,15.7,-82.84,13.49,-70.04,True,Castle Center,2,4,63,0,3,
Frostsee The Great Wall,46929,Defense Tower Variant (4),Defense Tower,-67.2,13.49,29.8,0.0,-67.2,13.49,29.8,True,Castle Center,1,4,63,0,3,
Frostsee The Great Wall,46935,House Variant (7),House,0.86,13.49,-3.851,-133.5,0.86,13.49,-3.851,False,,,3,24,0,4,
Frostsee The Great Wall,46939,House Variant (18),House,-81.06,13.49,-60.8,-162.8,-81.06,13.49,-60.8,False,,,3,24,0,4,
Frostsee The Great Wall,46940,House Variant (1),House,-1.359,13.49,15.474,-6.3,-1.359,13.49,15.474,False,,,3,24,0,4,
Frostsee The Great Wall,46941,House Variant (15),House,18.59,13.49,2.99,-178.8,18.59,13.49,2.99,False,,,3,24,0,4,
Frostsee The Great Wall,46942,House Variant (11),House,4.76,13.597,23.09,-93.6,4.76,13.597,23.09,False,,,3,24,0,4,
Frostsee The Great Wall,46944,House Variant (16),House,-9.37,13.49,5.88,-126.2,-9.37,13.49,5.88,False,,,3,24,0,4,
Frostsee The Great Wall,46945,House Variant (17),House,-76.84,13.49,-58.54,102.9,-76.84,13.49,-58.54,False,,,3,24,0,4,
Frostsee The Great Wall,46947,House Variant (9),House,-13.37,13.49,10.71,-129.0,-13.37,13.49,10.71,False,,,3,24,0,4,
Frostsee The Great Wall,46949,Fishing Harbour,Harbour,-23.11,13.05,9.12,56.8,-23.11,13.05,9.12,True,Castle Center,0,2,10,0,0,
Frostsee The Great Wall,46950,House Variant (10),House,-8.374,13.49,-4.473,-42.1,-8.374,13.49,-4.473,False,,,3,24,0,4,
Frostsee The Great Wall,46953,House Variant (19),House,14.15,13.49,-9.03,-179.7,14.15,13.49,-9.03,False,,,3,24,0,4,
Frostsee The Great Wall,46956,House Variant (4),House,12.66,13.49,-3.44,-90.0,12.66,13.49,-3.44,False,,,3,24,0,4,
Frostsee The Great Wall,46957,Blacksmith,Blacksmith,29.79,13.597,3.29,94.5,29.79,13.597,3.29,True,Castle Center,0,3,29,0,0,
Frostsee The Great Wall,46960,House Variant (20),House,18.37,13.49,-3.06,0.0,18.37,13.49,-3.06,False,,,3,24,0,4,
Frostsee The Great Wall,46961,House Variant (14),House,5.71,13.49,17.64,-90.1,5.71,13.49,17.64,False,,,3,24,0,4,
Frostsee The Great Wall,46967,House Variant,House,13.16,13.49,22.08,180.0,13.16,13.49,22.08,False,,,3,24,0,4,
Frostsee The Great Wall,46969,House Variant (6),House,2.94,13.49,-9.79,41.7,2.94,13.49,-9.79,False,,,3,24,0,4,
Frostsee The Great Wall,46970,House Variant (5),House,-11.93,13.49,0.35,-46.9,-11.93,13.49,0.35,False,,,3,24,0,4,
Frostsee The Great Wall,46972,House Variant (8),House,-4.26,13.49,-0.55,-129.6,-4.26,13.49,-0.55,False,,,3,24,0,4,
Frostsee The Great Wall,46973,House Variant (12),House,-77.13,13.49,-62.34,-132.8,-77.13,13.49,-62.34,False,,,3,24,0,4,
Frostsee The Great Wall,48770,Gate Wide Variant (1),Wall,-30.885,13.49,35.82,102.6,-30.885,13.49,35.82,True,Castle Center,2,3,62,0,0,
Frostsee The Great Wall,48772,Gate Wide Variant,Wall,-15.41,13.49,-27.78,64.6,-15.41,13.49,-27.78,True,Castle Center,2,3,65,0,0,
Frostsee The Great Wall,48775,Gate Wide Variant (4),Wall,-89.97,13.49,-65.86,70.3,-89.97,13.49,-65.86,True,Wall,0,3,65,0,0,
Frostsee The Great Wall,48776,Gate Wide Variant (3),Wall,-64.815,13.49,-61.284,-93.1,-64.815,13.49,-61.284,True,Castle Center,2,3,65,0,0,
Frostsee The Great Wall,48777,Gate Wide Variant (2),Wall,-96.89,13.49,30.63,38.3,-96.89,13.49,30.63,True,Castle Center,2,3,58,0,0,
Uferwind Defense Puzzle,50462,Wall Segment Variant (1),Wall,-12.35,17.15,-46.95,84.4,-12.35,17.15,-46.95,True,Wall,0,3,55,0,0,
Uferwind Defense Puzzle,50463,Wall Segment Variant,Wall,-5.65,17.15,-63.66,52.1,-5.65,17.15,-63.66,True,Wall,0,3,55,0,0,
Uferwind Defense Puzzle,51592,Field Variant (22),Field,-69.44,13.49,-15.15,0.0,-69.44,13.49,-15.15,True,Mill,1,1,1,0,1,
Uferwind Defense Puzzle,51595,Field Variant (16),Field,-2.43,13.49,4.883,0.0,-2.43,13.49,4.883,True,Mill,1,1,1,0,1,
Uferwind Defense Puzzle,51600,Field Variant (5),Field,-71.62,13.49,-33.15,0.0,-71.62,13.49,-33.15,True,Mill,1,1,1,0,1,
Uferwind Defense Puzzle,51604,Field Variant (10),Field,34.45,13.49,-15.367,0.0,34.45,13.49,-15.367,True,Mill,1,1,1,0,1,
Uferwind Defense Puzzle,51606,Field Variant (18),Field,-8.588,13.49,-0.554,0.0,-8.588,13.49,-0.554,True,Mill,0,1,1,0,1,
Uferwind Defense Puzzle,51607,Field Variant (13),Field,22.61,13.49,-15.227,0.0,22.61,13.49,-15.227,True,Mill,0,1,1,0,1,
Uferwind Defense Puzzle,51612,Field Variant (24),Field,-64.248,13.49,-20.527,0.0,-64.248,13.49,-20.527,True,Mill,0,1,1,0,1,
Uferwind Defense Puzzle,51616,Field Variant (9),Field,-59.79,13.49,-39.06,0.0,-59.79,13.49,-39.06,True,Mill,1,1,1,0,1,
Uferwind Defense Puzzle,51617,Field Variant (23),Field,-60.77,13.49,-9.41,0.0,-60.77,13.49,-9.41,True,Mill,0,1,1,0,1,
Uferwind Defense Puzzle,51618,Field Variant (11),Field,22.62,13.49,-9.457,0.0,22.62,13.49,-9.457,True,Mill,1,1,1,0,1,
Uferwind Defense Puzzle,51619,Field Variant (12),Field,22.64,13.49,-20.907,0.0,22.64,13.49,-20.907,True,Mill,1,1,1,0,1,
Uferwind Defense Puzzle,51621,Field Variant (8),Field,-65.948,13.49,-44.497,0.0,-65.948,13.49,-44.497,True,Mill,0,1,1,0,1,
Uferwind Defense Puzzle,51622,Field Variant (15),Field,-14.24,13.49,-0.657,0.0,-14.24,13.49,-0.657,True,Mill,1,1,1,0,1,
Uferwind Defense Puzzle,51623,Field Variant (7),Field,-71.6,13.49,-44.6,0.0,-71.6,13.49,-44.6,True,Mill,1,1,1,0,1,
Uferwind Defense Puzzle,51625,Field Variant (19),Field,-14.27,13.49,5.023,0.0,-14.27,13.49,5.023,True,Mill,0,1,1,0,1,
Uferwind Defense Puzzle,51628,Field Variant (20),Field,-58.09,13.49,-15.09,0.0,-58.09,13.49,-15.09,True,Mill,1,1,1,0,1,
Uferwind Defense Puzzle,51629,Field Variant (17),Field,-14.26,13.49,10.793,0.0,-14.26,13.49,10.793,True,Mill,1,1,1,0,1,
Uferwind Defense Puzzle,51630,Field Variant (4),Field,-34.23,13.49,-1.667,0.0,-34.23,13.49,-1.667,True,Mill,1,1,1,0,1,
Uferwind Defense Puzzle,51632,Field Variant,Field,-40.388,13.49,-7.104,0.0,-40.388,13.49,-7.104,True,Mill,0,1,1,0,1,
Uferwind Defense Puzzle,51633,Field Variant (14),Field,28.292,13.49,-20.804,0.0,28.292,13.49,-20.804,True,Mill,0,1,1,0,1,
Uferwind Defense Puzzle,51634,Field Variant (3),Field,-40.28,13.49,4.73,0.0,-40.28,13.49,4.73,True,Mill,1,1,1,0,1,
Uferwind Defense Puzzle,51637,Field Variant (21),Field,-58.65,13.49,-20.52,0.0,-58.65,13.49,-20.52,True,Mill,1,1,1,0,1,
Uferwind Defense Puzzle,51638,Field Variant (1),Field,-46.07,13.49,-1.527,0.0,-46.07,13.49,-1.527,True,Mill,0,1,1,0,1,
Uferwind Defense Puzzle,51640,Field Variant (6),Field,-71.63,13.49,-38.92,0.0,-71.63,13.49,-38.92,True,Mill,0,1,1,0,1,
Uferwind Defense Puzzle,51641,Field Variant (2),Field,-46.04,13.49,-7.207,0.0,-46.04,13.49,-7.207,True,Mill,1,1,1,0,1,
Uferwind Defense Puzzle,54082,Heroes Quarter Variant,Hero's Quarter,-47.765,13.49,-60.329,0.0,-47.765,13.49,-60.329,True,Castle Center,0,4,86,0,0,yes
Uferwind Defense Puzzle,54083,Archer Hut,Archery Range,31.71,17.6,-100.84,0.0,31.71,17.6,-100.84,True,Castle Center,0,4,78,0,0,yes
Uferwind Defense Puzzle,54086,Archer Hut,Archery Range,1.45,14.407,-140.5,-29.4,1.45,14.407,-140.5,True,Castle Center,0,4,78,0,0,yes
Uferwind Defense Puzzle,54088,Swordsmen Hut,Barracks,1.27,13.49,-26.49,178.1,1.27,13.49,-26.49,True,Castle Center,0,4,78,0,0,yes
Uferwind Defense Puzzle,54091,Swordsmen Hut (1),Barracks,-16.83,13.49,-30.38,149.7,-16.83,13.49,-30.38,True,Castle Center,0,4,78,0,0,yes
Uferwind Defense Puzzle,56630,Castle Center Variant,Castle Center,10.2,17.6,-51.73,-18.6,10.2,17.6,-51.73,False,,,4,130,0,20,
Uferwind Defense Puzzle,59943,Wall Wide Variant (6),Wall,43.5,13.49,-8.3,-130.9,43.5,13.49,-8.3,True,Wall,0,3,55,0,0,
Uferwind Defense Puzzle,59947,Wall Wide Variant (14),Wall,-71.4,13.49,-66.4,53.9,-71.4,13.49,-66.4,True,Wall,0,3,55,0,0,
Uferwind Defense Puzzle,59950,Wall Wide Variant (11),Wall,-86.53,13.49,-20.47,112.2,-86.53,13.49,-20.47,True,Wall,0,3,55,0,0,
Uferwind Defense Puzzle,59951,Wall Wide Variant (5),Wall,28.5,13.49,5.9,-150.8,28.5,13.49,5.9,True,Wall,0,3,55,0,0,
Uferwind Defense Puzzle,59956,Wall Wide Variant (13),Wall,-85.1,13.49,-50.7,53.9,-85.1,13.49,-50.7,True,Wall,0,3,55,0,0,
Uferwind Defense Puzzle,59958,Wall Wide Variant (7),Wall,49.1,13.49,-17.4,-112.1,49.1,13.49,-17.4,True,Wall,0,3,55,0,0,
Uferwind Defense Puzzle,59959,Wall Wide Variant (1),Wall,-30.79,13.49,15.28,150.5,-30.79,13.49,15.28,True,Wall,0,3,55,0,0,
Uferwind Defense Puzzle,59960,Wall Wide Variant (4),Wall,18.6,13.49,9.8,-168.0,18.6,13.49,9.8,True,Wall,0,3,55,0,0,
Uferwind Defense Puzzle,59961,Wall Wide Variant (15),Wall,-63.8,13.49,-73.6,32.4,-63.8,13.49,-73.6,True,Wall,0,3,55,0,0,
Uferwind Defense Puzzle,59962,Wall Wide Variant (2),Wall,-10.86,13.49,19.31,-174.9,-10.86,13.49,19.31,True,Wall,0,3,55,0,0,
Uferwind Defense Puzzle,59964,Wall Wide Variant (3),Wall,-0.63,13.49,16.93,-158.6,-0.63,13.49,16.93,True,Wall,0,3,55,0,0,
Uferwind Defense Puzzle,59966,Wall Wide Variant (10),Wall,-80.2,13.49,-12.9,150.5,-80.2,13.49,-12.9,True,Wall,0,3,55,0,0,
Uferwind Defense Puzzle,59969,Wall Wide Variant (9),Wall,-68.8,13.49,1.5,148.3,-68.8,13.49,1.5,True,Wall,0,3,55,0,0,
Uferwind Defense Puzzle,59970,Wall Wide Variant (8),Wall,-60.2,13.49,7.8,140.2,-60.2,13.49,7.8,True,Wall,0,3,55,0,0,
Uferwind Defense Puzzle,59972,Wall Wide Variant,Wall,-41.108,13.49,12.92,180.0,-41.108,13.49,12.92,True,Wall,0,3,55,0,0,
Uferwind Defense Puzzle,59974,Wall Wide Variant (12),Wall,-88.5,13.49,-41.0,87.6,-88.5,13.49,-41.0,True,Wall,0,3,55,0,0,
Uferwind Defense Puzzle,62752,Defense Tower Variant (13),Defense Tower,-67.38,13.49,-70.08,-50.4,-67.38,13.49,-70.08,True,Castle Center,1,4,63,0,3,
Uferwind Defense Puzzle,62753,Defense Tower Variant (4),Defense Tower,-6.42,17.6,-44.0,-18.6,-6.42,17.6,-44.0,True,Castle Center,0,4,63,0,3,
Uferwind Defense Puzzle,62754,Defense Tower Variant (21),Defense Tower,18.05,17.6,-104.09,-18.6,18.05,17.6,-104.09,True,Castle Center,0,4,63,0,3,
Uferwind Defense Puzzle,62755,Defense Tower Variant (1),Defense Tower,18.98,17.6,-61.11,-45.1,18.98,17.6,-61.11,True,Castle Center,0,4,63,0,3,
Uferwind Defense Puzzle,62756,Defense Tower Variant (3),Defense Tower,7.29,17.6,-39.74,-18.6,7.29,17.6,-39.74,True,Castle Center,0,4,63,0,3,
Uferwind Defense Puzzle,62757,Defense Tower Variant (17),Defense Tower,12.0,13.49,-9.3,0.0,12.0,13.49,-9.3,True,Castle Center,0,4,63,0,3,
Uferwind Defense Puzzle,62758,Defense Tower Variant (15),Defense Tower,-29.17,13.38,-75.12,0.0,-29.17,13.38,-75.12,True,Castle Center,0,4,63,0,3,
Uferwind Defense Puzzle,62759,Defense Tower Variant (7),Defense Tower,-5.9,13.49,18.7,8.5,-5.9,13.49,18.7,True,Castle Center,1,4,63,0,3,
Uferwind Defense Puzzle,62762,Defense Tower Variant (14),Defense Tower,-50.8,13.49,-30.4,0.0,-50.8,13.49,-30.4,True,Castle Center,0,4,63,0,3,
Uferwind Defense Puzzle,62766,Defense Tower Variant (6),Defense Tower,-34.2,13.49,13.4,-19.2,-34.2,13.49,13.4,True,Castle Center,1,4,63,0,3,
Uferwind Defense Puzzle,62768,Defense Tower Variant (22),Defense Tower,-39.09,10.84,-141.35,0.0,-39.09,10.84,-141.35,True,Castle Center,0,4,63,0,3,
Uferwind Defense Puzzle,62773,Defense Tower Variant,Defense Tower,-18.78,13.49,-15.28,0.0,-18.78,13.49,-15.28,True,Castle Center,0,4,63,0,3,
Uferwind Defense Puzzle,62777,Defense Tower Variant (12),Defense Tower,-87.25,13.49,-46.13,-24.9,-87.25,13.49,-46.13,True,Castle Center,1,4,63,0,3,
Uferwind Defense Puzzle,62779,Defense Tower Variant (9),Defense Tower,47.7,13.49,-14.3,72.3,47.7,13.49,-14.3,True,Castle Center,1,4,63,0,3,
Uferwind Defense Puzzle,62780,Defense Tower Variant (18),Defense Tower,30.68,13.49,-45.49,58.4,30.68,13.49,-45.49,True,Castle Center,1,4,63,0,3,
Uferwind Defense Puzzle,62781,Defense Tower Variant (11),Defense Tower,-84.1,13.49,-16.5,-47.1,-84.1,13.49,-16.5,True,Castle Center,1,4,63,0,3,
Uferwind Defense Puzzle,62784,Defense Tower Variant (2),Defense Tower,9.04,17.6,-69.93,-18.6,9.04,17.6,-69.93,True,Castle Center,1,4,63,0,3,
Uferwind Defense Puzzle,62786,Defense Tower Variant (23),Defense Tower,16.91,14.407,-147.81,-18.6,16.91,14.407,-147.81,True,Castle Center,0,4,63,0,3,
Uferwind Defense Puzzle,62787,Defense Tower Variant (24),Defense Tower,-1.79,14.407,-163.19,-18.6,-1.79,14.407,-163.19,True,Castle Center,0,4,63,0,3,
Uferwind Defense Puzzle,62788,Defense Tower Variant (10),Defense Tower,-63.4,13.49,4.3,-40.4,-63.4,13.49,4.3,True,Castle Center,1,4,63,0,3,
Uferwind Defense Puzzle,62789,Defense Tower Variant (25),Defense Tower,9.04,14.407,-116.96,-18.6,9.04,14.407,-116.96,True,Castle Center,0,4,63,0,3,
Uferwind Defense Puzzle,62791,Defense Tower Variant (20),Defense Tower,38.09,17.6,-113.04,-18.6,38.09,17.6,-113.04,True,Castle Center,0,4,63,0,3,
Uferwind Defense Puzzle,62792,Defense Tower Variant (8),Defense Tower,24.6,13.49,8.0,16.4,24.6,13.49,8.0,True,Castle Center,1,4,63,0,3,
Uferwind Defense Puzzle,62793,Defense Tower Variant (16),Defense Tower,45.3,13.49,-36.7,65.1,45.3,13.49,-36.7,True,Castle Center,1,4,63,0,3,
Uferwind Defense Puzzle,62802,Defense Tower Variant (19),Defense Tower,48.8,17.6,-85.0,-18.6,48.8,17.6,-85.0,True,Castle Center,0,4,63,0,3,
Uferwind Defense Puzzle,62803,Defense Tower Variant (5),Defense Tower,-33.05,13.38,-51.51,0.0,-33.05,13.38,-51.51,True,Castle Center,0,4,63,0,3,
Uferwind Defense Puzzle,62808,House Variant (2),House,7.994,17.6,-62.355,3.2,7.994,17.6,-62.355,True,House,0,3,24,0,4,
Uferwind Defense Puzzle,62809,Blacksmith,Blacksmith,35.6,17.6,-87.48,1.7,35.6,17.6,-87.48,True,Castle Center,0,3,29,0,0,
Uferwind Defense Puzzle,62811,House Variant (12),House,0.6,13.49,-14.6,-179.3,0.6,13.49,-14.6,True,House,0,3,24,0,4,
Uferwind Defense Puzzle,62813,House Variant (4),House,-30.0,13.49,-16.87,-36.0,-30.0,13.49,-16.87,True,Castle Center,0,3,24,0,4,
Uferwind Defense Puzzle,62814,Bridge Variant,Bridge,21.2,17.05,-72.46,-40.5,21.2,17.05,-72.46,True,Castle Center,0,1,2,0,1,
Uferwind Defense Puzzle,62816,House Variant (1),House,0.12,17.6,-50.29,-110.3,0.12,17.6,-50.29,True,House,0,3,24,0,4,
Uferwind Defense Puzzle,62820,House Variant (10),House,24.2,13.49,-34.11,-138.6,24.2,13.49,-34.11,True,Castle Center,0,3,24,0,4,
Uferwind Defense Puzzle,62822,House Variant (5),House,-32.27,13.49,-43.37,90.0,-32.27,13.49,-43.37,True,Castle Center,0,3,24,0,4,
Uferwind Defense Puzzle,62823,House Variant (6),House,3.69,13.49,-8.54,-143.7,3.69,13.49,-8.54,True,House,0,3,24,0,4,
Uferwind Defense Puzzle,62824,Bridge Variant (1),Bridge,-9.2,13.8,-114.4,-93.4,-9.2,13.8,-114.4,True,Castle Center,0,1,2,0,1,
Uferwind Defense Puzzle,62826,Bridge Variant (2),Bridge,9.69,13.9,-102.58,-151.7,9.69,13.9,-102.58,True,Castle Center,0,1,2,0,1,
Uferwind Defense Puzzle,62829,Fishing Harbour (1),Harbour,-31.1,10.8,-104.19,35.6,-31.1,10.8,-104.19,True,Castle Center,1,2,10,0,0,
Uferwind Defense Puzzle,62830,House Variant (9),House,1.22,17.6,-57.05,-109.6,1.22,17.6,-57.05,True,Castle Center,0,3,24,0,4,
Uferwind Defense Puzzle,62834,House Variant,House,-33.06,13.49,-36.41,0.0,-33.06,13.49,-36.41,True,House,0,3,24,0,4,
Uferwind Defense Puzzle,62836,House Variant (11),House,27.0,13.49,-38.81,-44.4,27.0,13.49,-38.81,True,House,0,3,24,0,4,
Uferwind Defense Puzzle,62839,House Variant (7),House,8.0,13.49,-14.9,-90.0,8.0,13.49,-14.9,True,House,0,3,24,0,4,
Uferwind Defense Puzzle,62841,House Variant (8),House,-39.39,13.49,-41.33,51.7,-39.39,13.49,-41.33,True,House,0,3,24,0,4,
Uferwind Defense Puzzle,62842,House Variant (3),House,-25.02,13.49,-11.15,-0.6,-25.02,13.49,-11.15,True,House,0,3,24,0,4,
Uferwind Defense Puzzle,62843,Fishing Harbour,Harbour,38.9,10.8,-48.3,-31.6,38.9,10.8,-48.3,True,Castle Center,1,2,10,0,0,
Uferwind Defense Puzzle,62847,Fishing Harbour (2),Harbour,-29.2,10.8,-142.1,-140.7,-29.2,10.8,-142.1,True,Castle Center,0,2,10,0,0,
Uferwind Defense Puzzle,63963,Mill Variant (3),Mill,-8.6,13.49,5.0,0.0,-8.6,13.49,5.0,True,Castle Center,1,3,13,0,6,
Uferwind Defense Puzzle,63964,Mill Variant (2),Mill,28.28,13.49,-15.25,0.0,28.28,13.49,-15.25,True,Castle Center,0,3,13,0,6,
Uferwind Defense Puzzle,63965,Mill Variant,Mill,-40.4,13.49,-1.55,0.0,-40.4,13.49,-1.55,True,Castle Center,0,3,13,0,6,
Uferwind Defense Puzzle,63966,Mill Variant (4),Mill,-63.74,13.49,-14.73,0.0,-63.74,13.49,-14.73,True,Castle Center,1,3,13,0,6,
Uferwind Defense Puzzle,63967,Mill Variant (1),Mill,-65.96,13.49,-38.943,0.0,-65.96,13.49,-38.943,True,Castle Center,0,3,13,0,6,
Uferwind Defense Puzzle,64914,Gate Wide Variant (5),Wall,-74.49,13.49,-5.64,106.0,-74.49,13.49,-5.64,True,Wall,0,3,56,0,0,
Uferwind Defense Puzzle,64916,Gate Wide Variant (8),Wall,-56.03,13.49,-80.11,48.0,-56.03,13.49,-80.11,True,Wall,0,3,56,0,0,
Uferwind Defense Puzzle,64920,Gate Wide Variant (6),Wall,-88.7,13.49,-30.51,90.1,-88.7,13.49,-30.51,True,Wall,0,3,56,0,0,
Uferwind Defense Puzzle,64921,Gate Wide Variant,Wall,-51.5,13.49,12.0,169.3,-51.5,13.49,12.0,True,Wall,0,3,56,0,0,
Uferwind Defense Puzzle,64922,Gate Wide Variant (2),Wall,8.85,13.49,12.79,-154.7,8.85,13.49,12.79,True,Wall,0,3,56,0,0,
Uferwind Defense Puzzle,64924,Gate Wide Variant (9),Wall,-10.32,17.15,-55.6,-112.7,-10.32,17.15,-55.6,True,Castle Center,0,3,58,0,0,
Uferwind Defense Puzzle,64928,Gate Wide Variant (4),Wall,54.5,13.49,-26.1,-133.1,54.5,13.49,-26.1,True,Wall,0,3,56,0,0,
Uferwind Defense Puzzle,64929,Gate Wide Variant (3),Wall,36.6,13.49,-0.5,-133.1,36.6,13.49,-0.5,True,Wall,0,3,56,0,0,
Uferwind Defense Puzzle,64930,Gate Wide Variant (1),Wall,-21.18,13.49,18.87,169.3,-21.18,13.49,18.87,True,Castle Center,0,3,85,0,0,
Uferwind Defense Puzzle,64932,Gate Wide Variant (7),Wall,-78.2,13.49,-58.5,44.3,-78.2,13.49,-58.5,True,Wall,0,3,56,0,0,
Uferwind Hero Commander,21748,Wall Segment Variant (1),Wall,-12.35,17.15,-46.95,84.4,-12.35,17.15,-46.95,False,Wall,0,3,55,0,0,
Uferwind Hero Commander,21749,Wall Segment Variant,Wall,-5.65,17.15,-63.66,52.1,-5.65,17.15,-63.66,False,Wall,0,3,55,0,0,
Uferwind Hero Commander,22810,Heroes Quarter Variant,Hero's Quarter,-47.765,13.49,-60.329,0.0,-47.765,13.49,-60.329,True,Castle Center,0,4,86,0,0,yes
Uferwind Hero Commander,22813,Heroes Quarter Variant (10),Hero's Quarter,26.9,13.49,-18.8,87.1,26.9,13.49,-18.8,True,Castle Center,0,4,86,0,0,yes
Uferwind Hero Commander,22815,Heroes Quarter Variant (4),Hero's Quarter,25.296,13.49,-36.843,143.3,25.296,13.49,-36.843,True,Castle Center,0,4,86,0,0,yes
Uferwind Hero Commander,22817,Heroes Quarter Variant (3),Hero's Quarter,1.5,13.49,-25.6,87.1,1.5,13.49,-25.6,True,Castle Center,0,4,86,0,0,yes
Uferwind Hero Commander,22818,Heroes Quarter Variant (1),Hero's Quarter,-22.627,13.49,-33.84,56.6,-22.627,13.49,-33.84,True,Castle Center,0,4,86,0,0,yes
Uferwind Hero Commander,22819,Heroes Quarter Variant (7),Hero's Quarter,-69.1,13.49,-35.0,0.0,-69.1,13.49,-35.0,True,Castle Center,0,4,86,0,0,yes
Uferwind Hero Commander,22822,Heroes Quarter Variant (11),Hero's Quarter,1.0,14.407,-139.4,-115.2,1.0,14.407,-139.4,True,Castle Center,0,4,86,0,0,yes
Uferwind Hero Commander,22824,Heroes Quarter Variant (8),Hero's Quarter,-56.3,13.49,-15.2,56.6,-56.3,13.49,-15.2,True,Castle Center,0,4,86,0,0,yes
Uferwind Hero Commander,22826,Heroes Quarter Variant (2),Hero's Quarter,-10.6,13.49,-28.1,68.2,-10.6,13.49,-28.1,True,Castle Center,0,4,86,0,0,yes
Uferwind Hero Commander,22827,Heroes Quarter Variant (9),Hero's Quarter,-23.1,13.49,-3.4,68.2,-23.1,13.49,-3.4,True,Castle Center,0,4,86,0,0,yes
Uferwind Hero Commander,22828,Heroes Quarter Variant (5),Hero's Quarter,-42.0,13.49,-40.5,0.0,-42.0,13.49,-40.5,True,Castle Center,0,4,86,0,0,yes
Uferwind Hero Commander,22830,Heroes Quarter Variant (12),Hero's Quarter,29.02,17.6,-97.28,-115.2,29.02,17.6,-97.28,True,Castle Center,0,4,86,0,0,yes
Uferwind Hero Commander,23518,Castle Center Variant,Castle Center,10.2,17.6,-51.73,-18.6,10.2,17.6,-51.73,False,,,4,130,0,20,
Uferwind Hero Commander,24731,Wall Wide Variant (6),Wall,43.5,13.49,-8.3,-130.9,43.5,13.49,-8.3,False,Wall,0,3,55,0,0,
Uferwind Hero Commander,24735,Wall Wide Variant (14),Wall,-71.4,13.49,-66.4,53.9,-71.4,13.49,-66.4,False,Wall,0,3,55,0,0,
Uferwind Hero Commander,24738,Wall Wide Variant (11),Wall,-86.53,13.49,-20.47,112.2,-86.53,13.49,-20.47,False,Wall,0,3,55,0,0,
Uferwind Hero Commander,24739,Wall Wide Variant (5),Wall,28.49,13.49,5.83,29.2,28.49,13.49,5.83,False,Wall,0,3,55,0,0,
Uferwind Hero Commander,24744,Wall Wide Variant (13),Wall,-85.1,13.49,-50.7,53.9,-85.1,13.49,-50.7,False,Wall,0,3,55,0,0,
Uferwind Hero Commander,24746,Wall Wide Variant (7),Wall,49.1,13.49,-17.4,-112.1,49.1,13.49,-17.4,False,Wall,0,3,55,0,0,
Uferwind Hero Commander,24747,Wall Wide Variant (1),Wall,-30.79,13.49,15.28,150.5,-30.79,13.49,15.28,False,Wall,0,3,55,0,0,
Uferwind Hero Commander,24748,Wall Wide Variant (4),Wall,18.66,13.49,9.67,12.0,18.66,13.49,9.67,False,Wall,0,3,55,0,0,
Uferwind Hero Commander,24749,Wall Wide Variant (15),Wall,-63.8,13.49,-73.6,32.4,-63.8,13.49,-73.6,False,Wall,0,3,55,0,0,
Uferwind Hero Commander,24750,Wall Wide Variant (2),Wall,-10.86,13.49,19.31,-174.9,-10.86,13.49,19.31,False,Wall,0,3,55,0,0,
Uferwind Hero Commander,24752,Wall Wide Variant (3),Wall,-0.63,13.49,16.93,-158.6,-0.63,13.49,16.93,False,Wall,0,3,55,0,0,
Uferwind Hero Commander,24754,Wall Wide Variant (10),Wall,-80.2,13.49,-12.9,150.5,-80.2,13.49,-12.9,False,Wall,0,3,55,0,0,
Uferwind Hero Commander,24757,Wall Wide Variant (9),Wall,-68.8,13.49,1.5,148.3,-68.8,13.49,1.5,False,Wall,0,3,55,0,0,
Uferwind Hero Commander,24758,Wall Wide Variant (8),Wall,-60.2,13.49,7.8,140.2,-60.2,13.49,7.8,False,Wall,0,3,55,0,0,
Uferwind Hero Commander,24760,Wall Wide Variant,Wall,-41.108,13.49,12.92,180.0,-41.108,13.49,12.92,False,Wall,0,3,55,0,0,
Uferwind Hero Commander,24762,Wall Wide Variant (12),Wall,-88.5,13.49,-41.0,87.6,-88.5,13.49,-41.0,False,Wall,0,3,55,0,0,
Uferwind Hero Commander,25565,Blacksmith,Blacksmith,35.6,17.6,-87.48,1.7,35.6,17.6,-87.48,True,Castle Center,0,3,29,0,0,
Uferwind Hero Commander,25566,Bridge Variant,Bridge,21.2,17.05,-72.46,-40.5,21.2,17.05,-72.46,True,Castle Center,0,1,2,0,1,
Uferwind Hero Commander,25567,Bridge Variant (1),Bridge,-9.2,13.8,-114.4,-93.4,-9.2,13.8,-114.4,True,Castle Center,0,1,2,0,1,
Uferwind Hero Commander,25568,Bridge Variant (2),Bridge,9.69,13.9,-102.58,-151.7,9.69,13.9,-102.58,True,Castle Center,0,1,2,0,1,
Uferwind Hero Commander,26147,Gate Wide Variant (5),Wall,-74.49,13.49,-5.64,106.0,-74.49,13.49,-5.64,False,Wall,0,3,56,0,0,
Uferwind Hero Commander,26149,Gate Wide Variant (8),Wall,-56.03,13.49,-80.11,48.0,-56.03,13.49,-80.11,False,Wall,0,3,56,0,0,
Uferwind Hero Commander,26153,Gate Wide Variant (6),Wall,-88.7,13.49,-30.51,90.1,-88.7,13.49,-30.51,False,Wall,0,3,56,0,0,
Uferwind Hero Commander,26154,Gate Wide Variant,Wall,-51.5,13.49,12.0,169.3,-51.5,13.49,12.0,False,Wall,0,3,56,0,0,
Uferwind Hero Commander,26155,Gate Wide Variant (2),Wall,8.85,13.49,12.79,-154.7,8.85,13.49,12.79,False,Wall,0,3,56,0,0,
Uferwind Hero Commander,26157,Gate Wide Variant (9),Wall,-10.13,17.15,-55.52,67.3,-10.13,17.15,-55.52,False,Castle Center,0,3,58,0,0,
Uferwind Hero Commander,26161,Gate Wide Variant (4),Wall,54.5,13.49,-26.1,-133.1,54.5,13.49,-26.1,False,Wall,0,3,56,0,0,
Uferwind Hero Commander,26162,Gate Wide Variant (3),Wall,36.6,13.49,-0.5,-133.1,36.6,13.49,-0.5,False,Wall,0,3,56,0,0,
Uferwind Hero Commander,26163,Gate Wide Variant (1),Wall,-21.18,13.49,18.87,169.3,-21.18,13.49,18.87,False,Castle Center,0,3,85,0,0,
Uferwind Hero Commander,26165,Gate Wide Variant (7),Wall,-78.2,13.49,-58.5,44.3,-78.2,13.49,-58.5,False,Wall,0,3,56,0,0,
Uferwind Lightning Staff Challenge,14202,Wall Segment Variant (1),Wall,-12.35,17.15,-46.95,84.4,-12.35,17.15,-46.95,True,Wall,0,3,55,0,0,
Uferwind Lightning Staff Challenge,14203,Wall Segment Variant,Wall,-5.65,17.15,-63.66,52.1,-5.65,17.15,-63.66,True,Wall,0,3,55,0,0,
Uferwind Lightning Staff Challenge,14813,Castle Center Variant,Castle Center,10.2,17.6,-51.73,-18.6,10.2,17.6,-51.73,False,,,4,130,0,20,
Uferwind Lightning Staff Challenge,15179,Wall Wide Variant (6),Wall,43.5,13.49,-8.3,-130.9,43.5,13.49,-8.3,True,Wall,0,3,55,0,0,
Uferwind Lightning Staff Challenge,15183,Wall Wide Variant (14),Wall,-71.4,13.49,-66.4,53.9,-71.4,13.49,-66.4,True,Wall,0,3,55,0,0,
Uferwind Lightning Staff Challenge,15186,Wall Wide Variant (11),Wall,-86.53,13.49,-20.47,112.2,-86.53,13.49,-20.47,True,Wall,0,3,55,0,0,
Uferwind Lightning Staff Challenge,15187,Wall Wide Variant (5),Wall,28.5,13.49,5.9,-150.8,28.5,13.49,5.9,True,Wall,0,3,55,0,0,
Uferwind Lightning Staff Challenge,15192,Wall Wide Variant (13),Wall,-85.1,13.49,-50.7,53.9,-85.1,13.49,-50.7,True,Wall,0,3,55,0,0,
Uferwind Lightning Staff Challenge,15194,Wall Wide Variant (7),Wall,49.1,13.49,-17.4,-112.1,49.1,13.49,-17.4,True,Wall,0,3,55,0,0,
Uferwind Lightning Staff Challenge,15195,Wall Wide Variant (1),Wall,-30.79,13.49,15.28,150.5,-30.79,13.49,15.28,True,Wall,0,3,55,0,0,
Uferwind Lightning Staff Challenge,15196,Wall Wide Variant (4),Wall,18.6,13.49,9.8,-168.0,18.6,13.49,9.8,True,Wall,0,3,55,0,0,
Uferwind Lightning Staff Challenge,15197,Wall Wide Variant (15),Wall,-63.8,13.49,-73.6,32.4,-63.8,13.49,-73.6,True,Wall,0,3,55,0,0,
Uferwind Lightning Staff Challenge,15198,Wall Wide Variant (2),Wall,-10.86,13.49,19.31,-174.9,-10.86,13.49,19.31,True,Wall,0,3,55,0,0,
Uferwind Lightning Staff Challenge,15200,Wall Wide Variant (3),Wall,-0.63,13.49,16.93,-158.6,-0.63,13.49,16.93,True,Wall,0,3,55,0,0,
Uferwind Lightning Staff Challenge,15202,Wall Wide Variant (10),Wall,-80.2,13.49,-12.9,150.5,-80.2,13.49,-12.9,True,Wall,0,3,55,0,0,
Uferwind Lightning Staff Challenge,15205,Wall Wide Variant (9),Wall,-68.8,13.49,1.5,148.3,-68.8,13.49,1.5,True,Wall,0,3,55,0,0,
Uferwind Lightning Staff Challenge,15206,Wall Wide Variant (8),Wall,-60.2,13.49,7.8,140.2,-60.2,13.49,7.8,True,Wall,0,3,55,0,0,
Uferwind Lightning Staff Challenge,15208,Wall Wide Variant,Wall,-41.108,13.49,12.92,180.0,-41.108,13.49,12.92,True,Wall,0,3,55,0,0,
Uferwind Lightning Staff Challenge,15210,Wall Wide Variant (12),Wall,-88.5,13.49,-41.0,87.6,-88.5,13.49,-41.0,True,Wall,0,3,55,0,0,
Uferwind Lightning Staff Challenge,15486,Bridge Variant,Bridge,21.2,17.05,-72.46,-40.5,21.2,17.05,-72.46,True,Castle Center,5,1,2,0,1,
Uferwind Lightning Staff Challenge,15487,Bridge Variant (1),Bridge,-9.2,13.8,-114.4,-93.4,-9.2,13.8,-114.4,True,Castle Center,5,1,2,0,1,
Uferwind Lightning Staff Challenge,15488,Bridge Variant (2),Bridge,9.69,13.9,-102.58,-151.7,9.69,13.9,-102.58,True,Castle Center,5,1,2,0,1,
Uferwind Lightning Staff Challenge,15701,Gate Wide Variant (5),Wall,-74.49,13.49,-5.64,106.0,-74.49,13.49,-5.64,True,Wall,0,3,56,0,0,
Uferwind Lightning Staff Challenge,15703,Gate Wide Variant (8),Wall,-56.03,13.49,-80.11,48.0,-56.03,13.49,-80.11,True,Wall,0,3,56,0,0,
Uferwind Lightning Staff Challenge,15707,Gate Wide Variant (6),Wall,-88.7,13.49,-30.51,90.1,-88.7,13.49,-30.51,True,Wall,0,3,56,0,0,
Uferwind Lightning Staff Challenge,15708,Gate Wide Variant,Wall,-51.5,13.49,12.0,169.3,-51.5,13.49,12.0,True,Wall,0,3,56,0,0,
Uferwind Lightning Staff Challenge,15709,Gate Wide Variant (2),Wall,8.85,13.49,12.79,-154.7,8.85,13.49,12.79,True,Wall,0,3,56,0,0,
Uferwind Lightning Staff Challenge,15711,Gate Wide Variant (9),Wall,-10.32,17.15,-55.6,-112.7,-10.32,17.15,-55.6,True,Castle Center,0,3,58,0,0,
Uferwind Lightning Staff Challenge,15715,Gate Wide Variant (4),Wall,54.5,13.49,-26.1,-133.1,54.5,13.49,-26.1,True,Wall,0,3,56,0,0,
Uferwind Lightning Staff Challenge,15716,Gate Wide Variant (3),Wall,36.6,13.49,-0.5,-133.1,36.6,13.49,-0.5,True,Wall,0,3,56,0,0,
Uferwind Lightning Staff Challenge,15717,Gate Wide Variant (1),Wall,-21.18,13.49,18.87,169.3,-21.18,13.49,18.87,True,Castle Center,2,3,85,0,0,
Uferwind Lightning Staff Challenge,15719,Gate Wide Variant (7),Wall,-78.2,13.49,-58.5,44.3,-78.2,13.49,-58.5,True,Wall,0,3,56,0,0,
Sturmklamm Just The Way They Are,48756,Barricades,Barricades,-70.54,17.66,-40.81,14.6,-70.54,17.66,-40.81,True,Castle Center,1,1,5,0,0,
Sturmklamm Just The Way They Are,48758,Barricades (2),Barricades,-49.6,27.55,-18.8,-51.2,-49.6,27.55,-18.8,True,Castle Center,1,1,5,0,0,
Sturmklamm Just The Way They Are,48760,Barricades (1),Barricades,-75.17,17.66,-37.41,52.7,-75.17,17.66,-37.41,True,Barricades,0,1,5,0,0,
Sturmklamm Just The Way They Are,50529,Gate Variant,Wall,-81.57,23.6,48.62,4.5,-81.57,23.6,48.62,True,Castle Center,0,3,59,0,0,
Sturmklamm Just The Way They Are,50531,Gate Variant,Wall,-66.35,23.397,-29.86,39.6,-66.35,23.397,-29.86,True,Castle Center,0,3,59,0,0,
Sturmklamm Just The Way They Are,51437,Archer Hut (1),Archery Range,-71.29,23.397,6.78,71.4,-71.29,23.397,6.78,True,Castle Center,0,4,78,0,0,yes
Sturmklamm Just The Way They Are,51438,Swordsmen Hut (2),Barracks,-75.6,23.397,28.1,93.0,-75.6,23.397,28.1,True,Castle Center,0,4,78,0,0,yes
Sturmklamm Just The Way They Are,51440,Archer Hut (2),Archery Range,-24.92,30.997,5.37,31.9,-24.92,30.997,5.37,True,Castle Center,1,4,78,0,0,yes
Sturmklamm Just The Way They Are,51441,Heros Quarter Variant (2),Hero's Quarter,-91.7,17.897,0.1,-15.1,-91.7,17.897,0.1,True,Castle Center,0,4,86,0,0,yes
Sturmklamm Just The Way They Are,51445,Heros Quarter Variant (3),Hero's Quarter,-53.8,30.997,43.2,1.4,-53.8,30.997,43.2,True,Castle Center,0,4,86,0,0,yes
Sturmklamm Just The Way They Are,51448,Swordsmen Hut (1),Barracks,-43.4,17.897,-48.8,15.9,-43.4,17.897,-48.8,True,Castle Center,0,4,78,0,0,yes
Sturmklamm Just The Way They Are,53390,Castle Center Variant,Castle Center,-46.0,30.997,12.8,0.0,-46.0,30.997,12.8,False,,,4,130,0,20,
Sturmklamm Just The Way They Are,58068,Defense Tower Variant (18),Defense Tower,-41.19,30.997,44.72,16.3,-41.19,30.997,44.72,True,Castle Center,1,4,63,0,3,
Sturmklamm Just The Way They Are,58069,Defense Tower Variant (3),Defense Tower,-90.24,23.397,27.58,-0.1,-90.24,23.397,27.58,True,Castle Center,0,4,63,0,3,
Sturmklamm Just The Way They Are,58071,Defense Tower Variant (11),Defense Tower,-62.14,30.997,11.54,-16.8,-62.14,30.997,11.54,True,Castle Center,1,4,63,0,3,
Sturmklamm Just The Way They Are,58072,Defense Tower Variant (6),Defense Tower,-51.04,23.397,-22.47,-54.1,-51.04,23.397,-22.47,True,Castle Center,0,4,63,0,3,
Sturmklamm Just The Way They Are,58074,Defense Tower Variant (13),Defense Tower,-17.1,30.997,-17.5,-92.2,-17.1,30.997,-17.5,True,Castle Center,0,4,63,0,3,
Sturmklamm Just The Way They Are,58076,Defense Tower Variant (24),Defense Tower,-26.1,30.997,-6.8,-61.0,-26.1,30.997,-6.8,True,Castle Center,0,4,63,0,3,
Sturmklamm Just The Way They Are,58077,Defense Tower Variant (19),Defense Tower,-1.9,30.997,-11.4,10.0,-1.9,30.997,-11.4,True,Castle Center,1,4,63,0,3,
Sturmklamm Just The Way They Are,58078,Defense Tower Variant (25),Defense Tower,-76.1,17.897,82.4,-25.6,-76.1,17.897,82.4,True,Castle Center,1,4,63,0,3,
Sturmklamm Just The Way They Are,58079,Defense Tower Variant (10),Defense Tower,-41.32,30.997,-15.46,-61.0,-41.32,30.997,-15.46,True,Castle Center,0,4,63,0,3,
Sturmklamm Just The Way They Are,58083,Defense Tower Variant (20),Defense Tower,-22.81,30.997,15.57,-51.3,-22.81,30.997,15.57,True,Castle Center,0,4,63,0,3,
Sturmklamm Just The Way They Are,58084,Defense Tower Variant,Defense Tower,-72.77,23.397,-18.33,-40.8,-72.77,23.397,-18.33,True,Castle Center,0,4,63,0,3,
Sturmklamm Just The Way They Are,58088,Defense Tower Variant (16),Defense Tower,-62.2,30.997,44.21,19.0,-62.2,30.997,44.21,True,Castle Center,1,4,63,0,3,
Sturmklamm Just The Way They Are,58092,Defense Tower Variant (4),Defense Tower,-35.45,23.519,-39.06,-79.6,-35.45,23.519,-39.06,True,Castle Center,1,4,63,0,3,
Sturmklamm Just The Way They Are,59714,Gate Wide Variant,Wall,-91.65,23.34,39.24,99.1,-91.65,23.34,39.24,True,Castle Center,0,3,59,0,0,
Sturmklamm Just The Way They Are,59715,Gate Wide Variant (1),Wall,-27.988,30.997,-20.005,0.0,-27.988,30.997,-20.005,True,Castle Center,0,3,59,0,0,
Sturmklamm One Man Army,22643,Gate Variant,Wall,-81.57,23.6,48.62,4.5,-81.57,23.6,48.62,True,Castle Center,0,3,59,0,0,
Sturmklamm One Man Army,22645,Gate Variant,Wall,-66.35,23.397,-29.86,39.6,-66.35,23.397,-29.86,True,Castle Center,0,3,59,0,0,
Sturmklamm One Man Army,22885,Castle Center Variant,Castle Center,-45.9,30.997,15.6,0.0,-45.9,30.997,15.6,False,,,4,130,0,20,
Sturmklamm One Man Army,23195,Royayl Forge,Royal Forge,-49.9,30.997,39.1,-175.9,-49.9,30.997,39.1,True,Castle Center,1,3,25,0,0,
Sturmklamm One Man Army,23196,Royayl Forge (4),Royal Forge,-6.9,30.997,-9.2,-100.6,-6.9,30.997,-9.2,True,Castle Center,2,3,25,0,0,
Sturmklamm One Man Army,23197,Royayl Forge (2),Royal Forge,-50.47,30.997,53.85,-156.3,-50.47,30.997,53.85,True,Castle Center,2,3,25,0,0,
Sturmklamm One Man Army,23200,Royayl Forge (3),Royal Forge,-24.8,30.997,3.0,-83.1,-24.8,30.997,3.0,True,Castle Center,1,3,25,0,0,
Sturmklamm One Man Army,23202,Royayl Forge (1),Royal Forge,-32.1,30.997,24.8,-128.7,-32.1,30.997,24.8,True,Castle Center,0,3,25,0,0,
Sturmklamm One Man Army,23317,Gate Wide Variant,Wall,-91.65,23.34,39.24,99.1,-91.65,23.34,39.24,True,Castle Center,0,3,59,0,0,
Sturmklamm One Man Army,23318,Gate Wide Variant (1),Wall,-27.988,30.997,-20.005,0.0,-27.988,30.997,-20.005,True,Castle Center,0,3,59,0,0,
Sturmklamm Shrine Challenge,24687,Gate Variant,Wall,-81.57,23.6,48.62,4.5,-81.57,23.6,48.62,True,Castle Center,0,3,65,0,0,
Sturmklamm Shrine Challenge,24689,Gate Variant,Wall,-66.35,23.397,-29.86,39.6,-66.35,23.397,-29.86,True,Castle Center,0,3,65,0,0,
Sturmklamm Shrine Challenge,25069,Castle Center Variant,Castle Center,-46.0,30.997,12.4,0.0,-46.0,30.997,12.4,False,,,4,130,0,20,
Sturmklamm Shrine Challenge,25623,Shrine (3),Shrine,-77.76,23.397,34.65,2.3,-77.76,23.397,34.65,True,Castle Center,0,1,3,0,0,
Sturmklamm Shrine Challenge,25624,Shrine (18),Shrine,-51.84,30.997,43.55,-24.5,-51.84,30.997,43.55,True,Castle Center,0,1,3,0,0,
Sturmklamm Shrine Challenge,25625,Shrine (17),Shrine,-38.59,30.997,23.56,-43.6,-38.59,30.997,23.56,True,Castle Center,0,1,3,0,0,
Sturmklamm Shrine Challenge,25627,Shrine,Shrine,-33.99,17.897,-55.16,44.9,-33.99,17.897,-55.16,True,Castle Center,0,1,3,0,0,
Sturmklamm Shrine Challenge,25628,Shrine (4),Shrine,-110.25,17.897,75.38,7.8,-110.25,17.897,75.38,True,Castle Center,0,1,3,0,0,
Sturmklamm Shrine Challenge,25629,Shrine (19),Shrine,-57.47,30.997,20.29,-24.5,-57.47,30.997,20.29,True,Castle Center,0,1,3,0,0,
Sturmklamm Shrine Challenge,25631,Shrine (14),Shrine,-77.7,17.897,82.89,7.8,-77.7,17.897,82.89,True,Castle Center,0,1,3,0,0,
Sturmklamm Shrine Challenge,25633,Shrine (21),Shrine,-12.18,30.997,-6.64,-69.8,-12.18,30.997,-6.64,True,Castle Center,0,1,3,0,0,
Sturmklamm Shrine Challenge,25635,Shrine (2),Shrine,-65.85,23.397,-11.02,-43.2,-65.85,23.397,-11.02,True,Castle Center,0,1,3,0,0,
Sturmklamm Shrine Challenge,25637,Shrine (10),Shrine,-15.7,30.997,-23.1,-5.2,-15.7,30.997,-23.1,True,Castle Center,0,1,3,0,0,
Sturmklamm Shrine Challenge,25639,Shrine (13),Shrine,-84.0,23.397,25.4,-7.8,-84.0,23.397,25.4,True,Castle Center,0,1,3,0,0,
Sturmklamm Shrine Challenge,25642,Shrine (16),Shrine,-25.7,30.997,6.89,-29.9,-25.7,30.997,6.89,True,Castle Center,0,1,3,0,0,
Sturmklamm Shrine Challenge,25643,Shrine (8),Shrine,-43.5,23.397,-28.3,-62.8,-43.5,23.397,-28.3,True,Castle Center,0,1,3,0,0,
Sturmklamm Shrine Challenge,25645,Shrine (9),Shrine,-60.36,17.897,-44.72,22.8,-60.36,17.897,-44.72,True,Castle Center,0,1,3,0,0,
Sturmklamm Shrine Challenge,25647,Shrine (1),Shrine,-102.11,17.897,-6.88,-22.4,-102.11,17.897,-6.88,True,Castle Center,0,1,3,0,0,
Sturmklamm Shrine Challenge,25648,Shrine (5),Shrine,-29.99,30.997,-8.88,-43.2,-29.99,30.997,-8.88,True,Castle Center,0,1,3,0,0,
Sturmklamm Shrine Challenge,25650,Shrine (6),Shrine,-79.6,17.897,-26.8,44.9,-79.6,17.897,-26.8,True,Castle Center,0,1,3,0,0,
Sturmklamm Shrine Challenge,25652,Shrine (7),Shrine,-74.2,23.397,15.2,-14.2,-74.2,23.397,15.2,True,Castle Center,0,1,3,0,0,
Sturmklamm Shrine Challenge,25654,Shrine (15),Shrine,-45.84,30.997,-2.79,-43.2,-45.84,30.997,-2.79,True,Castle Center,0,1,3,0,0,
Sturmklamm Shrine Challenge,25658,Shrine (12),Shrine,-77.85,23.397,2.04,-18.6,-77.85,23.397,2.04,True,Castle Center,0,1,3,0,0,
Sturmklamm Shrine Challenge,25662,Shrine (11),Shrine,-111.1,17.897,14.76,-17.4,-111.1,17.897,14.76,True,Castle Center,0,1,3,0,0,
Sturmklamm Shrine Challenge,25922,Gate Wide Variant,Wall,-91.65,23.34,39.24,99.1,-91.65,23.34,39.24,True,Castle Center,0,3,65,0,0,
Sturmklamm Shrine Challenge,25923,Gate Wide Variant (1),Wall,-27.988,30.997,-20.005,0.0,-27.988,30.997,-20.005,True,Castle Center,0,3,65,0,0,
Wildbach,54122,Wall Segment Variant (2),Wall,-11.3,17.307,-158.6,-7.9,-11.3,17.307,-158.6,True,Wall,0,3,55,0,0,
Wildbach,54126,Wall Segment Variant,Wall,-20.94,17.307,-111.69,39.9,-20.94,17.307,-111.69,True,Wall,0,3,55,0,0,
Wildbach,54127,Wall Segment Variant (7),Wall,38.85,17.307,-177.29,-7.9,38.85,17.307,-177.29,True,Wall,0,3,55,0,0,
Wildbach,54128,Wall Segment Variant (1),Wall,-3.587,17.307,-115.988,-12.6,-3.587,17.307,-115.988,True,Wall,0,3,55,0,0,
Wildbach,54131,Wall Segment Variant (5),Wall,5.486,17.307,-129.838,-101.6,5.486,17.307,-129.838,True,Wall,0,3,55,0,0,
Wildbach,54132,Wall Segment Variant (4),Wall,2.461,17.307,-147.973,-61.2,2.461,17.307,-147.973,True,Wall,0,3,55,0,0,
Wildbach,54133,Wall Segment Variant (6),Wall,20.95,17.307,-173.09,32.5,20.95,17.307,-173.09,True,Wall,0,3,55,0,0,
Wildbach,54137,Wall Segment Variant (3),Wall,-29.2,17.307,-154.4,32.5,-29.2,17.307,-154.4,True,Wall,0,3,55,0,0,
Wildbach,55118,Field Variant (5),Field,-21.12,17.307,-133.33,10.9,-21.12,17.307,-133.33,True,Mill,0,1,1,0,1,
Wildbach,55120,Field Variant (4),Field,-12.096,17.6,-70.83,10.9,-12.096,17.6,-70.83,True,Mill,1,1,1,0,1,
Wildbach,55122,Field Variant (3),Field,-20.389,17.6,-79.974,10.9,-20.389,17.6,-79.974,True,Mill,1,1,1,0,1,
Wildbach,55123,Field Variant (9),Field,-13.798,17.307,-129.092,10.9,-13.798,17.307,-129.092,True,Mill,1,1,1,0,1,
Wildbach,55124,Field Variant (14),Field,26.95,17.307,-149.687,-6.2,26.95,17.307,-149.687,True,Mill,1,1,1,0,1,
Wildbach,55125,Field Variant,Field,-14.791,17.6,-81.207,10.9,-14.791,17.6,-81.207,True,Mill,0,1,1,0,1,
Wildbach,55128,Field Variant (11),Field,33.514,17.307,-159.92,-6.2,33.514,17.307,-159.92,True,Mill,0,1,1,0,1,
Wildbach,55130,Summoning Circle,Summoning Circle,-66.7,9.707,-33.02,0.0,-66.7,9.707,-33.02,True,Castle Center,0,2,3,0,0,
Wildbach,55131,Field Variant (13),Field,27.287,17.307,-155.411,-6.2,27.287,17.307,-155.411,True,Mill,0,1,1,0,1,
Wildbach,55132,Field Variant (1),Field,-19.053,17.6,-74.529,10.9,-19.053,17.6,-74.529,True,Mill,0,1,1,0,1,
Wildbach,55133,Summoning Circle (2),Summoning Circle,-31.323,17.307,-128.261,0.0,-31.323,17.307,-128.261,True,Castle Center,0,2,3,0,0,
Wildbach,55134,Field Variant (8),Field,-16.493,17.307,-139.469,10.9,-16.493,17.307,-139.469,True,Mill,0,1,1,0,1,
Wildbach,55138,Field Variant (6),Field,-19.76,17.307,-127.76,10.9,-19.76,17.307,-127.76,True,Mill,1,1,1,0,1,
Wildbach,55142,Field Variant (10),Field,33.04,17.307,-149.209,-6.2,33.04,17.307,-149.209,True,Mill,1,1,1,0,1,
Wildbach,55143,Field Variant (7),Field,-9.26,17.307,-135.42,10.9,-9.26,17.307,-135.42,True,Mill,1,1,1,0,1,
Wildbach,55146,Field Variant (2),Field,-7.7,17.6,-77.9,10.9,-7.7,17.6,-77.9,True,Mill,1,1,1,0,1,
Wildbach,55148,Field Variant (12),Field,39.32,17.307,-154.675,-6.2,39.32,17.307,-154.675,True,Mill,1,1,1,0,1,
Wildbach,57368,Archer Hut (1),Archery Range,-41.69,17.307,-120.78,-66.8,-41.69,17.307,-120.78,True,Castle Center,2,4,78,0,0,yes
Wildbach,57369,Swordsmen Hut (2),Barracks,30.8,17.307,-133.5,0.0,30.8,17.307,-133.5,True,Castle Center,1,4,78,0,0,yes
Wildbach,57370,Heros Quarter Variant (1),Hero's Quarter,-42.4,17.307,-134.9,-85.5,-42.4,17.307,-134.9,True,Castle Center,1,4,86,0,0,yes
Wildbach,57373,Archer Hut (2),Archery Range,26.6,21.206,-77.7,6.8,26.6,21.206,-77.7,True,Castle Center,2,4,78,0,0,yes
Wildbach,57374,Swordsmen Hut (1),Barracks,7.31,17.6,-86.59,105.3,7.31,17.6,-86.59,True,Castle Center,0,4,78,0,0,yes
Wildbach,59636,Castle Center Variant,Castle Center,5.6,17.6,-32.3,-18.6,5.6,17.6,-32.3,False,,,4,130,0,20,
Wildbach,65034,Defense Tower Variant (8),Defense Tower,-35.4,17.307,-145.9,54.2,-35.4,17.307,-145.9,True,Castle Center,1,4,63,0,3,
Wildbach,65038,Shrine (2),Shrine,-7.8,17.6,-39.6,-13.7,-7.8,17.6,-39.6,True,Castle Center,1,1,3,0,0,
Wildbach,65039,Defense Tower Variant (13),Defense Tower,-77.4,9.707,-44.7,22.2,-77.4,9.707,-44.7,True,Castle Center,0,4,63,0,3,
Wildbach,65040,Defense Tower Variant (7),Defense Tower,-4.3,17.307,-153.5,54.2,-4.3,17.307,-153.5,True,Castle Center,1,4,63,0,3,
Wildbach,65041,Shrine,Shrine,13.82,17.6,-44.51,0.0,13.82,17.6,-44.51,True,Castle Center,0,1,3,0,0,
Wildbach,65042,Defense Tower Variant (3),Defense Tower,17.1,21.206,-87.7,0.0,17.1,21.206,-87.7,True,Castle Center,1,4,63,0,3,
Wildbach,65043,Defense Tower Variant (2),Defense Tower,16.7,17.6,-22.9,11.9,16.7,17.6,-22.9,True,Castle Center,1,4,63,0,3,
Wildbach,65044,Defense Tower Variant (5),Defense Tower,-10.34,17.34,-101.36,13.3,-10.34,17.34,-101.36,True,Castle Center,0,4,63,0,3,
Wildbach,65045,Defense Tower Variant,Defense Tower,13.75,17.6,-54.26,6.5,13.75,17.6,-54.26,True,Castle Center,0,4,63,0,3,
Wildbach,65048,Defense Tower Variant (15),Defense Tower,-19.8,17.6,-66.1,13.3,-19.8,17.6,-66.1,True,Castle Center,0,4,63,0,3,
Wildbach,65051,Defense Tower Variant (1),Defense Tower,-12.27,17.6,-28.62,6.5,-12.27,17.6,-28.62,True,Castle Center,0,4,63,0,3,
Wildbach,65052,Defense Tower Variant (6),Defense Tower,1.1,17.307,-122.6,54.2,1.1,17.307,-122.6,True,Castle Center,1,4,63,0,3,
Wildbach,65054,Defense Tower Variant (12),Defense Tower,-72.6,9.707,-74.25,9.5,-72.6,9.707,-74.25,True,Castle Center,0,4,63,0,3,
Wildbach,65055,Defense Tower Variant (14),Defense Tower,-56.9,9.707,-58.8,10.4,-56.9,9.707,-58.8,True,Castle Center,1,4,63,0,3,
Wildbach,65056,Defense Tower Variant (16),Defense Tower,21.5,17.307,-142.2,63.7,21.5,17.307,-142.2,True,Castle Center,2,4,63,0,3,
Wildbach,65059,Defense Tower Variant (4),Defense Tower,-11.21,17.23,-105.44,13.3,-11.21,17.23,-105.44,True,Castle Center,0,4,63,0,3,
Wildbach,65060,Defense Tower Variant (11),Defense Tower,18.3,17.307,-166.9,63.7,18.3,17.307,-166.9,True,Castle Center,2,4,63,0,3,
Wildbach,65062,Defense Tower Variant (10),Defense Tower,45.3,17.307,-171.8,54.2,45.3,17.307,-171.8,True,Castle Center,2,4,63,0,3,
Wildbach,65063,Shrine (1),Shrine,51.2,21.206,-88.3,0.0,51.2,21.206,-88.3,True,Castle Center,1,1,3,0,0,
Wildbach,65070,Defense Tower Variant (9),Defense Tower,-29.0,17.307,-114.8,54.2,-29.0,17.307,-114.8,True,Castle Center,1,4,63,0,3,
Wildbach,65071,Shrine (4),Shrine,-6.5,17.6,-89.6,13.1,-6.5,17.6,-89.6,True,Castle Center,0,1,3,0,0,
Wildbach,65072,Shrine (3),Shrine,-8.94,17.307,-145.91,-36.0,-8.94,17.307,-145.91,True,Castle Center,1,1,3,0,0,
Wildbach,65083,House Variant,House,9.6,17.6,-18.4,83.7,9.6,17.6,-18.4,True,House,0,3,24,0,4,
Wildbach,65085,Mine Shaft (1),Gold Mine,42.1,21.206,-81.8,-1.1,42.1,21.206,-81.8,True,Castle Center,1,1,5,0,6,
Wildbach,65086,House Variant (2),House,16.1,17.6,-30.0,-129.8,16.1,17.6,-30.0,True,Castle Center,0,3,24,0,4,
Wildbach,65087,House Variant (6),House,-67.89,9.707,-47.36,-34.1,-67.89,9.707,-47.36,True,House,0,3,24,0,4,
Wildbach,65090,House Variant (8),House,-62.75,9.707,-68.14,17.6,-62.75,9.707,-68.14,True,Castle Center,0,3,24,0,4,
Wildbach,65092,House Variant (9),House,-71.01,9.707,-39.41,-7.0,-71.01,9.707,-39.41,True,House,0,3,24,0,4,
Wildbach,65093,House Variant (10),House,-54.14,9.707,-71.75,-7.0,-54.14,9.707,-71.75,True,House,0,3,24,0,4,
Wildbach,65095,Fishing Harbour,Harbour,-65.9,9.707,-58.2,88.1,-65.9,9.707,-58.2,True,Castle Center,0,2,10,0,0,
Wildbach,65096,Mine Shaft,Gold Mine,20.9,17.6,-39.7,75.1,20.9,17.6,-39.7,True,Castle Center,2,1,5,0,6,
Wildbach,65099,Blacksmith,Blacksmith,49.0,17.307,-137.3,55.1,49.0,17.307,-137.3,True,Castle Center,0,3,29,0,0,
Wildbach,65100,Royal Forge,Royal Forge,46.62,17.307,-126.82,-126.5,46.62,17.307,-126.82,True,Castle Center,0,3,25,0,0,
Wildbach,65104,House Variant (5),House,-0.3,17.6,-41.9,-159.8,-0.3,17.6,-41.9,True,House,0,3,24,0,4,
Wildbach,65107,House Variant (7),House,-59.353,9.707,-44.941,-12.1,-59.353,9.707,-44.941,True,Castle Center,0,3,24,0,4,
Wildbach,65108,House Variant (3),House,-6.1,17.6,-25.4,-155.9,-6.1,17.6,-25.4,True,House,0,3,24,0,4,
Wildbach,65109,Temple,Temple,29.88,21.206,-89.97,93.6,29.88,21.206,-89.97,True,Castle Center,0,3,33,0,0,
Wildbach,65111,House Variant (4),House,-0.983,17.6,-19.292,161.9,-0.983,17.6,-19.292,True,House,0,3,24,0,4,
Wildbach,66078,Mill Variant (2),Mill,-14.98,17.307,-134.16,10.9,-14.98,17.307,-134.16,True,Castle Center,0,3,13,0,6,
Wildbach,66079,Mill Variant (3),Mill,33.4,17.307,-154.4,-6.2,33.4,17.307,-154.4,True,Castle Center,0,3,13,0,6,
Wildbach,66080,Mill Variant (1),Mill,-13.278,17.6,-75.898,10.9,-13.278,17.6,-75.898,True,Castle Center,0,3,13,0,6,
Wildbach,66978,Gate Wide Variant (3),Wall,55.426,21.4,-81.197,-92.1,55.426,21.4,-81.197,True,Castle Center,1,3,57,0,0,
Wildbach,66979,Gate Wide Variant (5),Wall,29.6,17.307,-176.8,13.9,29.6,17.307,-176.8,True,Castle Center,2,3,60,0,0,
Wildbach,66980,Gate Wide Variant (2),Wall,5.6,17.307,-139.1,-79.8,5.6,17.307,-139.1,True,Castle Center,1,3,60,0,0,
Wildbach,66982,Gate Wide Variant (1),Wall,-20.55,17.307,-158.11,13.9,-20.55,17.307,-158.11,True,Castle Center,1,3,60,0,0,
Wildbach,66984,Gate Wide Variant,Wall,-12.737,17.307,-115.798,13.9,-12.737,17.307,-115.798,True,Castle Center,0,3,60,0,0,
Wildbach,66986,Gate Wide Variant (4),Wall,53.8,17.307,-163.3,-65.2,53.8,17.307,-163.3,True,Castle Center,2,3,57,0,0,
Moorweg,67215,Summoning Circle (1),Summoning Circle,-160.46,19.19,49.27,0.0,-160.46,19.19,49.27,True,Castle Center,0,2,3,0,0,
Moorweg,67217,Field Variant (2),Field,-30.79,19.19,-75.3,0.0,-30.79,19.19,-75.3,True,Mill,0,1,1,0,1,
Moorweg,67218,Field Variant (9),Field,-19.469,19.19,-63.148,55.2,-19.469,19.19,-63.148,True,Mill,1,1,1,0,1,
Moorweg,67219,Field Variant (8),Field,-15.217,19.19,-59.997,55.2,-15.217,19.19,-59.997,True,Mill,0,1,1,0,1,
Moorweg,67221,Summoning Circle (4),Summoning Circle,-137.7,19.19,-57.1,0.0,-137.7,19.19,-57.1,True,Castle Center,0,2,3,0,0,
Moorweg,67222,Field Variant (5),Field,-8.424,19.19,-61.936,55.2,-8.424,19.19,-61.936,True,Mill,1,1,1,0,1,
Moorweg,67223,Field Variant (3),Field,-36.57,19.19,-69.91,0.0,-36.57,19.19,-69.91,True,Mill,0,1,1,0,1,
Moorweg,67224,Field Variant (10),Field,-16.45,19.19,-67.49,55.2,-16.45,19.19,-67.49,True,Mill,0,1,1,0,1,
Moorweg,67225,Field Variant (7),Field,-9.51,19.19,-68.976,55.2,-9.51,19.19,-68.976,True,Mill,1,1,1,0,1,
Moorweg,67228,Field Variant (4),Field,-36.41,19.19,-75.2,0.0,-36.41,19.19,-75.2,True,Mill,1,1,1,0,1,
Moorweg,67230,Field Variant,Field,-31.1,19.19,-65.44,0.0,-31.1,19.19,-65.44,True,Mill,1,1,1,0,1,
Moorweg,67233,Summoning Circle (2),Summoning Circle,-114.9,19.19,81.4,0.0,-114.9,19.19,81.4,True,Castle Center,0,2,3,0,0,
Moorweg,67238,Summoning Circle (3),Summoning Circle,-107.4,19.19,-82.8,0.0,-107.4,19.19,-82.8,True,Castle Center,0,2,3,0,0,
Moorweg,67239,Field Variant (1),Field,-25.94,19.19,-70.35,0.0,-25.94,19.19,-70.35,True,Mill,1,1,1,0,1,
Moorweg,68465,Gate Variant (3),Wall,-18.66,19.19,-9.74,-94.9,-18.66,19.19,-9.74,True,Wall,0,3,56,0,0,
Moorweg,68466,Gate Variant,Wall,-81.6,19.19,-62.3,11.2,-81.6,19.19,-62.3,True,Castle Center,0,3,58,0,0,
Moorweg,68469,Gate Variant (1),Wall,-84.72,19.19,-92.37,-82.7,-84.72,19.19,-92.37,True,Castle Center,0,3,58,0,0,
Moorweg,68470,Gate Variant (2),Wall,-19.335,19.19,-0.808,-94.9,-19.335,19.19,-0.808,True,Castle Center,1,3,62,0,0,
Moorweg,69574,Heros Quarter Variant (1),Hero's Quarter,-60.66,19.19,-11.55,33.6,-60.66,19.19,-11.55,True,Castle Center,0,4,86,0,0,yes
Moorweg,69575,Heros Quarter Variant (1),Hero's Quarter,-104.54,19.19,31.34,-32.9,-104.54,19.19,31.34,True,Castle Center,0,4,86,0,0,yes
Moorweg,69576,Swordsmen Hut (2),Barracks,-34.76,19.19,15.45,113.3,-34.76,19.19,15.45,True,Castle Center,2,4,78,0,0,yes
Moorweg,69577,Swordsmen Hut (1),Barracks,-98.72,19.19,-5.14,0.0,-98.72,19.19,-5.14,True,Castle Center,1,4,78,0,0,yes
Moorweg,69580,Archer Hut (1),Archery Range,-35.29,24.853,63.04,-174.7,-35.29,24.853,63.04,True,Castle Center,2,4,78,0,0,yes
Moorweg,69581,Archer Hut (2),Archery Range,-61.21,24.841,-59.7,13.4,-61.21,24.841,-59.7,True,Castle Center,1,4,78,0,0,yes
Moorweg,71971,Castle Center Variant,Castle Center,-77.86,19.19,2.66,0.0,-77.86,19.19,2.66,False,,,4,130,0,20,
Moorweg,77701,Defense Tower Variant (3),Defense Tower,-82.9,19.19,34.1,21.2,-82.9,19.19,34.1,True,Castle Center,1,4,63,0,3,
Moorweg,77702,Defense Tower Variant (4),Defense Tower,-35.83,19.19,-20.05,-56.1,-35.83,19.19,-20.05,True,Castle Center,0,4,63,0,3,
Moorweg,77704,Defense Tower Variant (14),Defense Tower,-84.3,19.19,67.5,34.4,-84.3,19.19,67.5,True,Castle Center,1,4,63,0,3,
Moorweg,77706,Defense Tower Variant (19),Defense Tower,-27.08,19.19,3.38,82.6,-27.08,19.19,3.38,True,Castle Center,1,4,63,0,3,
Moorweg,77708,Defense Tower Variant (21),Defense Tower,-3.7,19.19,-66.7,-37.8,-3.7,19.19,-66.7,True,Castle Center,1,4,63,0,3,
Moorweg,77711,Defense Tower Variant (22),Defense Tower,-25.05,19.19,-76.83,-5.5,-25.05,19.19,-76.83,True,Castle Center,1,4,63,0,3,
Moorweg,77712,Shrine,Shrine,-65.858,19.19,-2.202,0.0,-65.858,19.19,-2.202,True,Castle Center,0,1,3,0,0,
Moorweg,77714,Defense Tower Variant,Defense Tower,-52.91,24.853,-3.55,0.0,-52.91,24.853,-3.55,True,Castle Center,0,4,63,0,3,
Moorweg,77715,Shrine (1),Shrine,-92.49,19.19,1.22,0.0,-92.49,19.19,1.22,True,Castle Center,0,1,3,0,0,
Moorweg,77716,Defense Tower Variant (9),Defense Tower,-114.5,19.19,-26.6,0.9,-114.5,19.19,-26.6,True,Castle Center,1,4,63,0,3,
Moorweg,77718,Defense Tower Variant (17),Defense Tower,-55.4,19.19,51.9,42.3,-55.4,19.19,51.9,True,Castle Center,2,4,63,0,3,
Moorweg,77719,Defense Tower Variant (1),Defense Tower,-87.5,19.19,-7.2,21.2,-87.5,19.19,-7.2,True,Castle Center,0,4,63,0,3,
Moorweg,77723,Shrine (3),Shrine,-57.4,19.19,-23.3,0.0,-57.4,19.19,-23.3,True,Castle Center,0,1,3,0,0,
Moorweg,77724,Defense Tower Variant,Defense Tower,-79.738,24.853,50.769,-25.7,-79.738,24.853,50.769,True,Castle Center,0,4,63,0,3,
Moorweg,77729,Defense Tower Variant (2),Defense Tower,-74.2,19.19,-13.34,22.5,-74.2,19.19,-13.34,True,Castle Center,0,4,63,0,3,
Moorweg,77730,Defense Tower Variant (11),Defense Tower,-73.61,19.19,30.61,34.4,-73.61,19.19,30.61,True,Castle Center,2,4,63,0,3,
Moorweg,77735,Defense Tower Variant (24),Defense Tower,-169.6,19.19,-24.0,21.2,-169.6,19.19,-24.0,True,Castle Center,0,4,63,0,3,
Moorweg,77736,Shrine (2),Shrine,-44.28,19.19,27.43,0.0,-44.28,19.19,27.43,True,Castle Center,0,1,3,0,0,
Moorweg,77737,Defense Tower Variant (6),Defense Tower,-104.6,19.19,40.2,0.0,-104.6,19.19,40.2,True,Castle Center,2,4,63,0,3,
Moorweg,77738,Defense Tower Variant (23),Defense Tower,-27.6,19.19,-40.3,-37.8,-27.6,19.19,-40.3,True,Castle Center,1,4,63,0,3,
Moorweg,77741,Defense Tower Variant (15),Defense Tower,-107.6,19.19,92.1,34.4,-107.6,19.19,92.1,True,Castle Center,1,4,63,0,3,
Moorweg,77742,Defense Tower Variant (8),Defense Tower,-70.77,24.841,-67.36,54.5,-70.77,24.841,-67.36,True,Castle Center,0,4,63,0,3,
Moorweg,77743,Defense Tower Variant (5),Defense Tower,-96.1,19.19,8.6,21.2,-96.1,19.19,8.6,True,Castle Center,0,4,63,0,3,
Moorweg,77746,Defense Tower Variant (10),Defense Tower,-66.13,19.19,23.46,42.3,-66.13,19.19,23.46,True,Castle Center,1,4,63,0,3,
Moorweg,77749,Defense Tower Variant (12),Defense Tower,-48.0,19.19,-42.0,-56.1,-48.0,19.19,-42.0,True,Castle Center,1,4,63,0,3,
Moorweg,77750,Defense Tower Variant (18),Defense Tower,-26.19,19.19,21.6,82.6,-26.19,19.19,21.6,True,Castle Center,1,4,63,0,3,
Moorweg,77751,Shrine (5),Shrine,-9.44,19.19,-23.87,0.0,-9.44,19.19,-23.87,True,Castle Center,0,1,3,0,0,
Moorweg,77754,Defense Tower Variant (13),Defense Tower,-93.44,19.19,-21.02,92.5,-93.44,19.19,-21.02,True,Castle Center,1,4,63,0,3,
Moorweg,77755,Defense Tower Variant (7),Defense Tower,-59.5,24.841,-72.5,-5.2,-59.5,24.841,-72.5,True,Castle Center,2,4,63,0,3,
Moorweg,77757,Defense Tower Variant (20),Defense Tower,-80.31,19.19,-30.21,36.3,-80.31,19.19,-30.21,True,Castle Center,1,4,63,0,3,
Moorweg,77762,Shrine (4),Shrine,-37.2,19.19,-63.02,0.0,-37.2,19.19,-63.02,True,Castle Center,0,1,3,0,0,
Moorweg,77764,Defense Tower Variant,Defense Tower,-127.9,19.19,30.6,0.0,-127.9,19.19,30.6,True,Castle Center,0,4,63,0,3,
Moorweg,77766,Defense Tower Variant (16),Defense Tower,-62.0,19.19,73.7,34.4,-62.0,19.19,73.7,True,Castle Center,1,4,63,0,3,
Moorweg,77771,House Variant (4),House,-92.44,19.19,22.14,-31.0,-92.44,19.19,22.14,True,House,0,3,24,0,4,
Moorweg,77775,Mine Shaft,Gold Mine,-8.4,19.19,48.3,68.6,-8.4,19.19,48.3,True,Castle Center,0,1,5,0,6,
Moorweg,77776,Fishing Harbour,Harbour,-113.5,19.19,21.4,44.5,-113.5,19.19,21.4,True,Castle Center,1,2,10,0,0,
Moorweg,77779,House Variant (7),House,-83.03,19.19,20.25,-14.5,-83.03,19.19,20.25,True,House,0,3,24,0,4,
Moorweg,77782,House Variant (6),House,-97.49,19.19,16.4,-44.6,-97.49,19.19,16.4,True,House,0,3,24,0,4,
Moorweg,77783,House Variant,House,-85.684,19.19,11.334,-31.0,-85.684,19.19,11.334,True,Castle Center,0,3,24,0,4,
Moorweg,77785,House Variant (10),House,-160.63,19.19,-18.63,57.2,-160.63,19.19,-18.63,True,House,0,3,24,0,4,
Moorweg,77786,House Variant (9),House,-113.52,19.19,41.65,-153.4,-113.52,19.19,41.65,True,Castle Center,0,3,24,0,4,
Moorweg,77787,Temple,Temple,-145.18,19.19,45.87,32.7,-145.18,19.19,45.87,True,Castle Center,0,3,33,0,0,
Moorweg,77792,Mine Shaft,Gold Mine,-129.181,19.19,44.511,20.8,-129.181,19.19,44.511,True,Castle Center,1,1,5,0,6,
Moorweg,77793,House Variant (1),House,-77.54,19.19,14.47,-0.0,-77.54,19.19,14.47,True,House,0,3,24,0,4,
Moorweg,77796,Royal Forge,Royal Forge,-137.7,19.19,54.7,-144.0,-137.7,19.19,54.7,True,Castle Center,0,3,25,0,0,
Moorweg,77798,House Variant (12),House,-178.78,19.19,-25.14,-95.4,-178.78,19.19,-25.14,True,House,0,3,24,0,4,
Moorweg,77799,House Variant (5),House,-106.4,19.19,64.5,-73.4,-106.4,19.19,64.5,True,Castle Center,1,3,24,0,4,
Moorweg,77801,House Variant (11),House,-160.55,19.19,-28.18,-72.8,-160.55,19.19,-28.18,True,Castle Center,0,3,24,0,4,
Moorweg,77802,House Variant (3),House,-89.202,19.19,16.667,-31.0,-89.202,19.19,16.667,True,House,0,3,24,0,4,
Moorweg,77804,House Variant (8),House,-118.19,19.19,44.15,-142.5,-118.19,19.19,44.15,True,House,0,3,24,0,4,
Moorweg,77805,Mine Shaft (1),Gold Mine,-151.2,19.19,-17.8,20.8,-151.2,19.19,-17.8,True,Castle Center,2,1,5,0,6,
Moorweg,77806,Blacksmith,Blacksmith,-98.7,19.19,79.7,43.6,-98.7,19.19,79.7,True,Castle Center,0,3,29,0,0,
Moorweg,78849,Mill Variant,Mill,-31.6,19.19,-70.3,0.0,-31.6,19.19,-70.3,True,Castle Center,0,3,13,0,6,
Moorweg,78851,Mill Variant (1),Mill,-12.7,19.19,-64.3,55.2,-12.7,19.19,-64.3,True,Castle Center,0,3,13,0,6,
Moorweg,79763,Gate Wide Variant,Wall,-49.24,19.19,79.18,-150.8,-49.24,19.19,79.18,True,Castle Center,1,3,58,0,0,
Moorweg,79765,Gate Wide Variant (2),Wall,-18.53,19.19,31.1,-107.2,-18.53,19.19,31.1,True,Castle Center,1,3,58,0,0,
Moorweg,79768,Gate Wide Variant (1),Wall,-39.2,19.19,-9.4,-157.2,-39.2,19.19,-9.4,True,Castle Center,0,3,58,0,0,
Freifort,61390,Wall Segment Variant (3),Wall,14.19,-3.6,-43.73,-96.6,14.19,-3.6,-43.73,True,Wall,0,3,55,0,0,
Freifort,61391,Wall Segment Variant (1),Wall,-35.54,-2.13,7.47,12.6,-35.54,-2.13,7.47,True,Wall,0,3,55,0,0,
Freifort,61392,Wall Segment Variant,Wall,-97.83,-14.88,-81.98,-4.4,-97.83,-14.88,-81.98,True,Wall,0,3,55,0,0,
Freifort,61393,Wall Segment Variant (2),Wall,-31.46,-15.04,-81.77,-19.4,-31.46,-15.04,-81.77,True,Wall,0,3,55,0,0,
Freifort,61394,Wall Segment Variant,Wall,-16.9,-2.32,7.06,-9.8,-16.9,-2.32,7.06,True,Wall,0,3,55,0,0,
Freifort,61395,Wall Segment Variant (1),Wall,-116.29,-15.15,-81.29,8.5,-116.29,-15.15,-81.29,True,Wall,0,3,55,0,0,
Freifort,61396,Wall Segment Variant (4),Wall,-88.82,-3.2,-0.68,-17.4,-88.82,-3.2,-0.68,True,Wall,0,3,63,0,0,
Freifort,61397,Wall Segment Variant (5),Wall,-107.52,-3.46,-1.54,0.4,-107.52,-3.46,-1.54,True,Wall,0,3,63,0,0,
Freifort,61399,Wall Segment Variant,Wall,-80.17,-3.17,0.91,-4.8,-80.17,-3.17,0.91,True,Wall,0,3,63,0,0,
Freifort,61406,Wall Segment Variant (1),Wall,-135.13,-2.67,1.69,4.6,-135.13,-2.67,1.69,True,Wall,0,3,63,0,0,
Freifort,61407,Wall Segment Variant (3),Wall,-59.76,-14.84,-81.16,12.5,-59.76,-14.84,-81.16,True,Wall,0,3,55,0,0,
Freifort,61410,Wall Segment Variant (2),Wall,11.66,-3.6,-25.09,-99.5,11.66,-3.6,-25.09,True,Wall,0,3,55,0,0,
Freifort,61411,Wall Segment Variant (6),Wall,-126.34,-3.06,0.36,11.9,-126.34,-3.06,0.36,True,Wall,0,3,63,0,0,
Freifort,62585,Summoning Circle (2),Summoning Circle,24.68,-3.5,-20.91,0.0,24.68,-3.5,-20.91,True,Castle Center,0,2,3,0,0,
Freifort,62587,Field Variant (6),Field,-14.37,-16.2,-104.18,0.0,-14.37,-16.2,-104.18,True,Mill,1,1,1,0,1,
Freifort,62589,Summoning Circle,Summoning Circle,-162.41,7.37,34.59,1.2,-162.41,7.37,34.59,True,Castle Center,0,2,3,0,0,
Freifort,62590,Field Variant (5),Field,-14.26,-16.2,-99.05,0.0,-14.26,-16.2,-99.05,True,Mill,1,1,1,0,1,
Freifort,62591,Field Variant (2),Field,-34.02,-3.6,-28.0,0.0,-34.02,-3.6,-28.0,True,Mill,1,1,1,0,1,
Freifort,62592,Field Variant (1),Field,-33.91,-3.6,-22.87,0.0,-33.91,-3.6,-22.87,True,Mill,1,1,1,0,1,
Freifort,62595,Field Variant (4),Field,-28.06,-3.6,-17.66,0.0,-28.06,-3.6,-17.66,True,Mill,1,1,1,0,1,
Freifort,62597,Field Variant (17),Field,-99.522,-16.2,-104.641,0.0,-99.522,-16.2,-104.641,True,Mill,1,1,1,0,1,
Freifort,62598,Summoning Circle (1),Summoning Circle,-139.0,9.1,81.0,0.0,-139.0,9.1,81.0,True,Castle Center,0,2,3,0,0,
Freifort,62599,Field Variant (8),Field,-9.112,-16.2,-104.231,0.0,-9.112,-16.2,-104.231,True,Mill,0,1,1,0,1,
Freifort,62602,Field Variant (11),Field,-100.28,-3.6,-29.96,0.0,-100.28,-3.6,-29.96,True,Mill,1,1,1,0,1,
Freifort,62605,Field Variant (7),Field,-3.87,-16.2,-99.32,0.0,-3.87,-16.2,-99.32,True,Mill,0,1,1,0,1,
Freifort,62608,Summoning Circle,Summoning Circle,-83.103,-16.2,-126.391,0.0,-83.103,-16.2,-126.391,True,Castle Center,0,2,3,0,0,
Freifort,62610,Field Variant (3),Field,-23.52,-3.6,-23.14,0.0,-23.52,-3.6,-23.14,True,Mill,0,1,1,0,1,
Freifort,62611,Field Variant (13),Field,-100.29,-3.6,-24.94,0.0,-100.29,-3.6,-24.94,True,Mill,0,1,1,0,1,
Freifort,62613,Field Variant (15),Field,-104.67,-16.2,-99.46,0.0,-104.67,-16.2,-99.46,True,Mill,1,1,1,0,1,
Freifort,62614,Field Variant (16),Field,-104.78,-16.2,-104.59,0.0,-104.78,-16.2,-104.59,True,Mill,0,1,1,0,1,
Freifort,62616,Field Variant (10),Field,-110.68,-3.6,-24.67,0.0,-110.68,-3.6,-24.67,True,Mill,1,1,1,0,1,
Freifort,62617,Field Variant (18),Field,-94.28,-16.2,-99.73,0.0,-94.28,-16.2,-99.73,True,Mill,0,1,1,0,1,
Freifort,62619,Field Variant,Field,-28.762,-3.6,-28.051,0.0,-28.762,-3.6,-28.051,True,Mill,0,1,1,0,1,
Freifort,62624,Field Variant (14),Field,-105.532,-3.6,-29.851,0.0,-105.532,-3.6,-29.851,True,Mill,0,1,1,0,1,
Freifort,62626,Field Variant (12),Field,-105.18,-3.6,-19.86,0.0,-105.18,-3.6,-19.86,True,Mill,1,1,1,0,1,
Freifort,62631,Field Variant (9),Field,-8.41,-16.2,-93.84,0.0,-8.41,-16.2,-93.84,True,Mill,1,1,1,0,1,
Freifort,62632,Field Variant (19),Field,-98.82,-16.2,-94.25,0.0,-98.82,-16.2,-94.25,True,Mill,1,1,1,0,1,
Freifort,65200,Heros Quarter Variant (1),Hero's Quarter,-21.1,9.1,72.7,64.3,-21.1,9.1,72.7,True,Castle Center,1,4,86,0,0,yes
Freifort,65202,Swordsmen Hut (1),Barracks,-52.83,-3.6,-27.483,0.0,-52.83,-3.6,-27.483,True,Castle Center,2,4,78,0,0,yes
Freifort,65203,Archer Hut (1),Archery Range,-124.645,-3.82,-32.851,53.5,-124.645,-3.82,-32.851,True,Castle Center,2,4,78,0,0,yes
Freifort,65204,Heros Quarter Variant (1),Hero's Quarter,-80.478,-3.6,-44.489,0.0,-80.478,-3.6,-44.489,True,Castle Center,2,4,86,0,0,yes
Freifort,65206,Archer Hut (1),Archery Range,-65.47,9.1,59.15,-5.7,-65.47,9.1,59.15,True,Castle Center,1,4,78,0,0,yes
Freifort,65211,Swordsmen Hut (1),Barracks,-24.263,9.1,61.527,85.7,-24.263,9.1,61.527,True,Castle Center,0,4,78,0,0,yes
Freifort,67848,Castle Center Variant,Castle Center,-58.01,8.7,24.21,90.0,-58.01,8.7,24.21,False,,,4,130,0,20,
Freifort,74129,Defense Tower Variant (23),Defense Tower,-111.5,-3.6,-30.8,0.0,-111.5,-3.6,-30.8,True,Castle Center,0,4,63,0,3,
Freifort,74130,Defense Tower Variant (25),Defense Tower,6.86,-3.6,-17.82,0.0,6.86,-3.6,-17.82,True,Castle Center,1,4,63,0,3,
Freifort,74131,Defense Tower Variant (21),Defense Tower,-147.8,-3.6,-48.3,0.0,-147.8,-3.6,-48.3,True,Castle Center,1,4,63,0,3,
Freifort,74134,Defense Tower Variant (17),Defense Tower,-31.33,-16.2,-97.66,0.0,-31.33,-16.2,-97.66,True,Castle Center,2,4,63,0,3,
Freifort,74135,Defense Tower Variant,Defense Tower,-48.731,-9.99,-69.928,0.0,-48.731,-9.99,-69.928,True,Castle Center,1,4,63,0,3,
Freifort,74136,Shrine (1),Shrine,-39.4,-3.6,-10.5,0.0,-39.4,-3.6,-10.5,True,Castle Center,0,1,3,0,0,
Freifort,74137,Defense Tower Variant (1),Defense Tower,-49.49,8.7,0.56,-30.0,-49.49,8.7,0.56,True,Castle Center,0,4,63,0,3,
Freifort,74139,Defense Tower Variant (26),Defense Tower,-9.28,-3.6,-38.35,0.0,-9.28,-3.6,-38.35,True,Castle Center,0,4,63,0,3,
Freifort,74141,Defense Tower Variant (5),Defense Tower,-109.6,5.4,21.3,0.0,-109.6,5.4,21.3,True,Castle Center,0,4,63,0,3,
Freifort,74143,Defense Tower Variant (24),Defense Tower,-104.79,-3.6,-50.88,0.0,-104.79,-3.6,-50.88,True,Castle Center,1,4,63,0,3,
Freifort,74144,Shrine (2),Shrine,-43.62,-16.2,-94.91,0.0,-43.62,-16.2,-94.91,True,Castle Center,0,1,3,0,0,
Freifort,74145,Defense Tower Variant (8),Defense Tower,-133.9,9.1,50.74,0.0,-133.9,9.1,50.74,True,Castle Center,0,4,63,0,3,
Freifort,74151,Defense Tower Variant (19),Defense Tower,-126.17,-16.2,-105.03,0.0,-126.17,-16.2,-105.03,True,Castle Center,2,4,63,0,3,
Freifort,74153,Defense Tower Variant (9),Defense Tower,-97.32,11.6,35.89,0.0,-97.32,11.6,35.89,True,Castle Center,0,4,63,0,3,
Freifort,74155,Defense Tower Variant (1),Defense Tower,-43.02,8.7,110.85,0.0,-43.02,8.7,110.85,True,Castle Center,0,4,63,0,3,
Freifort,74156,Defense Tower Variant (2),Defense Tower,-44.78,13.5,62.9,0.0,-44.78,13.5,62.9,True,Castle Center,0,4,63,0,3,
Freifort,74157,Defense Tower Variant (13),Defense Tower,-57.13,-16.2,-97.36,0.0,-57.13,-16.2,-97.36,True,Castle Center,2,4,63,0,3,
Freifort,74158,Defense Tower Variant (6),Defense Tower,-78.86,8.7,19.07,-9.4,-78.86,8.7,19.07,True,Castle Center,0,4,63,0,3,
Freifort,74160,Defense Tower Variant (3),Defense Tower,-83.45,-5.09,-86.58,0.0,-83.45,-5.09,-86.58,True,Castle Center,1,4,63,0,3,
Freifort,74166,Defense Tower Variant (18),Defense Tower,-119.77,-16.2,-107.87,0.0,-119.77,-16.2,-107.87,True,Castle Center,2,4,63,0,3,
Freifort,74168,Defense Tower Variant (4),Defense Tower,-137.52,-5.09,-77.53,0.0,-137.52,-5.09,-77.53,True,Castle Center,1,4,63,0,3,
Freifort,74169,Defense Tower Variant (7),Defense Tower,-42.49,8.7,13.24,18.5,-42.49,8.7,13.24,True,Castle Center,0,4,63,0,3,
Freifort,74170,Defense Tower Variant (22),Defense Tower,-155.0,-3.6,-10.2,0.0,-155.0,-3.6,-10.2,True,Castle Center,0,4,63,0,3,
Freifort,74171,Defense Tower Variant,Defense Tower,-68.08,8.7,1.38,41.2,-68.08,8.7,1.38,True,Castle Center,0,4,63,0,3,
Freifort,74174,Defense Tower Variant (20),Defense Tower,-132.37,-16.2,-101.9,0.0,-132.37,-16.2,-101.9,True,Castle Center,2,4,63,0,3,
Freifort,74175,Shrine,Shrine,-111.62,14.1,60.842,0.0,-111.62,14.1,60.842,True,Castle Center,0,1,3,0,0,
Freifort,74176,Defense Tower Variant (2),Defense Tower,-13.5,-5.09,-80.3,0.0,-13.5,-5.09,-80.3,True,Castle Center,1,4,63,0,3,
Freifort,74177,Defense Tower Variant (10),Defense Tower,-36.67,8.7,26.67,23.1,-36.67,8.7,26.67,True,Castle Center,0,4,63,0,3,
Freifort,74178,Defense Tower Variant,Defense Tower,-102.307,14.1,63.719,0.0,-102.307,14.1,63.719,True,Castle Center,0,4,63,0,3,
Freifort,74180,Shrine (1),Shrine,-59.59,9.1,45.33,0.0,-59.59,9.1,45.33,True,Castle Center,0,1,3,0,0,
Freifort,74181,Defense Tower Variant (12),Defense Tower,-52.48,-3.82,-43.37,0.0,-52.48,-3.82,-43.37,True,Castle Center,0,4,63,0,3,
Freifort,74187,Shrine (3),Shrine,-85.0,-16.2,-92.9,0.0,-85.0,-16.2,-92.9,True,Castle Center,0,1,3,0,0,
Freifort,74189,Shrine,Shrine,-148.5,-3.6,-27.0,0.0,-148.5,-3.6,-27.0,True,Castle Center,0,1,3,0,0,
Freifort,74191,Defense Tower Variant (11),Defense Tower,-80.67,8.7,32.94,21.2,-80.67,8.7,32.94,True,Castle Center,0,4,63,0,3,
Freifort,74193,Defense Tower Variant (14),Defense Tower,-12.8,-16.2,-109.9,0.0,-12.8,-16.2,-109.9,True,Castle Center,2,4,63,0,3,
Freifort,74197,Defense Tower Variant (15),Defense Tower,0.89,-16.2,-102.26,0.0,0.89,-16.2,-102.26,True,Castle Center,2,4,63,0,3,
Freifort,74198,Defense Tower Variant (16),Defense Tower,-16.21,-16.2,-92.41,16.7,-16.21,-16.2,-92.41,True,Castle Center,0,4,63,0,3,
Freifort,74206,House Variant (5),House,-36.32,8.7,106.66,132.3,-36.32,8.7,106.66,True,Castle Center,0,3,24,0,4,
Freifort,74207,House Variant (3),House,-66.95,8.7,16.5,-124.8,-66.95,8.7,16.5,True,House,0,3,24,0,4,
Freifort,74209,House Variant (6),House,-50.18,8.7,107.02,42.5,-50.18,8.7,107.02,True,House,0,3,24,0,4,
Freifort,74210,Mine Shaft,Gold Mine,-122.724,9.1,81.931,0.0,-122.724,9.1,81.931,True,Castle Center,0,1,5,0,6,
Freifort,74212,House Variant (3),House,-51.62,9.1,90.62,132.3,-51.62,9.1,90.62,True,House,0,3,24,0,4,
Freifort,74213,Fishing Harbour,Harbour,-44.27,8.7,126.04,175.6,-44.27,8.7,126.04,True,Castle Center,0,2,10,0,0,
Freifort,74214,House Variant (7),House,-48.36,8.7,32.1,-136.6,-48.36,8.7,32.1,True,House,0,3,24,0,4,
Freifort,74217,Fishing Harbour (1),Harbour,-170.89,-3.6,-23.97,86.6,-170.89,-3.6,-23.97,True,Castle Center,0,2,10,0,0,
Freifort,74220,House Variant (8),House,-68.64,8.7,30.31,-61.5,-68.64,8.7,30.31,True,House,0,3,24,0,4,
Freifort,74221,House Variant (4),House,-43.561,9.1,87.741,-89.7,-43.561,9.1,87.741,True,House,0,3,24,0,4,
Freifort,74224,House Variant (1),House,-32.36,9.1,98.61,0.0,-32.36,9.1,98.61,True,House,0,3,24,0,4,
Freifort,74225,Royal Forge,Royal Forge,-143.61,9.1,66.67,-126.4,-143.61,9.1,66.67,True,Castle Center,0,3,25,0,0,
Freifort,74226,House Variant (5),House,-46.67,8.7,23.44,-82.7,-46.67,8.7,23.44,True,Castle Center,0,3,24,0,4,
Freifort,74229,Temple,Temple,-43.1,9.1,99.6,0.0,-43.1,9.1,99.6,True,Castle Center,0,3,33,0,0,
Freifort,74230,Mine Shaft,Gold Mine,-134.429,-15.4,-82.39,-2.8,-134.429,-15.4,-82.39,True,Castle Center,1,1,5,0,6,
Freifort,74235,House Variant (4),House,-59.0,8.7,12.38,1.2,-59.0,8.7,12.38,True,House,0,3,24,0,4,
Freifort,74236,House Variant,House,-54.1,9.1,99.22,0.0,-54.1,9.1,99.22,True,House,0,3,24,0,4,
Freifort,74238,House Variant (2),House,-35.01,9.1,90.47,42.5,-35.01,9.1,90.47,True,House,0,3,24,0,4,
Freifort,74240,House Variant (6),House,-57.24,8.7,36.21,-176.7,-57.24,8.7,36.21,True,House,0,3,24,0,4,
Freifort,74242,Blacksmith,Blacksmith,-90.41,9.1,78.51,55.2,-90.41,9.1,78.51,True,Castle Center,0,3,29,0,0,
Freifort,75400,Mill Variant (2),Mill,-105.41,-3.6,-24.84,0.0,-105.41,-3.6,-24.84,True,Castle Center,0,3,13,0,6,
Freifort,75401,Mill Variant,Mill,-28.64,-3.6,-23.04,0.0,-28.64,-3.6,-23.04,True,Castle Center,0,3,13,0,6,
Freifort,75404,Mill Variant (3),Mill,-99.4,-16.2,-99.63,0.0,-99.4,-16.2,-99.63,True,Castle Center,1,3,13,0,6,
Freifort,75406,Mill Variant (1),Mill,-8.99,-16.2,-99.22,0.0,-8.99,-16.2,-99.22,True,Castle Center,1,3,13,0,6,
Freifort,76392,Gate Wide Variant (6),Wall,-26.17,-2.23,6.38,0.0,-26.17,-2.23,6.38,True,Castle Center,0,3,60,0,0,
Freifort,76395,Gate Wide Variant,Wall,-107.054,-15.42,-82.101,2.2,-107.054,-15.42,-82.101,True,Castle Center,1,3,60,0,0,
Freifort,76396,Gate Wide Variant (3),Wall,-50.36,-15.03,-82.71,5.0,-50.36,-15.03,-82.71,True,Castle Center,1,3,62,0,0,
Freifort,76397,Gate Wide Variant (5),Wall,-98.15,-3.43,-1.75,0.0,-98.15,-3.43,-1.75,True,Wall,0,3,63,0,0,
Freifort,76401,Gate Wide Variant,Wall,13.05,-3.6,-34.44,-96.8,13.05,-3.6,-34.44,True,Castle Center,2,3,60,0,0,
Freifort,76402,Gate Wide Variant (4),Wall,-116.94,-3.155,-1.06,5.0,-116.94,-3.155,-1.06,True,Castle Center,0,3,63,0,0,
Freifort,76405,Gate Wide Variant (1),Wall,5.02,-13.22,-77.91,13.3,5.02,-13.22,-77.91,True,Castle Center,1,3,57,0,0,
Freifort,76406,Gate Wide Variant (2),Wall,-40.449,-15.04,-83.252,0.0,-40.449,-15.04,-83.252,True,Wall,0,3,56,0,0,
Totend,51065,Barricades (1),Barricades,-32.64,19.22,27.51,90.0,-32.64,19.22,27.51,True,Castle Center,2,1,4,0,0,
Totend,51067,Barricades,Barricades,-33.24,19.18,-5.34,90.0,-33.24,19.18,-5.34,True,Castle Center,2,1,4,0,0,
Totend,52160,Field Variant (11),Field,-52.08,11.41,143.34,0.0,-52.08,11.41,143.34,True,Mill,0,1,1,0,1,
Totend,52161,Field Variant (6),Field,-57.845,18.81,-94.715,0.0,-57.845,18.81,-94.715,True,Mill,1,1,1,0,1,
Totend,52163,Summoning Circle (2),Summoning Circle,-149.24,11.71,-17.25,0.0,-149.24,11.71,-17.25,True,Castle Center,0,2,3,0,0,
Totend,52165,Field Variant (5),Field,-47.895,18.81,-99.955,0.0,-47.895,18.81,-99.955,True,Mill,0,1,1,0,1,
Totend,52171,Field Variant (3),Field,-30.8,18.81,-93.387,0.0,-30.8,18.81,-93.387,True,Mill,1,1,1,0,1,
Totend,52175,Field Variant (13),Field,-47.012,11.41,132.727,0.0,-47.012,11.41,132.727,True,Mill,1,1,1,0,1,
Totend,52178,Field Variant (10),Field,-47.14,11.41,138.05,0.0,-47.14,11.41,138.05,True,Mill,0,1,1,0,1,
Totend,52179,Field Variant (14),Field,-57.29,11.41,138.05,0.0,-57.29,11.41,138.05,True,Mill,1,1,1,0,1,
Totend,52180,Field Variant (8),Field,-52.657,18.81,-105.128,0.0,-52.657,18.81,-105.128,True,Mill,0,1,1,0,1,
Totend,52182,Field Variant,Field,-25.612,18.81,-103.8,0.0,-25.612,18.81,-103.8,True,Mill,1,1,1,0,1,
Totend,52183,Summoning Circle,Summoning Circle,-135.26,11.71,-22.66,0.0,-135.26,11.71,-22.66,True,Castle Center,0,2,3,0,0,
Totend,52184,Field Variant (7),Field,-52.835,18.81,-94.665,0.0,-52.835,18.81,-94.665,True,Mill,1,1,1,0,1,
Totend,52186,Field Variant (4),Field,-31.0,18.81,-98.627,0.0,-31.0,18.81,-98.627,True,Mill,0,1,1,0,1,
Totend,52187,Field Variant (2),Field,-25.79,18.81,-93.337,0.0,-25.79,18.81,-93.337,True,Mill,1,1,1,0,1,
Totend,52188,Field Variant (1),Field,-20.85,18.81,-98.627,0.0,-20.85,18.81,-98.627,True,Mill,0,1,1,0,1,
Totend,52189,Field Variant (9),Field,-58.045,18.81,-99.955,0.0,-58.045,18.81,-99.955,True,Mill,1,1,1,0,1,
Totend,52192,Field Variant (12),Field,-52.342,11.41,132.827,0.0,-52.342,11.41,132.827,True,Mill,1,1,1,0,1,
Totend,52194,Summoning Circle (1),Summoning Circle,-146.68,11.71,51.91,0.0,-146.68,11.71,51.91,True,Castle Center,0,2,3,0,0,
Totend,54667,Heros Quarter Variant (3),Hero's Quarter,-67.87,18.85,-7.67,46.8,-67.87,18.85,-7.67,True,Castle Center,2,4,86,0,0,yes
Totend,54669,Archer Hut (2),Archery Range,9.77,27.79,19.23,90.0,9.77,27.79,19.23,True,Castle Center,0,4,78,0,0,yes
Totend,54670,Heros Quarter Variant (1),Hero's Quarter,0.08,27.79,10.62,90.0,0.08,27.79,10.62,True,Castle Center,0,4,86,0,0,yes
Totend,54671,Swordsmen Hut (1),Barracks,-17.8,18.85,4.4,90.0,-17.8,18.85,4.4,True,Castle Center,0,4,78,0,0,yes
Totend,54673,Heros Quarter Variant (2),Hero's Quarter,-68.18,18.85,28.3,48.3,-68.18,18.85,28.3,True,Castle Center,2,4,86,0,0,yes
Totend,54674,Swordsmen Hut (2),Barracks,-17.8,18.85,18.7,90.0,-17.8,18.85,18.7,True,Castle Center,0,4,78,0,0,yes
Totend,54675,Archer Hut (1),Archery Range,10.52,27.79,0.88,90.0,10.52,27.79,0.88,True,Castle Center,0,4,78,0,0,yes
Totend,57236,Castle Center Variant,Castle Center,-48.91,27.85,10.8,0.0,-48.91,27.85,10.8,False,,,4,130,0,20,
Totend,60585,Wall Wide Variant (4),Wall,-40.432,18.85,63.842,180.0,-40.432,18.85,63.842,True,Wall,0,3,66,0,0,
Totend,60586,Wall Wide Variant,Wall,-108.052,18.85,10.763,91.1,-108.052,18.85,10.763,True,Wall,0,3,55,0,0,
Totend,60589,Wall Wide Variant (2),Wall,-40.9,18.85,-50.736,0.0,-40.9,18.85,-50.736,True,Wall,0,3,55,0,0,
Totend,60591,Wall Wide Variant (3),Wall,-40.995,18.85,-42.28,0.0,-40.995,18.85,-42.28,True,Wall,0,3,55,0,0,
Totend,60593,Wall Wide Variant (5),Wall,-40.669,18.85,73.16,180.0,-40.669,18.85,73.16,True,Wall,0,3,55,0,0,
Totend,60594,Wall Wide Variant (1),Wall,-95.529,18.85,10.661,90.3,-95.529,18.85,10.661,True,Wall,0,3,55,0,0,
Totend,63370,Defense Tower Variant (8),Defense Tower,-108.06,27.79,32.39,0.0,-108.06,27.79,32.39,True,Castle Center,0,4,63,0,3,
Totend,63371,Defense Tower Variant (4),Defense Tower,-83.95,18.85,-0.56,0.0,-83.95,18.85,-0.56,True,Castle Center,1,4,63,0,3,
Totend,63378,Shrine,Shrine,-85.38,18.85,11.3,0.0,-85.38,18.85,11.3,True,Castle Center,0,1,3,0,0,
Totend,63379,Defense Tower Variant (3),Defense Tower,-61.1,27.86,10.7,0.0,-61.1,27.86,10.7,True,Castle Center,0,4,63,0,3,
Totend,63380,Defense Tower Variant (13),Defense Tower,-53.81,18.85,-25.64,90.0,-53.81,18.85,-25.64,True,Castle Center,2,4,63,0,3,
Totend,63381,Shrine (1),Shrine,-27.97,18.85,-16.8,0.0,-27.97,18.85,-16.8,True,Castle Center,0,1,3,0,0,
Totend,63384,Defense Tower Variant,Defense Tower,-141.853,18.85,37.796,0.0,-141.853,18.85,37.796,True,Castle Center,0,4,63,0,3,
Totend,63385,Defense Tower Variant (3),Defense Tower,-83.9,18.85,22.6,0.0,-83.9,18.85,22.6,True,Castle Center,1,4,63,0,3,
Totend,63386,Defense Tower Variant (14),Defense Tower,-26.15,18.85,-26.89,90.0,-26.15,18.85,-26.89,True,Castle Center,1,4,63,0,3,
Totend,63397,Defense Tower Variant,Defense Tower,-54.43,11.41,126.37,0.0,-54.43,11.41,126.37,True,Castle Center,0,4,63,0,3,
Totend,63398,Defense Tower Variant (15),Defense Tower,-21.7,27.79,68.61,180.0,-21.7,27.79,68.61,True,Castle Center,0,4,63,0,3,
Totend,63401,Shrine,Shrine,-39.1,18.85,96.92,0.0,-39.1,18.85,96.92,True,Castle Center,0,1,3,0,0,
Totend,63402,Defense Tower Variant (1),Defense Tower,-11.07,27.79,17.59,0.0,-11.07,27.79,17.59,True,Castle Center,2,4,63,0,3,
Totend,63403,Defense Tower Variant (20),Defense Tower,-95.663,18.85,11.509,0.0,-95.663,18.85,11.509,True,Castle Center,0,4,63,0,3,
Totend,63404,Defense Tower Variant (18),Defense Tower,-59.59,27.79,68.9,180.0,-59.59,27.79,68.9,True,Castle Center,0,4,63,0,3,
Totend,63405,Defense Tower Variant,Defense Tower,-37.06,27.86,1.59,0.0,-37.06,27.86,1.59,True,Castle Center,2,4,63,0,3,
Totend,63408,Shrine (2),Shrine,-29.8,18.85,39.44,0.0,-29.8,18.85,39.44,True,Castle Center,0,1,3,0,0,
Totend,63409,Defense Tower Variant (1),Defense Tower,-36.92,27.86,19.79,0.0,-36.92,27.86,19.79,True,Castle Center,2,4,63,0,3,
Totend,63410,Defense Tower Variant (12),Defense Tower,-21.56,27.79,-47.95,90.0,-21.56,27.79,-47.95,True,Castle Center,0,4,63,0,3,
Totend,63411,Defense Tower Variant (17),Defense Tower,-55.77,18.85,48.83,-90.0,-55.77,18.85,48.83,True,Castle Center,2,4,63,0,3,
Totend,63414,Defense Tower Variant (16),Defense Tower,-40.39,18.85,63.0,-90.0,-40.39,18.85,63.0,True,Castle Center,1,4,63,0,3,
Totend,63415,Shrine,Shrine,-141.66,11.71,-12.45,29.1,-141.66,11.71,-12.45,True,Castle Center,0,1,3,0,0,
Totend,63419,Defense Tower Variant (11),Defense Tower,-59.59,27.79,-48.31,90.0,-59.59,27.79,-48.31,True,Castle Center,0,4,63,0,3,
Totend,63420,Shrine,Shrine,-40.2,18.81,-99.1,0.0,-40.2,18.81,-99.1,True,Castle Center,0,1,3,0,0,
Totend,63421,Defense Tower Variant (10),Defense Tower,-40.6,18.85,-41.5,90.0,-40.6,18.85,-41.5,True,Castle Center,1,4,63,0,3,
Totend,63422,Defense Tower Variant (6),Defense Tower,-61.0,27.86,-6.66,0.0,-61.0,27.86,-6.66,True,Castle Center,0,4,63,0,3,
Totend,63425,Defense Tower Variant (7),Defense Tower,-60.74,27.86,27.22,0.0,-60.74,27.86,27.22,True,Castle Center,0,4,63,0,3,
Totend,63426,Defense Tower Variant,Defense Tower,-11.32,27.79,3.84,0.0,-11.32,27.79,3.84,True,Castle Center,2,4,63,0,3,
Totend,63427,Defense Tower Variant (9),Defense Tower,-108.01,27.79,-11.16,0.0,-108.01,27.79,-11.16,True,Castle Center,0,4,63,0,3,
Totend,63428,Defense Tower Variant (2),Defense Tower,-36.85,27.86,10.7,0.0,-36.85,27.86,10.7,True,Castle Center,1,4,63,0,3,
Totend,63429,Defense Tower Variant (19),Defense Tower,-26.33,18.85,48.55,-90.0,-26.33,18.85,48.55,True,Castle Center,1,4,63,0,3,
Totend,63430,Defense Tower Variant (2),Defense Tower,-108.063,18.85,11.599,0.0,-108.063,18.85,11.599,True,Castle Center,1,4,63,0,3,
Totend,63437,Mine Shaft,Gold Mine,-75.72,18.81,-90.89,-47.8,-75.72,18.81,-90.89,True,Castle Center,1,1,5,0,6,
Totend,63438,House Variant (6),House,-61.51,18.85,-12.59,0.0,-61.51,18.85,-12.59,True,House,0,3,24,0,4,
Totend,63440,House Variant (3),House,-6.84,18.85,46.45,-88.6,-6.84,18.85,46.45,True,House,0,3,24,0,4,
Totend,63441,House Variant (2),House,-11.35,18.85,51.01,177.7,-11.35,18.85,51.01,True,Castle Center,0,3,24,0,4,
Totend,63444,House Variant (4),House,-55.48,18.85,-12.6,0.0,-55.48,18.85,-12.6,True,House,0,3,24,0,4,
Totend,63447,House Variant (5),House,-49.4,18.85,-12.93,-90.0,-49.4,18.85,-12.93,True,Castle Center,0,3,24,0,4,
Totend,63448,House Variant (7),House,-79.86,18.85,38.07,91.4,-79.86,18.85,38.07,True,Castle Center,0,3,24,0,4,
Totend,63452,House Variant (10),House,-74.5,18.85,40.99,-88.7,-74.5,18.85,40.99,True,House,0,3,24,0,4,
Totend,63456,Mine Shaft,Gold Mine,-111.44,18.85,-26.52,95.5,-111.44,18.85,-26.52,True,Castle Center,0,1,5,0,6,
Totend,63457,House Variant (1),House,-14.1,18.85,-26.6,-2.7,-14.1,18.85,-26.6,True,Castle Center,0,3,24,0,4,
Totend,63458,Mine Shaft,Gold Mine,-23.9,11.41,128.42,56.6,-23.9,11.41,128.42,True,Castle Center,1,1,5,0,6,
Totend,63460,House Variant (9),House,-45.32,18.85,36.85,1.5,-45.32,18.85,36.85,True,House,0,3,24,0,4,
Totend,63461,Blacksmith (1),Blacksmith,-82.71,11.41,146.27,-6.3,-82.71,11.41,146.27,True,Castle Center,0,3,29,0,0,
Totend,63463,Temple,Temple,9.97,27.79,-29.44,-60.0,9.97,27.79,-29.44,True,Castle Center,0,3,33,0,0,
Totend,63464,House Variant (8),House,-54.07,18.85,36.26,-89.0,-54.07,18.85,36.26,True,Castle Center,0,3,24,0,4,
Totend,63467,House Variant,House,-19.1,18.85,-26.33,0.0,-19.1,18.85,-26.33,True,House,0,3,24,0,4,
Totend,63470,Royal Forge,Royal Forge,8.83,27.79,51.58,55.2,8.83,27.79,51.58,True,Castle Center,0,3,25,0,0,
Totend,64578,Mill Variant (2),Mill,-52.257,11.41,138.005,0.0,-52.257,11.41,138.005,True,Castle Center,0,3,13,0,6,
Totend,64579,Mill Variant (1),Mill,-53.012,18.81,-100.0,0.0,-53.012,18.81,-100.0,True,Castle Center,0,3,13,0,6,
Totend,64581,Mill Variant,Mill,-25.967,18.81,-98.672,0.0,-25.967,18.81,-98.672,True,Castle Center,0,3,13,0,6,
Totend,65567,Gate Wide Variant,Wall,-107.89,18.85,21.19,91.6,-107.89,18.85,21.19,True,Castle Center,0,3,65,0,0,
Totend,65568,Gate Wide Variant (7),Wall,-50.895,18.85,-50.685,0.0,-50.895,18.85,-50.685,True,Wall,0,3,66,0,0,
Totend,65570,Gate Wide Variant (6),Wall,-30.468,18.85,-50.807,0.0,-30.468,18.85,-50.807,True,Castle Center,0,3,65,0,0,
Totend,65572,Gate Wide Variant (1),Wall,-45.61,27.89,26.45,90.0,-45.61,27.89,26.45,True,Castle Center,0,3,58,0,0,
Totend,65575,Gate Wide Variant (2),Wall,-95.589,18.85,0.666,90.8,-95.589,18.85,0.666,True,Wall,0,3,66,0,0,
Totend,65580,Gate Wide Variant,Wall,-45.78,27.85,-5.42,90.0,-45.78,27.85,-5.42,True,Castle Center,0,3,58,0,0,
Totend,65582,Gate Wide Variant (9),Wall,-50.86,18.85,63.79,180.0,-50.86,18.85,63.79,True,Wall,0,3,66,0,0,
Totend,65583,Gate Wide Variant (3),Wall,-95.515,18.85,21.09,90.8,-95.515,18.85,21.09,True,Castle Center,1,3,66,0,0,
Totend,65584,Gate Wide Variant (5),Wall,-30.566,18.85,-42.204,0.0,-30.566,18.85,-42.204,True,Castle Center,1,3,66,0,0,
Totend,65585,Gate Wide Variant (8),Wall,-30.675,18.85,73.2,180.0,-30.675,18.85,73.2,True,Castle Center,0,3,65,0,0,
Totend,65587,Gate Wide Variant (4),Wall,-50.99,18.85,-42.306,0.0,-50.99,18.85,-42.306,True,Wall,0,3,66,0,0,
Totend,65588,Gate Wide Variant (11),Wall,-30.437,18.85,63.89,180.0,-30.437,18.85,63.89,True,Castle Center,1,3,66,0,0,
Totend,65589,Gate Wide Variant (10),Wall,-51.094,18.85,73.112,180.0,-51.094,18.85,73.112,True,Wall,0,3,66,0,0,
Totend,65593,Gate Wide Variant (1),Wall,-108.253,18.85,0.769,91.6,-108.253,18.85,0.769,True,Wall,0,3,66,0,0,
Freifort MM1,106472,Heros Quarter Variant (2),Hero's Quarter,-160.8,-16.2,-85.1,-50.9,-160.8,-16.2,-85.1,True,Castle Center,2,4,86,0,0,yes
Freifort MM1,106475,Heros Quarter Variant (1),Hero's Quarter,-130.92,-16.2,-102.17,-125.3,-130.92,-16.2,-102.17,True,Castle Center,2,4,86,0,0,yes
Freifort MM1,106476,Archer Hut (2),Archery Range,9.3,-16.2,-101.0,147.2,9.3,-16.2,-101.0,True,Castle Center,1,4,78,0,0,yes
Freifort MM1,106477,Swordsmen Hut (1),Barracks,-15.8,-16.2,-108.1,164.3,-15.8,-16.2,-108.1,True,Castle Center,0,4,78,0,0,yes
Freifort MM1,106481,Swordsmen Hut (2),Barracks,-83.6,-16.2,-130.1,178.3,-83.6,-16.2,-130.1,True,Castle Center,0,4,78,0,0,yes
Freifort MM1,106483,Archer Hut (1),Archery Range,-112.1,-16.2,-117.2,-142.0,-112.1,-16.2,-117.2,True,Castle Center,1,4,78,0,0,yes
Freifort MM1,112234,Castle Center Variant,Castle Center,-46.7,-16.2,-110.8,90.0,-46.7,-16.2,-110.8,False,,,4,130,0,20,
Freifort MM2,61390,Wall Segment Variant (3),Wall,14.19,-3.6,-43.73,-96.6,14.19,-3.6,-43.73,True,Wall,0,3,55,0,0,
Freifort MM2,61391,Wall Segment Variant (1),Wall,-35.54,-2.13,7.47,12.6,-35.54,-2.13,7.47,True,Wall,0,3,55,0,0,
Freifort MM2,61392,Wall Segment Variant,Wall,-97.83,-14.88,-81.98,-4.4,-97.83,-14.88,-81.98,True,Wall,0,3,55,0,0,
Freifort MM2,61393,Wall Segment Variant (2),Wall,-31.46,-15.04,-81.77,-19.4,-31.46,-15.04,-81.77,True,Wall,0,3,55,0,0,
Freifort MM2,61394,Wall Segment Variant,Wall,-16.9,-2.32,7.06,-9.8,-16.9,-2.32,7.06,True,Wall,0,3,55,0,0,
Freifort MM2,61395,Wall Segment Variant (1),Wall,-116.29,-15.15,-81.29,8.5,-116.29,-15.15,-81.29,True,Wall,0,3,55,0,0,
Freifort MM2,61396,Wall Segment Variant (4),Wall,-88.82,-3.2,-0.68,-17.4,-88.82,-3.2,-0.68,True,Wall,0,3,63,0,0,
Freifort MM2,61397,Wall Segment Variant (5),Wall,-107.52,-3.46,-1.54,0.4,-107.52,-3.46,-1.54,True,Wall,0,3,63,0,0,
Freifort MM2,61399,Wall Segment Variant,Wall,-80.17,-3.17,0.91,-4.8,-80.17,-3.17,0.91,True,Wall,0,3,63,0,0,
Freifort MM2,61406,Wall Segment Variant (1),Wall,-135.13,-2.67,1.69,4.6,-135.13,-2.67,1.69,True,Wall,0,3,63,0,0,
Freifort MM2,61407,Wall Segment Variant (3),Wall,-59.76,-14.84,-81.16,12.5,-59.76,-14.84,-81.16,True,Wall,0,3,55,0,0,
Freifort MM2,61410,Wall Segment Variant (2),Wall,11.66,-3.6,-25.09,-99.5,11.66,-3.6,-25.09,True,Wall,0,3,55,0,0,
Freifort MM2,61411,Wall Segment Variant (6),Wall,-126.34,-3.06,0.36,11.9,-126.34,-3.06,0.36,True,Wall,0,3,63,0,0,
Freifort MM2,62585,Summoning Circle (2),Summoning Circle,24.68,-3.5,-20.91,0.0,24.68,-3.5,-20.91,True,Castle Center,0,2,3,0,0,
Freifort MM2,62587,Field Variant (6),Field,-14.37,-16.2,-104.18,0.0,-14.37,-16.2,-104.18,True,Mill,1,1,1,0,1,
Freifort MM2,62589,Summoning Circle,Summoning Circle,-162.41,7.37,34.59,1.2,-162.41,7.37,34.59,True,Castle Center,0,2,3,0,0,
Freifort MM2,62590,Field Variant (5),Field,-14.26,-16.2,-99.05,0.0,-14.26,-16.2,-99.05,True,Mill,1,1,1,0,1,
Freifort MM2,62591,Field Variant (2),Field,-34.02,-3.6,-28.0,0.0,-34.02,-3.6,-28.0,True,Mill,1,1,1,0,1,
Freifort MM2,62592,Field Variant (1),Field,-33.91,-3.6,-22.87,0.0,-33.91,-3.6,-22.87,True,Mill,1,1,1,0,1,
Freifort MM2,62595,Field Variant (4),Field,-28.06,-3.6,-17.66,0.0,-28.06,-3.6,-17.66,True,Mill,1,1,1,0,1,
Freifort MM2,62597,Field Variant (17),Field,-99.522,-16.2,-104.641,0.0,-99.522,-16.2,-104.641,True,Mill,1,1,1,0,1,
Freifort MM2,62598,Summoning Circle (1),Summoning Circle,-139.0,9.1,81.0,0.0,-139.0,9.1,81.0,True,Castle Center,0,2,3,0,0,
Freifort MM2,62599,Field Variant (8),Field,-9.112,-16.2,-104.231,0.0,-9.112,-16.2,-104.231,True,Mill,0,1,1,0,1,
Freifort MM2,62602,Field Variant (11),Field,-100.28,-3.6,-29.96,0.0,-100.28,-3.6,-29.96,True,Mill,1,1,1,0,1,
Freifort MM2,62605,Field Variant (7),Field,-3.87,-16.2,-99.32,0.0,-3.87,-16.2,-99.32,True,Mill,0,1,1,0,1,
Freifort MM2,62608,Summoning Circle,Summoning Circle,-83.103,-16.2,-126.391,0.0,-83.103,-16.2,-126.391,True,Castle Center,0,2,3,0,0,
Freifort MM2,62610,Field Variant (3),Field,-23.52,-3.6,-23.14,0.0,-23.52,-3.6,-23.14,True,Mill,0,1,1,0,1,
Freifort MM2,62611,Field Variant (13),Field,-100.29,-3.6,-24.94,0.0,-100.29,-3.6,-24.94,True,Mill,0,1,1,0,1,
Freifort MM2,62613,Field Variant (15),Field,-104.67,-16.2,-99.46,0.0,-104.67,-16.2,-99.46,True,Mill,1,1,1,0,1,
Freifort MM2,62614,Field Variant (16),Field,-104.78,-16.2,-104.59,0.0,-104.78,-16.2,-104.59,True,Mill,0,1,1,0,1,
Freifort MM2,62616,Field Variant (10),Field,-110.68,-3.6,-24.67,0.0,-110.68,-3.6,-24.67,True,Mill,1,1,1,0,1,
Freifort MM2,62617,Field Variant (18),Field,-94.28,-16.2,-99.73,0.0,-94.28,-16.2,-99.73,True,Mill,0,1,1,0,1,
Freifort MM2,62619,Field Variant,Field,-28.762,-3.6,-28.051,0.0,-28.762,-3.6,-28.051,True,Mill,0,1,1,0,1,
Freifort MM2,62624,Field Variant (14),Field,-105.532,-3.6,-29.851,0.0,-105.532,-3.6,-29.851,True,Mill,0,1,1,0,1,
Freifort MM2,62626,Field Variant (12),Field,-105.18,-3.6,-19.86,0.0,-105.18,-3.6,-19.86,True,Mill,1,1,1,0,1,
Freifort MM2,62631,Field Variant (9),Field,-8.41,-16.2,-93.84,0.0,-8.41,-16.2,-93.84,True,Mill,1,1,1,0,1,
Freifort MM2,62632,Field Variant (19),Field,-98.82,-16.2,-94.25,0.0,-98.82,-16.2,-94.25,True,Mill,1,1,1,0,1,
Freifort MM2,65197,Heros Quarter Variant (1),Hero's Quarter,-21.1,9.1,72.7,64.3,-21.1,9.1,72.7,True,Castle Center,1,4,86,0,0,yes
Freifort MM2,65199,Swordsmen Hut (1),Barracks,-52.83,-3.6,-27.483,0.0,-52.83,-3.6,-27.483,True,Castle Center,2,4,78,0,0,yes
Freifort MM2,65200,Archer Hut (1),Archery Range,-124.645,-3.82,-32.851,53.5,-124.645,-3.82,-32.851,True,Castle Center,2,4,78,0,0,yes
Freifort MM2,65201,Heros Quarter Variant (1),Hero's Quarter,-80.478,-3.6,-44.489,0.0,-80.478,-3.6,-44.489,True,Castle Center,2,4,86,0,0,yes
Freifort MM2,65203,Archer Hut (1),Archery Range,-65.47,9.1,59.15,-5.7,-65.47,9.1,59.15,True,Castle Center,1,4,78,0,0,yes
Freifort MM2,65208,Swordsmen Hut (1),Barracks,-24.263,9.1,61.527,85.7,-24.263,9.1,61.527,True,Castle Center,0,4,78,0,0,yes
Freifort MM2,67845,Castle Center Variant,Castle Center,-58.01,8.7,24.21,90.0,-58.01,8.7,24.21,False,,,4,130,0,20,
Freifort MM2,74129,Defense Tower Variant (23),Defense Tower,-111.5,-3.6,-30.8,0.0,-111.5,-3.6,-30.8,True,Castle Center,0,4,63,0,3,
Freifort MM2,74130,Defense Tower Variant (25),Defense Tower,6.86,-3.6,-17.82,0.0,6.86,-3.6,-17.82,True,Castle Center,1,4,63,0,3,
Freifort MM2,74131,Defense Tower Variant (21),Defense Tower,-147.8,-3.6,-48.3,0.0,-147.8,-3.6,-48.3,True,Castle Center,1,4,63,0,3,
Freifort MM2,74134,Defense Tower Variant (17),Defense Tower,-31.33,-16.2,-97.66,0.0,-31.33,-16.2,-97.66,True,Castle Center,2,4,63,0,3,
Freifort MM2,74135,Defense Tower Variant,Defense Tower,-48.731,-9.99,-69.928,0.0,-48.731,-9.99,-69.928,True,Castle Center,1,4,63,0,3,
Freifort MM2,74136,Shrine (1),Shrine,-39.4,-3.6,-10.5,0.0,-39.4,-3.6,-10.5,True,Castle Center,0,1,3,0,0,
Freifort MM2,74137,Defense Tower Variant (1),Defense Tower,-49.49,8.7,0.56,-30.0,-49.49,8.7,0.56,True,Castle Center,0,4,63,0,3,
Freifort MM2,74139,Defense Tower Variant (26),Defense Tower,-9.28,-3.6,-38.35,0.0,-9.28,-3.6,-38.35,True,Castle Center,0,4,63,0,3,
Freifort MM2,74141,Defense Tower Variant (5),Defense Tower,-109.6,5.4,21.3,0.0,-109.6,5.4,21.3,True,Castle Center,0,4,63,0,3,
Freifort MM2,74143,Defense Tower Variant (24),Defense Tower,-104.79,-3.6,-50.88,0.0,-104.79,-3.6,-50.88,True,Castle Center,1,4,63,0,3,
Freifort MM2,74144,Shrine (2),Shrine,-43.62,-16.2,-94.91,0.0,-43.62,-16.2,-94.91,True,Castle Center,0,1,3,0,0,
Freifort MM2,74145,Defense Tower Variant (8),Defense Tower,-133.9,9.1,50.74,0.0,-133.9,9.1,50.74,True,Castle Center,0,4,63,0,3,
Freifort MM2,74151,Defense Tower Variant (19),Defense Tower,-126.17,-16.2,-105.03,0.0,-126.17,-16.2,-105.03,True,Castle Center,2,4,63,0,3,
Freifort MM2,74153,Defense Tower Variant (9),Defense Tower,-97.32,11.6,35.89,0.0,-97.32,11.6,35.89,True,Castle Center,0,4,63,0,3,
Freifort MM2,74155,Defense Tower Variant (1),Defense Tower,-43.02,8.7,110.85,0.0,-43.02,8.7,110.85,True,Castle Center,0,4,63,0,3,
Freifort MM2,74156,Defense Tower Variant (2),Defense Tower,-44.78,13.5,62.9,0.0,-44.78,13.5,62.9,True,Castle Center,0,4,63,0,3,
Freifort MM2,74157,Defense Tower Variant (13),Defense Tower,-57.13,-16.2,-97.36,0.0,-57.13,-16.2,-97.36,True,Castle Center,2,4,63,0,3,
Freifort MM2,74158,Defense Tower Variant (6),Defense Tower,-78.86,8.7,19.07,-9.4,-78.86,8.7,19.07,True,Castle Center,0,4,63,0,3,
Freifort MM2,74160,Defense Tower Variant (3),Defense Tower,-83.45,-5.09,-86.58,0.0,-83.45,-5.09,-86.58,True,Castle Center,1,4,63,0,3,
Freifort MM2,74166,Defense Tower Variant (18),Defense Tower,-119.77,-16.2,-107.87,0.0,-119.77,-16.2,-107.87,True,Castle Center,2,4,63,0,3,
Freifort MM2,74168,Defense Tower Variant (4),Defense Tower,-137.52,-5.09,-77.53,0.0,-137.52,-5.09,-77.53,True,Castle Center,1,4,63,0,3,
Freifort MM2,74169,Defense Tower Variant (7),Defense Tower,-42.49,8.7,13.24,18.5,-42.49,8.7,13.24,True,Castle Center,0,4,63,0,3,
Freifort MM2,74170,Defense Tower Variant (22),Defense Tower,-155.0,-3.6,-10.2,0.0,-155.0,-3.6,-10.2,True,Castle Center,0,4,63,0,3,
Freifort MM2,74171,Defense Tower Variant,Defense Tower,-68.08,8.7,1.38,41.2,-68.08,8.7,1.38,True,Castle Center,0,4,63,0,3,
Freifort MM2,74174,Defense Tower Variant (20),Defense Tower,-132.37,-16.2,-101.9,0.0,-132.37,-16.2,-101.9,True,Castle Center,2,4,63,0,3,
Freifort MM2,74175,Shrine,Shrine,-111.62,14.1,60.842,0.0,-111.62,14.1,60.842,True,Castle Center,0,1,3,0,0,
Freifort MM2,74176,Defense Tower Variant (2),Defense Tower,-13.5,-5.09,-80.3,0.0,-13.5,-5.09,-80.3,True,Castle Center,1,4,63,0,3,
Freifort MM2,74177,Defense Tower Variant (10),Defense Tower,-36.67,8.7,26.67,23.1,-36.67,8.7,26.67,True,Castle Center,0,4,63,0,3,
Freifort MM2,74178,Defense Tower Variant,Defense Tower,-102.307,14.1,63.719,0.0,-102.307,14.1,63.719,True,Castle Center,0,4,63,0,3,
Freifort MM2,74180,Shrine (1),Shrine,-59.59,9.1,45.33,0.0,-59.59,9.1,45.33,True,Castle Center,0,1,3,0,0,
Freifort MM2,74181,Defense Tower Variant (12),Defense Tower,-52.48,-3.82,-43.37,0.0,-52.48,-3.82,-43.37,True,Castle Center,0,4,63,0,3,
Freifort MM2,74187,Shrine (3),Shrine,-85.0,-16.2,-92.9,0.0,-85.0,-16.2,-92.9,True,Castle Center,0,1,3,0,0,
Freifort MM2,74189,Shrine,Shrine,-148.5,-3.6,-27.0,0.0,-148.5,-3.6,-27.0,True,Castle Center,0,1,3,0,0,
Freifort MM2,74191,Defense Tower Variant (11),Defense Tower,-80.67,8.7,32.94,21.2,-80.67,8.7,32.94,True,Castle Center,0,4,63,0,3,
Freifort MM2,74193,Defense Tower Variant (14),Defense Tower,-12.8,-16.2,-109.9,0.0,-12.8,-16.2,-109.9,True,Castle Center,2,4,63,0,3,
Freifort MM2,74197,Defense Tower Variant (15),Defense Tower,0.89,-16.2,-102.26,0.0,0.89,-16.2,-102.26,True,Castle Center,2,4,63,0,3,
Freifort MM2,74198,Defense Tower Variant (16),Defense Tower,-16.21,-16.2,-92.41,16.7,-16.21,-16.2,-92.41,True,Castle Center,0,4,63,0,3,
Freifort MM2,74206,House Variant (5),House,-36.32,8.7,106.66,132.3,-36.32,8.7,106.66,True,Castle Center,0,3,24,0,4,
Freifort MM2,74207,House Variant (3),House,-66.95,8.7,16.5,-124.8,-66.95,8.7,16.5,True,House,0,3,24,0,4,
Freifort MM2,74209,House Variant (6),House,-50.18,8.7,107.02,42.5,-50.18,8.7,107.02,True,House,0,3,24,0,4,
Freifort MM2,74210,Mine Shaft,Gold Mine,-122.724,9.1,81.931,0.0,-122.724,9.1,81.931,True,Castle Center,0,1,5,0,6,
Freifort MM2,74212,House Variant (3),House,-51.62,9.1,90.62,132.3,-51.62,9.1,90.62,True,House,0,3,24,0,4,
Freifort MM2,74213,Fishing Harbour,Harbour,-44.27,8.7,126.04,175.6,-44.27,8.7,126.04,True,Castle Center,0,2,10,0,0,
Freifort MM2,74214,House Variant (7),House,-48.36,8.7,32.1,-136.6,-48.36,8.7,32.1,True,House,0,3,24,0,4,
Freifort MM2,74217,Fishing Harbour (1),Harbour,-170.89,-3.6,-23.97,86.6,-170.89,-3.6,-23.97,True,Castle Center,0,2,10,0,0,
Freifort MM2,74220,House Variant (8),House,-68.64,8.7,30.31,-61.5,-68.64,8.7,30.31,True,House,0,3,24,0,4,
Freifort MM2,74221,House Variant (4),House,-43.561,9.1,87.741,-89.7,-43.561,9.1,87.741,True,House,0,3,24,0,4,
Freifort MM2,74224,House Variant (1),House,-32.36,9.1,98.61,0.0,-32.36,9.1,98.61,True,House,0,3,24,0,4,
Freifort MM2,74225,Royal Forge,Royal Forge,-143.61,9.1,66.67,-126.4,-143.61,9.1,66.67,True,Castle Center,0,3,25,0,0,
Freifort MM2,74226,House Variant (5),House,-46.67,8.7,23.44,-82.7,-46.67,8.7,23.44,True,Castle Center,0,3,24,0,4,
Freifort MM2,74229,Temple,Temple,-43.1,9.1,99.6,0.0,-43.1,9.1,99.6,True,Castle Center,0,3,33,0,0,
Freifort MM2,74230,Mine Shaft,Gold Mine,-134.429,-15.4,-82.39,-2.8,-134.429,-15.4,-82.39,True,Castle Center,1,1,5,0,6,
Freifort MM2,74235,House Variant (4),House,-59.0,8.7,12.38,1.2,-59.0,8.7,12.38,True,House,0,3,24,0,4,
Freifort MM2,74236,House Variant,House,-54.1,9.1,99.22,0.0,-54.1,9.1,99.22,True,House,0,3,24,0,4,
Freifort MM2,74238,House Variant (2),House,-35.01,9.1,90.47,42.5,-35.01,9.1,90.47,True,House,0,3,24,0,4,
Freifort MM2,74240,House Variant (6),House,-57.24,8.7,36.21,-176.7,-57.24,8.7,36.21,True,House,0,3,24,0,4,
Freifort MM2,74242,Blacksmith,Blacksmith,-90.41,9.1,78.51,55.2,-90.41,9.1,78.51,True,Castle Center,0,3,29,0,0,
Freifort MM2,75400,Mill Variant (2),Mill,-105.41,-3.6,-24.84,0.0,-105.41,-3.6,-24.84,True,Castle Center,0,3,13,0,6,
Freifort MM2,75401,Mill Variant,Mill,-28.64,-3.6,-23.04,0.0,-28.64,-3.6,-23.04,True,Castle Center,0,3,13,0,6,
Freifort MM2,75404,Mill Variant (3),Mill,-99.4,-16.2,-99.63,0.0,-99.4,-16.2,-99.63,True,Castle Center,1,3,13,0,6,
Freifort MM2,75406,Mill Variant (1),Mill,-8.99,-16.2,-99.22,0.0,-8.99,-16.2,-99.22,True,Castle Center,1,3,13,0,6,
Freifort MM2,76390,Gate Wide Variant (6),Wall,-26.17,-2.23,6.38,0.0,-26.17,-2.23,6.38,True,Castle Center,0,3,60,0,0,
Freifort MM2,76393,Gate Wide Variant,Wall,-107.054,-15.42,-82.101,2.2,-107.054,-15.42,-82.101,True,Castle Center,1,3,60,0,0,
Freifort MM2,76394,Gate Wide Variant (3),Wall,-50.36,-15.03,-82.71,5.0,-50.36,-15.03,-82.71,True,Castle Center,1,3,62,0,0,
Freifort MM2,76395,Gate Wide Variant (5),Wall,-98.15,-3.43,-1.75,0.0,-98.15,-3.43,-1.75,True,Wall,0,3,63,0,0,
Freifort MM2,76399,Gate Wide Variant,Wall,13.05,-3.6,-34.44,-96.8,13.05,-3.6,-34.44,True,Castle Center,2,3,60,0,0,
Freifort MM2,76400,Gate Wide Variant (4),Wall,-116.94,-3.155,-1.06,5.0,-116.94,-3.155,-1.06,True,Castle Center,0,3,63,0,0,
Freifort MM2,76403,Gate Wide Variant (1),Wall,5.02,-13.22,-77.91,13.3,5.02,-13.22,-77.91,True,Castle Center,1,3,57,0,0,
Freifort MM2,76404,Gate Wide Variant (2),Wall,-40.449,-15.04,-83.252,0.0,-40.449,-15.04,-83.252,True,Wall,0,3,56,0,0,
Freifort MM3,40235,Field Variant (18),Field,-122.9,-3.6,-43.3,0.0,-122.9,-3.6,-43.3,True,Mill,0,1,1,0,1,
Freifort MM3,40236,Field Variant (49),Field,-13.39,-16.2,-96.22,0.0,-13.39,-16.2,-96.22,True,Mill,1,1,1,0,1,
Freifort MM3,40237,Field Variant (45),Field,-14.092,-16.2,-106.611,0.0,-14.092,-16.2,-106.611,True,Mill,0,1,1,0,1,
Freifort MM3,40239,Field Variant (59),Field,-122.622,-16.2,-99.511,0.0,-122.622,-16.2,-99.511,True,Mill,0,1,1,0,1,
Freifort MM3,40242,Field Variant (2),Field,-34.02,-3.6,-28.0,0.0,-34.02,-3.6,-28.0,True,Mill,1,1,1,0,1,
Freifort MM3,40243,Field Variant (1),Field,-33.91,-3.6,-22.87,0.0,-33.91,-3.6,-22.87,True,Mill,1,1,1,0,1,
Freifort MM3,40246,Field Variant (34),Field,-34.4,9.1,96.4,0.0,-34.4,9.1,96.4,True,Mill,0,1,1,0,1,
Freifort MM3,40247,Field Variant (25),Field,-60.422,8.7,35.189,0.0,-60.422,8.7,35.189,True,Mill,0,1,1,0,1,
Freifort MM3,40248,Field Variant (29),Field,-49.69,8.7,35.28,-5.3,-49.69,8.7,35.28,True,Mill,1,1,1,0,1,
Freifort MM3,40249,Field Variant (8),Field,1.7,-3.6,-30.74,0.0,1.7,-3.6,-30.74,True,Mill,0,1,1,0,1,
Freifort MM3,40250,Field Variant (60),Field,-58.942,-16.2,-100.851,0.0,-58.942,-16.2,-100.851,True,Mill,0,1,1,0,1,
Freifort MM3,40251,Field Variant (4),Field,-28.06,-3.6,-17.66,0.0,-28.06,-3.6,-17.66,True,Mill,1,1,1,0,1,
Freifort MM3,40252,Field Variant (27),Field,-70.6,8.7,34.9,-10.6,-70.6,8.7,34.9,True,Mill,1,1,1,0,1,
Freifort MM3,40253,Field Variant (23),Field,-52.0,-3.6,-36.9,0.0,-52.0,-3.6,-36.9,True,Mill,1,1,1,0,1,
Freifort MM3,40254,Field Variant (24),Field,-57.158,-3.6,-36.789,0.0,-57.158,-3.6,-36.789,True,Mill,0,1,1,0,1,
Freifort MM3,40257,Field Variant (38),Field,-142.22,9.1,81.98,0.0,-142.22,9.1,81.98,True,Mill,1,1,1,0,1,
Freifort MM3,40259,Field Variant (40),Field,-60.892,8.7,8.099,0.0,-60.892,8.7,8.099,True,Mill,0,1,1,0,1,
Freifort MM3,40261,Field Variant (6),Field,-8.69,-3.6,-30.47,0.0,-8.69,-3.6,-30.47,True,Mill,1,1,1,0,1,
Freifort MM3,40262,Field Variant (35),Field,-142.922,9.1,71.589,0.0,-142.922,9.1,71.589,True,Mill,0,1,1,0,1,
Freifort MM3,40266,Field Variant (17),Field,-133.4,-3.6,-48.16,0.0,-133.4,-3.6,-48.16,True,Mill,1,1,1,0,1,
Freifort MM3,40268,Field Variant (28),Field,-55.18,8.7,40.1,0.0,-55.18,8.7,40.1,True,Mill,0,1,1,0,1,
Freifort MM3,40270,Field Variant (22),Field,-67.548,-3.6,-36.519,0.0,-67.548,-3.6,-36.519,True,Mill,1,1,1,0,1,
Freifort MM3,40271,Field Variant (64),Field,-64.09,-16.2,-95.67,0.0,-64.09,-16.2,-95.67,True,Mill,1,1,1,0,1,
Freifort MM3,40274,Field Variant (7),Field,1.8,-3.6,-35.6,0.0,1.8,-3.6,-35.6,True,Mill,1,1,1,0,1,
Freifort MM3,40275,Field Variant (52),Field,-88.548,-16.2,-125.019,0.0,-88.548,-16.2,-125.019,True,Mill,1,1,1,0,1,
Freifort MM3,40277,Field Variant (26),Field,-65.57,8.7,40.37,0.0,-65.57,8.7,40.37,True,Mill,1,1,1,0,1,
Freifort MM3,40278,Field Variant (32),Field,-44.9,9.1,91.54,0.0,-44.9,9.1,91.54,True,Mill,1,1,1,0,1,
Freifort MM3,40279,Field Variant (39),Field,-137.68,9.1,76.5,0.0,-137.68,9.1,76.5,True,Mill,0,1,1,0,1,
Freifort MM3,40280,Field Variant (14),Field,-98.6,-3.6,-22.74,0.0,-98.6,-3.6,-22.74,True,Mill,0,1,1,0,1,
Freifort MM3,40281,Field Variant (20),Field,-61.698,-3.6,-31.309,0.0,-61.698,-3.6,-31.309,True,Mill,1,1,1,0,1,
Freifort MM3,40282,Field Variant (11),Field,-103.842,-3.6,-27.651,0.0,-103.842,-3.6,-27.651,True,Mill,0,1,1,0,1,
Freifort MM3,40285,Field Variant (53),Field,-88.5,-16.2,-119.7,0.0,-88.5,-16.2,-119.7,True,Mill,1,1,1,0,1,
Freifort MM3,40290,Field Variant (46),Field,-19.24,-16.2,-101.43,0.0,-19.24,-16.2,-101.43,True,Mill,1,1,1,0,1,
Freifort MM3,40292,Field Variant (41),Field,-55.72,8.7,7.74,0.0,-55.72,8.7,7.74,True,Mill,1,1,1,0,1,
Freifort MM3,40294,Field Variant (48),Field,-19.1,-16.2,-95.8,0.0,-19.1,-16.2,-95.8,True,Mill,1,1,1,0,1,
Freifort MM3,40295,Field Variant (44),Field,-55.65,8.7,13.01,0.0,-55.65,8.7,13.01,True,Mill,0,1,1,0,1,
Freifort MM3,40296,Field Variant (63),Field,-58.24,-16.2,-90.46,0.0,-58.24,-16.2,-90.46,True,Mill,1,1,1,0,1,
Freifort MM3,40298,Field Variant (55),Field,-117.38,-16.2,-94.6,0.0,-117.38,-16.2,-94.6,True,Mill,0,1,1,0,1,
Freifort MM3,40299,Field Variant (50),Field,-83.4,-16.2,-130.2,0.0,-83.4,-16.2,-130.2,True,Mill,0,1,1,0,1,
Freifort MM3,40300,Field Variant (37),Field,-148.18,9.1,71.64,0.0,-148.18,9.1,71.64,True,Mill,1,1,1,0,1,
Freifort MM3,40301,Field Variant (57),Field,-121.92,-16.2,-89.12,0.0,-121.92,-16.2,-89.12,True,Mill,1,1,1,0,1,
Freifort MM3,40302,Field Variant (51),Field,-78.158,-16.2,-125.289,0.0,-78.158,-16.2,-125.289,True,Mill,0,1,1,0,1,
Freifort MM3,40303,Field Variant (3),Field,-23.52,-3.6,-23.14,0.0,-23.52,-3.6,-23.14,True,Mill,0,1,1,0,1,
Freifort MM3,40305,Field Variant (13),Field,-109.3,-3.6,-27.6,0.0,-109.3,-3.6,-27.6,True,Mill,1,1,1,0,1,
Freifort MM3,40307,Field Variant (42),Field,-66.23,8.7,3.28,1.0,-66.23,8.7,3.28,True,Mill,1,1,1,0,1,
Freifort MM3,40311,Field Variant (19),Field,-127.44,-3.6,-37.82,0.0,-127.44,-3.6,-37.82,True,Mill,1,1,1,0,1,
Freifort MM3,40314,Field Variant (36),Field,-148.07,9.1,76.77,0.0,-148.07,9.1,76.77,True,Mill,1,1,1,0,1,
Freifort MM3,40315,Field Variant (30),Field,-39.642,9.1,91.489,0.0,-39.642,9.1,91.489,True,Mill,0,1,1,0,1,
Freifort MM3,40318,Field Variant (31),Field,-44.79,9.1,96.67,0.0,-44.79,9.1,96.67,True,Mill,1,1,1,0,1,
Freifort MM3,40325,Field Variant (12),Field,-108.99,-3.6,-22.47,0.0,-108.99,-3.6,-22.47,True,Mill,1,1,1,0,1,
Freifort MM3,40326,Field Variant (47),Field,-8.85,-16.2,-101.7,0.0,-8.85,-16.2,-101.7,True,Mill,0,1,1,0,1,
Freifort MM3,40333,Field Variant,Field,-28.762,-3.6,-28.051,0.0,-28.762,-3.6,-28.051,True,Mill,0,1,1,0,1,
Freifort MM3,40334,Field Variant (33),Field,-38.94,9.1,101.88,0.0,-38.94,9.1,101.88,True,Mill,1,1,1,0,1,
Freifort MM3,40336,Field Variant (21),Field,-62.4,-3.6,-41.7,0.0,-62.4,-3.6,-41.7,True,Mill,0,1,1,0,1,
Freifort MM3,40338,Field Variant (10),Field,-103.14,-3.6,-17.26,0.0,-103.14,-3.6,-17.26,True,Mill,1,1,1,0,1,
Freifort MM3,40341,Field Variant (43),Field,-61.04,8.7,2.9,1.4,-61.04,8.7,2.9,True,Mill,1,1,1,0,1,
Freifort MM3,40342,Field Variant (16),Field,-133.29,-3.6,-43.03,0.0,-133.29,-3.6,-43.03,True,Mill,1,1,1,0,1,
Freifort MM3,40343,Field Variant (54),Field,-82.698,-16.2,-119.809,0.0,-82.698,-16.2,-119.809,True,Mill,1,1,1,0,1,
Freifort MM3,40345,Field Variant (15),Field,-128.142,-3.6,-48.211,0.0,-128.142,-3.6,-48.211,True,Mill,0,1,1,0,1,
Freifort MM3,40347,Field Variant (61),Field,-53.3,-16.2,-98.0,0.0,-53.3,-16.2,-98.0,True,Mill,0,1,1,0,1,
Freifort MM3,40353,Field Variant (58),Field,-127.77,-16.2,-94.33,0.0,-127.77,-16.2,-94.33,True,Mill,1,1,1,0,1,
Freifort MM3,40355,Field Variant (9),Field,-2.84,-3.6,-25.26,0.0,-2.84,-3.6,-25.26,True,Mill,1,1,1,0,1,
Freifort MM3,40356,Field Variant (56),Field,-128.0,-16.2,-99.8,0.0,-128.0,-16.2,-99.8,True,Mill,1,1,1,0,1,
Freifort MM3,40359,Field Variant (62),Field,-47.7,-16.2,-100.7,0.0,-47.7,-16.2,-100.7,True,Mill,1,1,1,0,1,
Freifort MM3,40360,Field Variant (5),Field,-3.542,-3.6,-35.651,0.0,-3.542,-3.6,-35.651,True,Mill,0,1,1,0,1,
Freifort MM3,42355,Castle Center Variant,Castle Center,-58.01,8.7,24.21,90.0,-58.01,8.7,24.21,False,,,4,130,0,20,
Freifort MM3,44739,House Variant (41),House,-81.3,9.1,60.8,32.1,-81.3,9.1,60.8,True,Castle Center,0,3,24,0,4,
Freifort MM3,44740,House Variant (60),House,-97.1,-16.2,-107.5,44.3,-97.1,-16.2,-107.5,True,Castle Center,0,3,24,0,4,
Freifort MM3,44742,House Variant (18),House,-24.7,-5.06,-70.4,-12.4,-24.7,-5.06,-70.4,True,Castle Center,0,3,24,0,4,
Freifort MM3,44745,House Variant (1),House,-38.2,8.7,24.7,-66.2,-38.2,8.7,24.7,True,Castle Center,0,3,24,0,4,
Freifort MM3,44747,House Variant (59),House,-101.414,-16.2,-104.034,13.7,-101.414,-16.2,-104.034,True,Castle Center,0,3,24,0,4,
Freifort MM3,44748,House Variant (16),House,-17.197,-3.6,-19.662,14.1,-17.197,-3.6,-19.662,True,Castle Center,0,3,24,0,4,
Freifort MM3,44749,House Variant (31),House,-66.8,9.1,59.3,-19.6,-66.8,9.1,59.3,True,Castle Center,0,3,24,0,4,
Freifort MM3,44750,House Variant (24),House,-144.8,-5.14,-72.5,-171.3,-144.8,-5.14,-72.5,True,Castle Center,0,3,24,0,4,
Freifort MM3,44758,House Variant (33),House,-84.406,-3.6,-36.234,1.6,-84.406,-3.6,-36.234,True,Castle Center,0,3,24,0,4,
Freifort MM3,44759,House Variant (22),House,-75.7,-5.14,-84.7,-152.3,-75.7,-5.14,-84.7,True,Castle Center,0,3,24,0,4,
Freifort MM3,44761,House Variant (5),House,-96.4,9.1,85.8,27.4,-96.4,9.1,85.8,True,Castle Center,0,3,24,0,4,
Freifort MM3,44762,House Variant (8),House,-24.3,9.1,88.8,106.1,-24.3,9.1,88.8,True,Castle Center,0,3,24,0,4,
Freifort MM3,44763,House Variant,House,-79.6,8.7,23.6,-101.7,-79.6,8.7,23.6,True,Castle Center,0,3,24,0,4,
Freifort MM3,44764,House Variant (3),House,-70.7,8.7,22.616,3.4,-70.7,8.7,22.616,True,Castle Center,0,3,24,0,4,
Freifort MM3,44769,House Variant (52),House,-133.212,-16.2,-101.433,152.8,-133.212,-16.2,-101.433,True,Castle Center,0,3,24,0,4,
Freifort MM3,44771,House Variant (57),House,-33.1,-16.2,-95.1,-162.7,-33.1,-16.2,-95.1,True,Castle Center,0,3,24,0,4,
Freifort MM3,44774,House Variant (13),House,-35.5,-3.6,-15.9,-17.1,-35.5,-3.6,-15.9,True,Castle Center,0,3,24,0,4,
Freifort MM3,44777,House Variant (27),House,-159.829,-3.6,-22.575,122.3,-159.829,-3.6,-22.575,True,Castle Center,0,3,24,0,4,
Freifort MM3,44779,House Variant (29),House,-133.051,-3.6,-37.392,2.7,-133.051,-3.6,-37.392,True,Castle Center,0,3,24,0,4,
Freifort MM3,44780,House Variant (49),House,-64.4,-16.2,-89.8,147.1,-64.4,-16.2,-89.8,True,Castle Center,0,3,24,0,4,
Freifort MM3,44781,House Variant (7),House,-58.839,9.1,93.419,88.3,-58.839,9.1,93.419,True,Castle Center,0,3,24,0,4,
Freifort MM3,44784,House Variant (44),House,-27.9,9.1,54.7,51.0,-27.9,9.1,54.7,True,Castle Center,0,3,24,0,4,
Freifort MM3,44785,House Variant (39),House,-129.8,9.1,85.9,-33.7,-129.8,9.1,85.9,True,Castle Center,0,3,24,0,4,
Freifort MM3,44786,House Variant (54),House,-76.41,-16.2,-132.183,117.6,-76.41,-16.2,-132.183,True,Castle Center,0,3,24,0,4,
Freifort MM3,44787,House Variant (56),House,-48.18,-10.01,-70.78,145.5,-48.18,-10.01,-70.78,True,Castle Center,0,3,24,0,4,
Freifort MM3,44789,House Variant (32),House,-42.799,-3.6,-33.428,18.1,-42.799,-3.6,-33.428,True,Castle Center,0,3,24,0,4,
Freifort MM3,44790,House Variant (14),House,-8.503,-3.6,-25.041,11.5,-8.503,-3.6,-25.041,True,Castle Center,0,3,24,0,4,
Freifort MM3,44791,House Variant (20),House,-7.0,-5.06,-66.9,175.2,-7.0,-5.06,-66.9,True,Castle Center,0,3,24,0,4,
Freifort MM3,44792,House Variant (28),House,-148.332,-3.6,-46.973,54.9,-148.332,-3.6,-46.973,True,Castle Center,0,3,24,0,4,
Freifort MM3,44794,House Variant (43),House,-50.1,9.1,57.9,51.0,-50.1,9.1,57.9,True,Castle Center,0,3,24,0,4,
Freifort MM3,44801,House Variant (62),House,-73.2,-16.2,-99.9,172.0,-73.2,-16.2,-99.9,True,Castle Center,0,3,24,0,4,
Freifort MM3,44803,House Variant (46),House,-113.56,14.19,58.88,98.6,-113.56,14.19,58.88,True,Castle Center,0,3,24,0,4,
Freifort MM3,44804,House Variant (36),House,-44.4,13.59,61.8,-83.2,-44.4,13.59,61.8,True,Castle Center,0,3,24,0,4,
Freifort MM3,44809,House Variant (61),House,-122.6,-16.2,-105.5,44.3,-122.6,-16.2,-105.5,True,Castle Center,0,3,24,0,4,
Freifort MM3,44811,House Variant (48),House,-109.26,5.36,20.96,80.4,-109.26,5.36,20.96,True,Castle Center,0,3,24,0,4,
Freifort MM3,44812,House Variant (2),House,-46.4,8.7,23.9,-4.1,-46.4,8.7,23.9,True,Castle Center,0,3,24,0,4,
Freifort MM3,44813,House Variant (6),House,-89.8,9.1,77.9,57.3,-89.8,9.1,77.9,True,Castle Center,0,3,24,0,4,
Freifort MM3,44814,House Variant (12),House,-54.8,-3.6,-30.4,-2.3,-54.8,-3.6,-30.4,True,Castle Center,0,3,24,0,4,
Freifort MM3,44815,House Variant (47),House,-101.104,14.19,63.618,162.4,-101.104,14.19,63.618,True,Castle Center,0,3,24,0,4,
Freifort MM3,44816,House Variant (15),House,-1.102,-3.6,-19.933,-4.5,-1.102,-3.6,-19.933,True,Castle Center,0,3,24,0,4,
Freifort MM3,44818,House Variant (26),House,-143.5,-3.6,-10.4,140.7,-143.5,-3.6,-10.4,True,Castle Center,0,3,24,0,4,
Freifort MM3,44820,House Variant (63),House,-62.6,-3.6,-22.4,63.9,-62.6,-3.6,-22.4,True,Castle Center,0,3,24,0,4,
Freifort MM3,44821,House Variant (58),House,-5.9,-16.2,-94.0,165.8,-5.9,-16.2,-94.0,True,Castle Center,0,3,24,0,4,
Freifort MM3,44822,House Variant (17),House,-18.2,-3.6,-35.3,-24.8,-18.2,-3.6,-35.3,True,Castle Center,0,3,24,0,4,
Freifort MM3,44823,House Variant (19),House,-13.3,-5.06,-81.3,-98.8,-13.3,-5.06,-81.3,True,Castle Center,0,3,24,0,4,
Freifort MM3,44824,House Variant (55),House,-89.197,-16.2,-131.994,69.5,-89.197,-16.2,-131.994,True,Castle Center,0,3,24,0,4,
Freifort MM3,44827,House Variant (53),House,-76.691,-16.2,-119.116,82.9,-76.691,-16.2,-119.116,True,Castle Center,0,3,24,0,4,
Freifort MM3,44829,House Variant (45),House,-113.56,14.19,58.88,98.6,-113.56,14.19,58.88,True,Castle Center,0,3,24,0,4,
Freifort MM3,44830,House Variant (30),House,-120.097,-3.6,-14.831,-12.2,-120.097,-3.6,-14.831,True,Castle Center,0,3,24,0,4,
Freifort MM3,44832,House Variant (37),House,-11.6,-3.6,2.0,59.1,-11.6,-3.6,2.0,True,Castle Center,0,3,24,0,4,
Freifort MM3,44833,House Variant (38),House,-137.1,9.1,51.0,46.0,-137.1,9.1,51.0,True,Castle Center,0,3,24,0,4,
Freifort MM3,44837,House Variant (40),House,-137.7,9.1,71.3,112.1,-137.7,9.1,71.3,True,Castle Center,0,3,24,0,4,
Freifort MM3,44838,House Variant (21),House,-15.0,-5.06,-71.8,-152.3,-15.0,-5.06,-71.8,True,Castle Center,0,3,24,0,4,
Freifort MM3,44844,House Variant (11),House,-75.4,-3.6,-20.859,30.2,-75.4,-3.6,-20.859,True,Castle Center,0,3,24,0,4,
Freifort MM3,44845,House Variant (4),House,-110.0,9.1,88.2,3.4,-110.0,9.1,88.2,True,Castle Center,0,3,24,0,4,
Freifort MM3,44846,House Variant (50),House,-22.082,-16.2,-89.778,-173.8,-22.082,-16.2,-89.778,True,Castle Center,0,3,24,0,4,
Freifort MM3,44847,House Variant (42),House,-96.8,11.59,35.45,98.3,-96.8,11.59,35.45,True,Castle Center,0,3,24,0,4,
Freifort MM3,44848,House Variant (10),House,-96.5,-3.6,-16.5,88.3,-96.5,-3.6,-16.5,True,Castle Center,0,3,24,0,4,
Freifort MM3,44849,House Variant (34),House,-143.548,-3.6,-28.702,-55.9,-143.548,-3.6,-28.702,True,Castle Center,0,3,24,0,4,
Freifort MM3,44850,House Variant (64),House,-130.9,9.1,38.6,112.5,-130.9,9.1,38.6,True,Castle Center,0,3,24,0,4,
Freifort MM3,44853,House Variant (23),House,-89.288,-5.14,-76.162,-171.3,-89.288,-5.14,-76.162,True,Castle Center,0,3,24,0,4,
Freifort MM3,44860,House Variant (35),House,-153.535,-3.6,-35.163,-31.1,-153.535,-3.6,-35.163,True,Castle Center,0,3,24,0,4,
Freifort MM3,44862,House Variant (25),House,-131.89,-5.14,-71.58,170.9,-131.89,-5.14,-71.58,True,Castle Center,0,3,24,0,4,
Freifort MM3,44864,House Variant (51),House,-48.5,-16.2,-91.7,-173.8,-48.5,-16.2,-91.7,True,Castle Center,0,3,24,0,4,
Freifort MM3,44865,House Variant (9),House,-48.7,9.1,114.6,157.9,-48.7,9.1,114.6,True,Castle Center,0,3,24,0,4,
Freifort MM3,45358,Mill Variant (1),Mill,-3.42,-3.6,-30.64,0.0,-3.42,-3.6,-30.64,True,Castle Center,0,3,13,0,6,
Freifort MM3,45363,Mill Variant (3),Mill,-128.02,-3.6,-43.2,0.0,-128.02,-3.6,-43.2,True,Castle Center,0,3,13,0,6,
Freifort MM3,45369,Mill Variant,Mill,-28.64,-3.6,-23.04,0.0,-28.64,-3.6,-23.04,True,Castle Center,0,3,13,0,6,
Freifort MM3,45370,Mill Variant (12),Mill,-58.82,-16.2,-95.84,0.0,-58.82,-16.2,-95.84,True,Castle Center,0,3,13,0,6,
Freifort MM3,45372,Mill Variant (9),Mill,-13.97,-16.2,-101.6,0.0,-13.97,-16.2,-101.6,True,Castle Center,0,3,13,0,6,
Freifort MM3,45373,Mill Variant (10),Mill,-83.278,-16.2,-125.189,0.0,-83.278,-16.2,-125.189,True,Castle Center,0,3,13,0,6,
Freifort MM3,45376,Mill Variant (7),Mill,-142.8,9.1,76.6,0.0,-142.8,9.1,76.6,True,Castle Center,0,3,13,0,6,
Freifort MM3,45377,Mill Variant (8),Mill,-60.77,8.7,13.11,0.0,-60.77,8.7,13.11,True,Castle Center,0,3,13,0,6,
Freifort MM3,45378,Mill Variant (6),Mill,-39.52,9.1,96.5,0.0,-39.52,9.1,96.5,True,Castle Center,0,3,13,0,6,
Freifort MM3,45380,Mill Variant (4),Mill,-62.278,-3.6,-36.689,0.0,-62.278,-3.6,-36.689,True,Castle Center,0,3,13,0,6,
Freifort MM3,45381,Mill Variant (5),Mill,-60.3,8.7,40.2,0.0,-60.3,8.7,40.2,True,Castle Center,0,3,13,0,6,
Freifort MM3,45382,Mill Variant (11),Mill,-122.5,-16.2,-94.5,0.0,-122.5,-16.2,-94.5,True,Castle Center,0,3,13,0,6,
Freifort MM3,45383,Mill Variant (2),Mill,-103.72,-3.6,-22.64,0.0,-103.72,-3.6,-22.64,True,Castle Center,0,3,13,0,6,
Moorweg MM1,66923,Summoning Circle (5),Summoning Circle,-34.45,19.19,-79.69,0.0,-34.45,19.19,-79.69,True,Castle Center,0,2,3,0,0,
Moorweg MM1,66927,Summoning Circle (27),Summoning Circle,-10.2,19.19,-17.3,0.0,-10.2,19.19,-17.3,True,Castle Center,0,2,3,0,0,
Moorweg MM1,66929,Summoning Circle (8),Summoning Circle,-17.96,19.19,-75.23,0.0,-17.96,19.19,-75.23,True,Castle Center,0,2,3,0,0,
Moorweg MM1,66930,Summoning Circle (1),Summoning Circle,-160.46,19.19,49.27,0.0,-160.46,19.19,49.27,True,Castle Center,0,2,3,0,0,
Moorweg MM1,66931,Summoning Circle (24),Summoning Circle,-95.3,19.19,-98.1,0.0,-95.3,19.19,-98.1,True,Castle Center,0,2,3,0,0,
Moorweg MM1,66933,Summoning Circle (19),Summoning Circle,-173.1,19.19,-25.8,0.0,-173.1,19.19,-25.8,True,Castle Center,0,2,3,0,0,
Moorweg MM1,66936,Summoning Circle (4),Summoning Circle,-132.3,19.19,-64.6,0.0,-132.3,19.19,-64.6,True,Castle Center,0,2,3,0,0,
Moorweg MM1,66938,Summoning Circle (28),Summoning Circle,-90.2,19.19,19.6,0.0,-90.2,19.19,19.6,True,Castle Center,0,2,3,0,0,
Moorweg MM1,66940,Summoning Circle (25),Summoning Circle,-144.7,19.19,-52.0,0.0,-144.7,19.19,-52.0,True,Castle Center,0,2,3,0,0,
Moorweg MM1,66943,Summoning Circle (17),Summoning Circle,-65.4,19.19,64.4,0.0,-65.4,19.19,64.4,True,Castle Center,0,2,3,0,0,
Moorweg MM1,66948,Summoning Circle (9),Summoning Circle,-18.05,19.19,-65.88,0.0,-18.05,19.19,-65.88,True,Castle Center,0,2,3,0,0,
Moorweg MM1,66950,Summoning Circle (21),Summoning Circle,-76.4,19.19,-89.8,0.0,-76.4,19.19,-89.8,True,Castle Center,0,2,3,0,0,
Moorweg MM1,66951,Summoning Circle (7),Summoning Circle,-27.02,19.19,-63.28,0.0,-27.02,19.19,-63.28,True,Castle Center,0,2,3,0,0,
Moorweg MM1,66952,Summoning Circle (23),Summoning Circle,-117.8,19.19,-6.2,0.0,-117.8,19.19,-6.2,True,Castle Center,0,2,3,0,0,
Moorweg MM1,66954,Summoning Circle (6),Summoning Circle,-33.73,19.19,-69.9,0.0,-33.73,19.19,-69.9,True,Castle Center,0,2,3,0,0,
Moorweg MM1,66957,Summoning Circle (20),Summoning Circle,-162.57,19.19,-22.04,0.0,-162.57,19.19,-22.04,True,Castle Center,0,2,3,0,0,
Moorweg MM1,66959,Summoning Circle (22),Summoning Circle,-52.8,19.19,-94.8,0.0,-52.8,19.19,-94.8,True,Castle Center,0,2,3,0,0,
Moorweg MM1,66960,Summoning Circle (16),Summoning Circle,-27.1,19.19,94.2,0.0,-27.1,19.19,94.2,True,Castle Center,0,2,3,0,0,
Moorweg MM1,66962,Summoning Circle (26),Summoning Circle,11.2,19.19,-54.0,0.0,11.2,19.19,-54.0,True,Castle Center,0,2,3,0,0,
Moorweg MM1,66963,Summoning Circle (14),Summoning Circle,-1.2,19.19,18.3,0.0,-1.2,19.19,18.3,True,Castle Center,0,2,3,0,0,
Moorweg MM1,66965,Summoning Circle (11),Summoning Circle,-8.8,19.19,-31.2,0.0,-8.8,19.19,-31.2,True,Castle Center,0,2,3,0,0,
Moorweg MM1,66969,Summoning Circle (15),Summoning Circle,-22.5,19.19,87.7,0.0,-22.5,19.19,87.7,True,Castle Center,0,2,3,0,0,
Moorweg MM1,66971,Summoning Circle (18),Summoning Circle,-177.18,19.19,-15.64,0.0,-177.18,19.19,-15.64,True,Castle Center,0,2,3,0,0,
Moorweg MM1,66972,Summoning Circle (2),Summoning Circle,-114.9,19.19,81.4,0.0,-114.9,19.19,81.4,True,Castle Center,0,2,3,0,0,
Moorweg MM1,66974,Summoning Circle (10),Summoning Circle,-9.77,19.19,-60.24,0.0,-9.77,19.19,-60.24,True,Castle Center,0,2,3,0,0,
Moorweg MM1,66976,Summoning Circle (12),Summoning Circle,3.8,19.19,-2.1,0.0,3.8,19.19,-2.1,True,Castle Center,0,2,3,0,0,
Moorweg MM1,66977,Summoning Circle (3),Summoning Circle,-107.4,19.19,-82.8,0.0,-107.4,19.19,-82.8,True,Castle Center,0,2,3,0,0,
Moorweg MM1,66978,Summoning Circle (13),Summoning Circle,-4.1,19.19,40.7,0.0,-4.1,19.19,40.7,True,Castle Center,0,2,3,0,0,
Moorweg MM1,68194,Gate Variant (3),Wall,-18.66,19.19,-9.74,-94.9,-18.66,19.19,-9.74,True,Wall,0,3,56,0,0,
Moorweg MM1,68195,Gate Variant,Wall,-81.6,19.19,-62.3,11.2,-81.6,19.19,-62.3,True,Castle Center,0,3,58,0,0,
Moorweg MM1,68198,Gate Variant (1),Wall,-84.72,19.19,-92.37,-82.7,-84.72,19.19,-92.37,True,Castle Center,0,3,58,0,0,
Moorweg MM1,68199,Gate Variant (2),Wall,-19.335,19.19,-0.808,-94.9,-19.335,19.19,-0.808,True,Castle Center,1,3,62,0,0,
Moorweg MM1,69325,Heros Quarter Variant (1),Hero's Quarter,-60.66,19.19,-11.55,33.6,-60.66,19.19,-11.55,True,Castle Center,0,4,86,0,0,yes
Moorweg MM1,69326,Heros Quarter Variant (1),Hero's Quarter,-104.54,19.19,31.34,-32.9,-104.54,19.19,31.34,True,Castle Center,0,4,86,0,0,yes
Moorweg MM1,69327,Swordsmen Hut (2),Barracks,-34.76,19.19,15.45,113.3,-34.76,19.19,15.45,True,Castle Center,2,4,78,0,0,yes
Moorweg MM1,69328,Swordsmen Hut (1),Barracks,-98.72,19.19,-5.14,0.0,-98.72,19.19,-5.14,True,Castle Center,1,4,78,0,0,yes
Moorweg MM1,69331,Archer Hut (1),Archery Range,-35.29,24.853,63.04,-174.7,-35.29,24.853,63.04,True,Castle Center,2,4,78,0,0,yes
Moorweg MM1,69332,Archer Hut (2),Archery Range,-61.21,24.841,-59.7,13.4,-61.21,24.841,-59.7,True,Castle Center,1,4,78,0,0,yes
Moorweg MM1,71727,Castle Center Variant,Castle Center,-77.86,19.19,2.66,0.0,-77.86,19.19,2.66,False,,,4,130,0,20,
Moorweg MM1,77473,Defense Tower Variant (3),Defense Tower,-82.9,19.19,34.1,21.2,-82.9,19.19,34.1,True,Castle Center,1,4,63,0,3,
Moorweg MM1,77475,Defense Tower Variant (4),Defense Tower,-35.83,19.19,-20.05,-56.1,-35.83,19.19,-20.05,True,Castle Center,0,4,63,0,3,
Moorweg MM1,77477,Defense Tower Variant (14),Defense Tower,-84.3,19.19,67.5,34.4,-84.3,19.19,67.5,True,Castle Center,1,4,63,0,3,
Moorweg MM1,77479,Defense Tower Variant (19),Defense Tower,-27.08,19.19,3.38,82.6,-27.08,19.19,3.38,True,Castle Center,1,4,63,0,3,
Moorweg MM1,77481,Defense Tower Variant (21),Defense Tower,-3.7,19.19,-66.7,-37.8,-3.7,19.19,-66.7,True,Castle Center,1,4,63,0,3,
Moorweg MM1,77484,Defense Tower Variant (22),Defense Tower,-25.05,19.19,-76.83,-5.5,-25.05,19.19,-76.83,True,Castle Center,1,4,63,0,3,
Moorweg MM1,77485,Shrine,Shrine,-65.858,19.19,-2.202,0.0,-65.858,19.19,-2.202,True,Castle Center,0,1,3,0,0,
Moorweg MM1,77487,Defense Tower Variant,Defense Tower,-52.91,24.853,-3.55,0.0,-52.91,24.853,-3.55,True,Castle Center,0,4,63,0,3,
Moorweg MM1,77488,Shrine (1),Shrine,-92.49,19.19,1.22,0.0,-92.49,19.19,1.22,True,Castle Center,0,1,3,0,0,
Moorweg MM1,77489,Defense Tower Variant (9),Defense Tower,-114.5,19.19,-26.6,0.9,-114.5,19.19,-26.6,True,Castle Center,1,4,63,0,3,
Moorweg MM1,77491,Defense Tower Variant (17),Defense Tower,-55.4,19.19,51.9,42.3,-55.4,19.19,51.9,True,Castle Center,2,4,63,0,3,
Moorweg MM1,77492,Defense Tower Variant (1),Defense Tower,-87.5,19.19,-7.2,21.2,-87.5,19.19,-7.2,True,Castle Center,0,4,63,0,3,
Moorweg MM1,77496,Shrine (3),Shrine,-57.4,19.19,-23.3,0.0,-57.4,19.19,-23.3,True,Castle Center,0,1,3,0,0,
Moorweg MM1,77497,Defense Tower Variant,Defense Tower,-79.738,24.853,50.769,-25.7,-79.738,24.853,50.769,True,Castle Center,0,4,63,0,3,
Moorweg MM1,77501,Defense Tower Variant (2),Defense Tower,-74.2,19.19,-13.34,22.5,-74.2,19.19,-13.34,True,Castle Center,0,4,63,0,3,
Moorweg MM1,77502,Defense Tower Variant (11),Defense Tower,-73.61,19.19,30.61,34.4,-73.61,19.19,30.61,True,Castle Center,2,4,63,0,3,
Moorweg MM1,77507,Shrine (2),Shrine,-44.28,19.19,27.43,0.0,-44.28,19.19,27.43,True,Castle Center,0,1,3,0,0,
Moorweg MM1,77508,Defense Tower Variant (6),Defense Tower,-104.6,19.19,40.2,0.0,-104.6,19.19,40.2,True,Castle Center,2,4,63,0,3,
Moorweg MM1,77509,Defense Tower Variant (23),Defense Tower,-27.6,19.19,-40.3,-37.8,-27.6,19.19,-40.3,True,Castle Center,1,4,63,0,3,
Moorweg MM1,77512,Defense Tower Variant (15),Defense Tower,-107.6,19.19,92.1,34.4,-107.6,19.19,92.1,True,Castle Center,1,4,63,0,3,
Moorweg MM1,77513,Defense Tower Variant (8),Defense Tower,-70.77,24.841,-67.36,54.5,-70.77,24.841,-67.36,True,Castle Center,0,4,63,0,3,
Moorweg MM1,77514,Defense Tower Variant (5),Defense Tower,-96.1,19.19,8.6,21.2,-96.1,19.19,8.6,True,Castle Center,0,4,63,0,3,
Moorweg MM1,77517,Defense Tower Variant (10),Defense Tower,-66.13,19.19,23.46,42.3,-66.13,19.19,23.46,True,Castle Center,1,4,63,0,3,
Moorweg MM1,77520,Defense Tower Variant (12),Defense Tower,-48.0,19.19,-42.0,-56.1,-48.0,19.19,-42.0,True,Castle Center,1,4,63,0,3,
Moorweg MM1,77521,Defense Tower Variant (18),Defense Tower,-26.19,19.19,21.6,82.6,-26.19,19.19,21.6,True,Castle Center,1,4,63,0,3,
Moorweg MM1,77522,Shrine (5),Shrine,-9.44,19.19,-23.87,0.0,-9.44,19.19,-23.87,True,Castle Center,0,1,3,0,0,
Moorweg MM1,77525,Defense Tower Variant (13),Defense Tower,-93.44,19.19,-21.02,92.5,-93.44,19.19,-21.02,True,Castle Center,1,4,63,0,3,
Moorweg MM1,77526,Defense Tower Variant (7),Defense Tower,-59.5,24.841,-72.5,-5.2,-59.5,24.841,-72.5,True,Castle Center,2,4,63,0,3,
Moorweg MM1,77528,Defense Tower Variant (20),Defense Tower,-80.31,19.19,-30.21,36.3,-80.31,19.19,-30.21,True,Castle Center,1,4,63,0,3,
Moorweg MM1,77531,Defense Tower Variant (24),Defense Tower,-77.5,19.19,15.2,21.2,-77.5,19.19,15.2,True,Castle Center,0,4,63,0,3,
Moorweg MM1,77534,Shrine (4),Shrine,-37.2,19.19,-63.02,0.0,-37.2,19.19,-63.02,True,Castle Center,0,1,3,0,0,
Moorweg MM1,77536,Defense Tower Variant,Defense Tower,-127.9,19.19,30.6,0.0,-127.9,19.19,30.6,True,Castle Center,0,4,63,0,3,
Moorweg MM1,77538,Defense Tower Variant (16),Defense Tower,-62.0,19.19,73.7,34.4,-62.0,19.19,73.7,True,Castle Center,1,4,63,0,3,
Moorweg MM1,77545,Temple,Temple,-145.18,19.19,45.87,32.7,-145.18,19.19,45.87,True,Castle Center,0,3,33,0,0,
Moorweg MM1,77547,Royal Forge,Royal Forge,-137.7,19.19,54.7,-144.0,-137.7,19.19,54.7,True,Castle Center,0,3,25,0,0,
Moorweg MM1,77548,Blacksmith,Blacksmith,-98.7,19.19,79.7,43.6,-98.7,19.19,79.7,True,Castle Center,0,3,29,0,0,
Moorweg MM1,79435,Gate Wide Variant,Wall,-49.24,19.19,79.18,-150.8,-49.24,19.19,79.18,True,Castle Center,1,3,58,0,0,
Moorweg MM1,79437,Gate Wide Variant (2),Wall,-18.53,19.19,31.1,-107.2,-18.53,19.19,31.1,True,Castle Center,1,3,58,0,0,
Moorweg MM1,79440,Gate Wide Variant (1),Wall,-39.2,19.19,-9.4,-157.2,-39.2,19.19,-9.4,True,Castle Center,0,3,58,0,0,
Moorweg MM2,65889,Field Variant (2),Field,-30.79,19.19,-75.3,0.0,-30.79,19.19,-75.3,True,Mill,0,1,1,0,1,
Moorweg MM2,65890,Field Variant (9),Field,-19.469,19.19,-63.148,55.2,-19.469,19.19,-63.148,True,Mill,1,1,1,0,1,
Moorweg MM2,65891,Field Variant (8),Field,-15.217,19.19,-59.997,55.2,-15.217,19.19,-59.997,True,Mill,0,1,1,0,1,
Moorweg MM2,65892,Field Variant (5),Field,-8.424,19.19,-61.936,55.2,-8.424,19.19,-61.936,True,Mill,1,1,1,0,1,
Moorweg MM2,65893,Field Variant (3),Field,-36.57,19.19,-69.91,0.0,-36.57,19.19,-69.91,True,Mill,0,1,1,0,1,
Moorweg MM2,65894,Field Variant (10),Field,-16.45,19.19,-67.49,55.2,-16.45,19.19,-67.49,True,Mill,0,1,1,0,1,
Moorweg MM2,65895,Field Variant (7),Field,-9.51,19.19,-68.976,55.2,-9.51,19.19,-68.976,True,Mill,1,1,1,0,1,
Moorweg MM2,65898,Field Variant (4),Field,-36.41,19.19,-75.2,0.0,-36.41,19.19,-75.2,True,Mill,1,1,1,0,1,
Moorweg MM2,65899,Field Variant,Field,-31.1,19.19,-65.44,0.0,-31.1,19.19,-65.44,True,Mill,1,1,1,0,1,
Moorweg MM2,65905,Field Variant (1),Field,-25.94,19.19,-70.35,0.0,-25.94,19.19,-70.35,True,Mill,1,1,1,0,1,
Moorweg MM2,67091,Gate Variant (3),Wall,-18.66,19.19,-9.74,-94.9,-18.66,19.19,-9.74,True,Wall,0,3,56,0,0,
Moorweg MM2,67092,Gate Variant,Wall,-81.6,19.19,-62.3,11.2,-81.6,19.19,-62.3,True,Castle Center,0,3,58,0,0,
Moorweg MM2,67095,Gate Variant (1),Wall,-84.72,19.19,-92.37,-82.7,-84.72,19.19,-92.37,True,Castle Center,0,3,58,0,0,
Moorweg MM2,67096,Gate Variant (2),Wall,-19.335,19.19,-0.808,-94.9,-19.335,19.19,-0.808,True,Castle Center,1,3,62,0,0,
Moorweg MM2,68167,Heros Quarter Variant (1),Hero's Quarter,-60.66,19.19,-11.55,33.6,-60.66,19.19,-11.55,True,Castle Center,0,4,86,0,0,yes
Moorweg MM2,68168,Heros Quarter Variant (1),Hero's Quarter,-104.54,19.19,31.34,-32.9,-104.54,19.19,31.34,True,Castle Center,0,4,86,0,0,yes
Moorweg MM2,68169,Swordsmen Hut (2),Barracks,-34.76,19.19,15.45,113.3,-34.76,19.19,15.45,True,Castle Center,2,4,78,0,0,yes
Moorweg MM2,68170,Swordsmen Hut (1),Barracks,-98.72,19.19,-5.14,0.0,-98.72,19.19,-5.14,True,Castle Center,1,4,78,0,0,yes
Moorweg MM2,68173,Archer Hut (1),Archery Range,-35.29,24.853,63.04,-174.7,-35.29,24.853,63.04,True,Castle Center,2,4,78,0,0,yes
Moorweg MM2,68174,Archer Hut (2),Archery Range,-61.21,24.841,-59.7,13.4,-61.21,24.841,-59.7,True,Castle Center,1,4,78,0,0,yes
Moorweg MM2,70498,Castle Center Variant,Castle Center,-77.86,19.19,2.66,0.0,-77.86,19.19,2.66,False,,,4,130,0,20,
Moorweg MM2,76074,Defense Tower Variant (3),Defense Tower,-82.9,19.19,34.1,21.2,-82.9,19.19,34.1,True,Castle Center,1,4,63,0,3,
Moorweg MM2,76075,Defense Tower Variant (4),Defense Tower,-35.83,19.19,-20.05,-56.1,-35.83,19.19,-20.05,True,Castle Center,0,4,63,0,3,
Moorweg MM2,76077,Defense Tower Variant (14),Defense Tower,-84.3,19.19,67.5,34.4,-84.3,19.19,67.5,True,Castle Center,1,4,63,0,3,
Moorweg MM2,76079,Defense Tower Variant (19),Defense Tower,-27.08,19.19,3.38,82.6,-27.08,19.19,3.38,True,Castle Center,1,4,63,0,3,
Moorweg MM2,76081,Defense Tower Variant (21),Defense Tower,-3.7,19.19,-66.7,-37.8,-3.7,19.19,-66.7,True,Castle Center,1,4,63,0,3,
Moorweg MM2,76084,Defense Tower Variant (22),Defense Tower,-25.05,19.19,-76.83,-5.5,-25.05,19.19,-76.83,True,Castle Center,1,4,63,0,3,
Moorweg MM2,76085,Shrine,Shrine,-65.858,19.19,-2.202,0.0,-65.858,19.19,-2.202,True,Castle Center,0,1,3,0,0,
Moorweg MM2,76087,Defense Tower Variant,Defense Tower,-52.91,24.853,-3.55,0.0,-52.91,24.853,-3.55,True,Castle Center,0,4,63,0,3,
Moorweg MM2,76088,Shrine (1),Shrine,-92.49,19.19,1.22,0.0,-92.49,19.19,1.22,True,Castle Center,0,1,3,0,0,
Moorweg MM2,76089,Defense Tower Variant (9),Defense Tower,-114.5,19.19,-26.6,0.9,-114.5,19.19,-26.6,True,Castle Center,1,4,63,0,3,
Moorweg MM2,76091,Defense Tower Variant (17),Defense Tower,-55.4,19.19,51.9,42.3,-55.4,19.19,51.9,True,Castle Center,2,4,63,0,3,
Moorweg MM2,76092,Defense Tower Variant (1),Defense Tower,-87.5,19.19,-7.2,21.2,-87.5,19.19,-7.2,True,Castle Center,0,4,63,0,3,
Moorweg MM2,76096,Shrine (3),Shrine,-57.4,19.19,-23.3,0.0,-57.4,19.19,-23.3,True,Castle Center,0,1,3,0,0,
Moorweg MM2,76097,Defense Tower Variant,Defense Tower,-79.738,24.853,50.769,-25.7,-79.738,24.853,50.769,True,Castle Center,0,4,63,0,3,
Moorweg MM2,76102,Defense Tower Variant (2),Defense Tower,-74.2,19.19,-13.34,22.5,-74.2,19.19,-13.34,True,Castle Center,0,4,63,0,3,
Moorweg MM2,76103,Defense Tower Variant (11),Defense Tower,-73.61,19.19,30.61,34.4,-73.61,19.19,30.61,True,Castle Center,2,4,63,0,3,
Moorweg MM2,76108,Defense Tower Variant (24),Defense Tower,-169.6,19.19,-24.0,21.2,-169.6,19.19,-24.0,True,Castle Center,0,4,63,0,3,
Moorweg MM2,76109,Shrine (2),Shrine,-44.28,19.19,27.43,0.0,-44.28,19.19,27.43,True,Castle Center,0,1,3,0,0,
Moorweg MM2,76110,Defense Tower Variant (6),Defense Tower,-104.6,19.19,40.2,0.0,-104.6,19.19,40.2,True,Castle Center,2,4,63,0,3,
Moorweg MM2,76111,Defense Tower Variant (23),Defense Tower,-27.6,19.19,-40.3,-37.8,-27.6,19.19,-40.3,True,Castle Center,1,4,63,0,3,
Moorweg MM2,76114,Defense Tower Variant (15),Defense Tower,-107.6,19.19,92.1,34.4,-107.6,19.19,92.1,True,Castle Center,1,4,63,0,3,
Moorweg MM2,76115,Defense Tower Variant (8),Defense Tower,-70.77,24.841,-67.36,54.5,-70.77,24.841,-67.36,True,Castle Center,0,4,63,0,3,
Moorweg MM2,76116,Defense Tower Variant (5),Defense Tower,-96.1,19.19,8.6,21.2,-96.1,19.19,8.6,True,Castle Center,0,4,63,0,3,
Moorweg MM2,76119,Defense Tower Variant (10),Defense Tower,-66.13,19.19,23.46,42.3,-66.13,19.19,23.46,True,Castle Center,1,4,63,0,3,
Moorweg MM2,76122,Defense Tower Variant (12),Defense Tower,-48.0,19.19,-42.0,-56.1,-48.0,19.19,-42.0,True,Castle Center,1,4,63,0,3,
Moorweg MM2,76123,Defense Tower Variant (18),Defense Tower,-26.19,19.19,21.6,82.6,-26.19,19.19,21.6,True,Castle Center,1,4,63,0,3,
Moorweg MM2,76124,Shrine (5),Shrine,-9.44,19.19,-23.87,0.0,-9.44,19.19,-23.87,True,Castle Center,0,1,3,0,0,
Moorweg MM2,76127,Defense Tower Variant (13),Defense Tower,-93.44,19.19,-21.02,92.5,-93.44,19.19,-21.02,True,Castle Center,1,4,63,0,3,
Moorweg MM2,76128,Defense Tower Variant (7),Defense Tower,-59.5,24.841,-72.5,-5.2,-59.5,24.841,-72.5,True,Castle Center,2,4,63,0,3,
Moorweg MM2,76130,Defense Tower Variant (20),Defense Tower,-80.31,19.19,-30.21,36.3,-80.31,19.19,-30.21,True,Castle Center,1,4,63,0,3,
Moorweg MM2,76135,Shrine (4),Shrine,-37.2,19.19,-63.02,0.0,-37.2,19.19,-63.02,True,Castle Center,0,1,3,0,0,
Moorweg MM2,76137,Defense Tower Variant,Defense Tower,-127.9,19.19,30.6,0.0,-127.9,19.19,30.6,True,Castle Center,0,4,63,0,3,
Moorweg MM2,76139,Defense Tower Variant (16),Defense Tower,-62.0,19.19,73.7,34.4,-62.0,19.19,73.7,True,Castle Center,1,4,63,0,3,
Moorweg MM2,76144,House Variant (4),House,-92.44,19.19,22.14,-31.0,-92.44,19.19,22.14,True,House,0,3,24,0,4,
Moorweg MM2,76147,Mine Shaft,Gold Mine,-8.4,19.19,48.3,68.6,-8.4,19.19,48.3,True,Castle Center,0,1,5,0,6,
Moorweg MM2,76150,House Variant (7),House,-83.03,19.19,20.25,-14.5,-83.03,19.19,20.25,True,House,0,3,24,0,4,
Moorweg MM2,76153,House Variant (6),House,-97.49,19.19,16.4,-44.6,-97.49,19.19,16.4,True,House,0,3,24,0,4,
Moorweg MM2,76154,House Variant,House,-85.684,19.19,11.334,-31.0,-85.684,19.19,11.334,True,Castle Center,0,3,24,0,4,
Moorweg MM2,76155,House Variant (10),House,-160.63,19.19,-18.63,57.2,-160.63,19.19,-18.63,True,House,0,3,24,0,4,
Moorweg MM2,76156,House Variant (9),House,-113.52,19.19,41.65,-153.4,-113.52,19.19,41.65,True,Castle Center,0,3,24,0,4,
Moorweg MM2,76160,Mine Shaft,Gold Mine,-129.181,19.19,44.511,20.8,-129.181,19.19,44.511,True,Castle Center,1,1,5,0,6,
Moorweg MM2,76161,House Variant (1),House,-77.54,19.19,14.47,-0.0,-77.54,19.19,14.47,True,House,0,3,24,0,4,
Moorweg MM2,76165,House Variant (12),House,-178.78,19.19,-25.14,-95.4,-178.78,19.19,-25.14,True,House,0,3,24,0,4,
Moorweg MM2,76166,House Variant (5),House,-106.4,19.19,64.5,-73.4,-106.4,19.19,64.5,True,Castle Center,1,3,24,0,4,
Moorweg MM2,76168,House Variant (11),House,-160.55,19.19,-28.18,-72.8,-160.55,19.19,-28.18,True,Castle Center,0,3,24,0,4,
Moorweg MM2,76169,House Variant (3),House,-89.202,19.19,16.667,-31.0,-89.202,19.19,16.667,True,House,0,3,24,0,4,
Moorweg MM2,76171,House Variant (8),House,-118.19,19.19,44.15,-142.5,-118.19,19.19,44.15,True,House,0,3,24,0,4,
Moorweg MM2,76172,Mine Shaft (1),Gold Mine,-151.2,19.19,-17.8,20.8,-151.2,19.19,-17.8,True,Castle Center,2,1,5,0,6,
Moorweg MM2,77191,Mill Variant,Mill,-31.6,19.19,-70.3,0.0,-31.6,19.19,-70.3,True,Castle Center,0,3,13,0,6,
Moorweg MM2,77193,Mill Variant (1),Mill,-12.7,19.19,-64.3,55.2,-12.7,19.19,-64.3,True,Castle Center,0,3,13,0,6,
Moorweg MM2,78092,Gate Wide Variant,Wall,-49.24,19.19,79.18,-150.8,-49.24,19.19,79.18,True,Castle Center,1,3,58,0,0,
Moorweg MM2,78094,Gate Wide Variant (2),Wall,-18.53,19.19,31.1,-107.2,-18.53,19.19,31.1,True,Castle Center,1,3,58,0,0,
Moorweg MM2,78097,Gate Wide Variant (1),Wall,-39.2,19.19,-9.4,-157.2,-39.2,19.19,-9.4,True,Castle Center,0,3,58,0,0,
Moorweg MM3,67215,Summoning Circle (1),Summoning Circle,-160.46,19.19,49.27,0.0,-160.46,19.19,49.27,True,Castle Center,0,2,3,0,0,
Moorweg MM3,67217,Field Variant (2),Field,-30.79,19.19,-75.3,0.0,-30.79,19.19,-75.3,True,Mill,0,1,1,0,1,
Moorweg MM3,67218,Field Variant (9),Field,-19.469,19.19,-63.148,55.2,-19.469,19.19,-63.148,True,Mill,1,1,1,0,1,
Moorweg MM3,67219,Field Variant (8),Field,-15.217,19.19,-59.997,55.2,-15.217,19.19,-59.997,True,Mill,0,1,1,0,1,
Moorweg MM3,67221,Summoning Circle (4),Summoning Circle,-137.7,19.19,-57.1,0.0,-137.7,19.19,-57.1,True,Castle Center,0,2,3,0,0,
Moorweg MM3,67222,Field Variant (5),Field,-8.424,19.19,-61.936,55.2,-8.424,19.19,-61.936,True,Mill,1,1,1,0,1,
Moorweg MM3,67223,Field Variant (3),Field,-36.57,19.19,-69.91,0.0,-36.57,19.19,-69.91,True,Mill,0,1,1,0,1,
Moorweg MM3,67224,Field Variant (10),Field,-16.45,19.19,-67.49,55.2,-16.45,19.19,-67.49,True,Mill,0,1,1,0,1,
Moorweg MM3,67225,Field Variant (7),Field,-9.51,19.19,-68.976,55.2,-9.51,19.19,-68.976,True,Mill,1,1,1,0,1,
Moorweg MM3,67228,Field Variant (4),Field,-36.41,19.19,-75.2,0.0,-36.41,19.19,-75.2,True,Mill,1,1,1,0,1,
Moorweg MM3,67230,Field Variant,Field,-31.1,19.19,-65.44,0.0,-31.1,19.19,-65.44,True,Mill,1,1,1,0,1,
Moorweg MM3,67233,Summoning Circle (2),Summoning Circle,-114.9,19.19,81.4,0.0,-114.9,19.19,81.4,True,Castle Center,0,2,3,0,0,
Moorweg MM3,67238,Summoning Circle (3),Summoning Circle,-107.4,19.19,-82.8,0.0,-107.4,19.19,-82.8,True,Castle Center,0,2,3,0,0,
Moorweg MM3,67239,Field Variant (1),Field,-25.94,19.19,-70.35,0.0,-25.94,19.19,-70.35,True,Mill,1,1,1,0,1,
Moorweg MM3,68464,Gate Variant (3),Wall,-18.66,19.19,-9.74,-94.9,-18.66,19.19,-9.74,True,Wall,0,3,56,0,0,
Moorweg MM3,68465,Gate Variant,Wall,-81.6,19.19,-62.3,11.2,-81.6,19.19,-62.3,True,Castle Center,0,3,58,0,0,
Moorweg MM3,68468,Gate Variant (1),Wall,-84.72,19.19,-92.37,-82.7,-84.72,19.19,-92.37,True,Castle Center,0,3,58,0,0,
Moorweg MM3,68469,Gate Variant (2),Wall,-19.335,19.19,-0.808,-94.9,-19.335,19.19,-0.808,True,Castle Center,1,3,62,0,0,
Moorweg MM3,69573,Heros Quarter Variant (1),Hero's Quarter,-60.66,19.19,-11.55,33.6,-60.66,19.19,-11.55,True,Castle Center,0,4,86,0,0,yes
Moorweg MM3,69574,Heros Quarter Variant (1),Hero's Quarter,-104.54,19.19,31.34,-32.9,-104.54,19.19,31.34,True,Castle Center,0,4,86,0,0,yes
Moorweg MM3,69575,Swordsmen Hut (2),Barracks,-34.76,19.19,15.45,113.3,-34.76,19.19,15.45,True,Castle Center,2,4,78,0,0,yes
Moorweg MM3,69576,Swordsmen Hut (1),Barracks,-98.72,19.19,-5.14,0.0,-98.72,19.19,-5.14,True,Castle Center,1,4,78,0,0,yes
Moorweg MM3,69579,Archer Hut (1),Archery Range,-35.29,24.853,63.04,-174.7,-35.29,24.853,63.04,True,Castle Center,2,4,78,0,0,yes
Moorweg MM3,69580,Archer Hut (2),Archery Range,-61.21,24.841,-59.7,13.4,-61.21,24.841,-59.7,True,Castle Center,1,4,78,0,0,yes
Moorweg MM3,71971,Castle Center Variant,Castle Center,-77.86,19.19,2.66,0.0,-77.86,19.19,2.66,False,,,4,130,0,20,
Moorweg MM3,77701,Defense Tower Variant (3),Defense Tower,-82.9,19.19,34.1,21.2,-82.9,19.19,34.1,True,Castle Center,1,4,63,0,3,
Moorweg MM3,77702,Defense Tower Variant (4),Defense Tower,-35.83,19.19,-20.05,-56.1,-35.83,19.19,-20.05,True,Castle Center,0,4,63,0,3,
Moorweg MM3,77704,Defense Tower Variant (14),Defense Tower,-84.3,19.19,67.5,34.4,-84.3,19.19,67.5,True,Castle Center,1,4,63,0,3,
Moorweg MM3,77706,Defense Tower Variant (19),Defense Tower,-27.08,19.19,3.38,82.6,-27.08,19.19,3.38,True,Castle Center,1,4,63,0,3,
Moorweg MM3,77708,Defense Tower Variant (21),Defense Tower,-3.7,19.19,-66.7,-37.8,-3.7,19.19,-66.7,True,Castle Center,1,4,63,0,3,
Moorweg MM3,77711,Defense Tower Variant (22),Defense Tower,-25.05,19.19,-76.83,-5.5,-25.05,19.19,-76.83,True,Castle Center,1,4,63,0,3,
Moorweg MM3,77712,Shrine,Shrine,-65.858,19.19,-2.202,0.0,-65.858,19.19,-2.202,True,Castle Center,0,1,3,0,0,
Moorweg MM3,77714,Defense Tower Variant,Defense Tower,-52.91,24.853,-3.55,0.0,-52.91,24.853,-3.55,True,Castle Center,0,4,63,0,3,
Moorweg MM3,77715,Shrine (1),Shrine,-92.49,19.19,1.22,0.0,-92.49,19.19,1.22,True,Castle Center,0,1,3,0,0,
Moorweg MM3,77716,Defense Tower Variant (9),Defense Tower,-114.5,19.19,-26.6,0.9,-114.5,19.19,-26.6,True,Castle Center,1,4,63,0,3,
Moorweg MM3,77718,Defense Tower Variant (17),Defense Tower,-55.4,19.19,51.9,42.3,-55.4,19.19,51.9,True,Castle Center,2,4,63,0,3,
Moorweg MM3,77719,Defense Tower Variant (1),Defense Tower,-87.5,19.19,-7.2,21.2,-87.5,19.19,-7.2,True,Castle Center,0,4,63,0,3,
Moorweg MM3,77723,Shrine (3),Shrine,-57.4,19.19,-23.3,0.0,-57.4,19.19,-23.3,True,Castle Center,0,1,3,0,0,
Moorweg MM3,77724,Defense Tower Variant,Defense Tower,-79.738,24.853,50.769,-25.7,-79.738,24.853,50.769,True,Castle Center,0,4,63,0,3,
Moorweg MM3,77729,Defense Tower Variant (2),Defense Tower,-74.2,19.19,-13.34,22.5,-74.2,19.19,-13.34,True,Castle Center,0,4,63,0,3,
Moorweg MM3,77730,Defense Tower Variant (11),Defense Tower,-73.61,19.19,30.61,34.4,-73.61,19.19,30.61,True,Castle Center,2,4,63,0,3,
Moorweg MM3,77735,Defense Tower Variant (24),Defense Tower,-169.6,19.19,-24.0,21.2,-169.6,19.19,-24.0,True,Castle Center,0,4,63,0,3,
Moorweg MM3,77736,Shrine (2),Shrine,-44.28,19.19,27.43,0.0,-44.28,19.19,27.43,True,Castle Center,0,1,3,0,0,
Moorweg MM3,77737,Defense Tower Variant (6),Defense Tower,-104.6,19.19,40.2,0.0,-104.6,19.19,40.2,True,Castle Center,2,4,63,0,3,
Moorweg MM3,77738,Defense Tower Variant (23),Defense Tower,-27.6,19.19,-40.3,-37.8,-27.6,19.19,-40.3,True,Castle Center,1,4,63,0,3,
Moorweg MM3,77741,Defense Tower Variant (15),Defense Tower,-107.6,19.19,92.1,34.4,-107.6,19.19,92.1,True,Castle Center,1,4,63,0,3,
Moorweg MM3,77742,Defense Tower Variant (8),Defense Tower,-70.77,24.841,-67.36,54.5,-70.77,24.841,-67.36,True,Castle Center,0,4,63,0,3,
Moorweg MM3,77743,Defense Tower Variant (5),Defense Tower,-96.1,19.19,8.6,21.2,-96.1,19.19,8.6,True,Castle Center,0,4,63,0,3,
Moorweg MM3,77746,Defense Tower Variant (10),Defense Tower,-66.13,19.19,23.46,42.3,-66.13,19.19,23.46,True,Castle Center,1,4,63,0,3,
Moorweg MM3,77749,Defense Tower Variant (12),Defense Tower,-48.0,19.19,-42.0,-56.1,-48.0,19.19,-42.0,True,Castle Center,1,4,63,0,3,
Moorweg MM3,77750,Defense Tower Variant (18),Defense Tower,-26.19,19.19,21.6,82.6,-26.19,19.19,21.6,True,Castle Center,1,4,63,0,3,
Moorweg MM3,77751,Shrine (5),Shrine,-9.44,19.19,-23.87,0.0,-9.44,19.19,-23.87,True,Castle Center,0,1,3,0,0,
Moorweg MM3,77754,Defense Tower Variant (13),Defense Tower,-93.44,19.19,-21.02,92.5,-93.44,19.19,-21.02,True,Castle Center,1,4,63,0,3,
Moorweg MM3,77755,Defense Tower Variant (7),Defense Tower,-59.5,24.841,-72.5,-5.2,-59.5,24.841,-72.5,True,Castle Center,2,4,63,0,3,
Moorweg MM3,77757,Defense Tower Variant (20),Defense Tower,-80.31,19.19,-30.21,36.3,-80.31,19.19,-30.21,True,Castle Center,1,4,63,0,3,
Moorweg MM3,77762,Shrine (4),Shrine,-37.2,19.19,-63.02,0.0,-37.2,19.19,-63.02,True,Castle Center,0,1,3,0,0,
Moorweg MM3,77764,Defense Tower Variant,Defense Tower,-127.9,19.19,30.6,0.0,-127.9,19.19,30.6,True,Castle Center,0,4,63,0,3,
Moorweg MM3,77766,Defense Tower Variant (16),Defense Tower,-62.0,19.19,73.7,34.4,-62.0,19.19,73.7,True,Castle Center,1,4,63,0,3,
Moorweg MM3,77771,House Variant (4),House,-92.44,19.19,22.14,-31.0,-92.44,19.19,22.14,True,House,0,3,24,0,4,
Moorweg MM3,77775,Mine Shaft,Gold Mine,-8.4,19.19,48.3,68.6,-8.4,19.19,48.3,True,Castle Center,0,1,5,0,6,
Moorweg MM3,77776,Fishing Harbour,Harbour,-113.5,19.19,21.4,44.5,-113.5,19.19,21.4,True,Castle Center,1,2,10,0,0,
Moorweg MM3,77779,House Variant (7),House,-83.03,19.19,20.25,-14.5,-83.03,19.19,20.25,True,House,0,3,24,0,4,
Moorweg MM3,77782,House Variant (6),House,-97.49,19.19,16.4,-44.6,-97.49,19.19,16.4,True,House,0,3,24,0,4,
Moorweg MM3,77783,House Variant,House,-85.684,19.19,11.334,-31.0,-85.684,19.19,11.334,True,Castle Center,0,3,24,0,4,
Moorweg MM3,77785,House Variant (10),House,-160.63,19.19,-18.63,57.2,-160.63,19.19,-18.63,True,House,0,3,24,0,4,
Moorweg MM3,77786,House Variant (9),House,-113.52,19.19,41.65,-153.4,-113.52,19.19,41.65,True,Castle Center,0,3,24,0,4,
Moorweg MM3,77787,Temple,Temple,-145.18,19.19,45.87,32.7,-145.18,19.19,45.87,True,Castle Center,0,3,33,0,0,
Moorweg MM3,77792,Mine Shaft,Gold Mine,-129.181,19.19,44.511,20.8,-129.181,19.19,44.511,True,Castle Center,1,1,5,0,6,
Moorweg MM3,77793,House Variant (1),House,-77.54,19.19,14.47,-0.0,-77.54,19.19,14.47,True,House,0,3,24,0,4,
Moorweg MM3,77796,Royal Forge,Royal Forge,-137.7,19.19,54.7,-144.0,-137.7,19.19,54.7,True,Castle Center,0,3,25,0,0,
Moorweg MM3,77798,House Variant (12),House,-178.78,19.19,-25.14,-95.4,-178.78,19.19,-25.14,True,House,0,3,24,0,4,
Moorweg MM3,77799,House Variant (5),House,-106.4,19.19,64.5,-73.4,-106.4,19.19,64.5,True,Castle Center,1,3,24,0,4,
Moorweg MM3,77801,House Variant (11),House,-160.55,19.19,-28.18,-72.8,-160.55,19.19,-28.18,True,Castle Center,0,3,24,0,4,
Moorweg MM3,77802,House Variant (3),House,-89.202,19.19,16.667,-31.0,-89.202,19.19,16.667,True,House,0,3,24,0,4,
Moorweg MM3,77804,House Variant (8),House,-118.19,19.19,44.15,-142.5,-118.19,19.19,44.15,True,House,0,3,24,0,4,
Moorweg MM3,77805,Mine Shaft (1),Gold Mine,-151.2,19.19,-17.8,20.8,-151.2,19.19,-17.8,True,Castle Center,2,1,5,0,6,
Moorweg MM3,77806,Blacksmith,Blacksmith,-98.7,19.19,79.7,43.6,-98.7,19.19,79.7,True,Castle Center,0,3,29,0,0,
Moorweg MM3,78850,Mill Variant,Mill,-31.6,19.19,-70.3,0.0,-31.6,19.19,-70.3,True,Castle Center,0,3,13,0,6,
Moorweg MM3,78852,Mill Variant (1),Mill,-12.7,19.19,-64.3,55.2,-12.7,19.19,-64.3,True,Castle Center,0,3,13,0,6,
Moorweg MM3,79763,Gate Wide Variant,Wall,-49.24,19.19,79.18,-150.8,-49.24,19.19,79.18,True,Castle Center,1,3,58,0,0,
Moorweg MM3,79765,Gate Wide Variant (2),Wall,-18.53,19.19,31.1,-107.2,-18.53,19.19,31.1,True,Castle Center,1,3,58,0,0,
Moorweg MM3,79768,Gate Wide Variant (1),Wall,-39.2,19.19,-9.4,-157.2,-39.2,19.19,-9.4,True,Castle Center,0,3,58,0,0,
Totend MM1,50531,Barricades (1),Barricades,-32.64,19.22,27.51,90.0,-32.64,19.22,27.51,True,Castle Center,2,1,4,0,0,
Totend MM1,50533,Barricades,Barricades,-33.24,19.18,-5.34,90.0,-33.24,19.18,-5.34,True,Castle Center,2,1,4,0,0,
Totend MM1,51623,Field Variant (11),Field,-52.08,11.41,143.34,0.0,-52.08,11.41,143.34,True,Mill,0,1,1,0,1,
Totend MM1,51624,Field Variant (6),Field,-57.845,18.81,-94.715,0.0,-57.845,18.81,-94.715,True,Mill,1,1,1,0,1,
Totend MM1,51626,Field Variant (5),Field,-47.895,18.81,-99.955,0.0,-47.895,18.81,-99.955,True,Mill,0,1,1,0,1,
Totend MM1,51631,Field Variant (3),Field,-30.8,18.81,-93.387,0.0,-30.8,18.81,-93.387,True,Mill,1,1,1,0,1,
Totend MM1,51635,Field Variant (13),Field,-47.012,11.41,132.727,0.0,-47.012,11.41,132.727,True,Mill,1,1,1,0,1,
Totend MM1,51638,Field Variant (10),Field,-47.14,11.41,138.05,0.0,-47.14,11.41,138.05,True,Mill,0,1,1,0,1,
Totend MM1,51639,Field Variant (14),Field,-57.29,11.41,138.05,0.0,-57.29,11.41,138.05,True,Mill,1,1,1,0,1,
Totend MM1,51640,Field Variant (8),Field,-52.657,18.81,-105.128,0.0,-52.657,18.81,-105.128,True,Mill,0,1,1,0,1,
Totend MM1,51642,Field Variant,Field,-25.612,18.81,-103.8,0.0,-25.612,18.81,-103.8,True,Mill,1,1,1,0,1,
Totend MM1,51643,Field Variant (7),Field,-52.835,18.81,-94.665,0.0,-52.835,18.81,-94.665,True,Mill,1,1,1,0,1,
Totend MM1,51645,Field Variant (4),Field,-31.0,18.81,-98.627,0.0,-31.0,18.81,-98.627,True,Mill,0,1,1,0,1,
Totend MM1,51646,Field Variant (2),Field,-25.79,18.81,-93.337,0.0,-25.79,18.81,-93.337,True,Mill,1,1,1,0,1,
Totend MM1,51647,Field Variant (1),Field,-20.85,18.81,-98.627,0.0,-20.85,18.81,-98.627,True,Mill,0,1,1,0,1,
Totend MM1,51648,Field Variant (9),Field,-58.045,18.81,-99.955,0.0,-58.045,18.81,-99.955,True,Mill,1,1,1,0,1,
Totend MM1,51651,Field Variant (12),Field,-52.342,11.41,132.827,0.0,-52.342,11.41,132.827,True,Mill,1,1,1,0,1,
Totend MM1,54099,Heros Quarter Variant (3),Hero's Quarter,-67.87,18.85,-7.67,46.8,-67.87,18.85,-7.67,True,Castle Center,2,4,86,0,0,yes
Totend MM1,54101,Archer Hut (2),Archery Range,9.77,27.79,19.23,90.0,9.77,27.79,19.23,True,Castle Center,0,4,78,0,0,yes
Totend MM1,54102,Heros Quarter Variant (1),Hero's Quarter,0.08,27.79,10.62,90.0,0.08,27.79,10.62,True,Castle Center,0,4,86,0,0,yes
Totend MM1,54103,Swordsmen Hut (1),Barracks,-17.8,18.85,4.4,90.0,-17.8,18.85,4.4,True,Castle Center,0,4,78,0,0,yes
Totend MM1,54105,Heros Quarter Variant (2),Hero's Quarter,-68.18,18.85,28.3,48.3,-68.18,18.85,28.3,True,Castle Center,2,4,86,0,0,yes
Totend MM1,54106,Swordsmen Hut (2),Barracks,-17.8,18.85,18.7,90.0,-17.8,18.85,18.7,True,Castle Center,0,4,78,0,0,yes
Totend MM1,54107,Archer Hut (1),Archery Range,10.52,27.79,0.88,90.0,10.52,27.79,0.88,True,Castle Center,0,4,78,0,0,yes
Totend MM1,56646,Castle Center Variant,Castle Center,-48.91,27.85,10.8,0.0,-48.91,27.85,10.8,False,,,4,130,0,20,
Totend MM1,59960,Wall Wide Variant (4),Wall,-40.432,18.85,63.842,180.0,-40.432,18.85,63.842,True,Wall,0,3,66,0,0,
Totend MM1,59961,Wall Wide Variant,Wall,-108.052,18.85,10.763,91.1,-108.052,18.85,10.763,True,Wall,0,3,55,0,0,
Totend MM1,59964,Wall Wide Variant (2),Wall,-40.9,18.85,-50.736,0.0,-40.9,18.85,-50.736,True,Wall,0,3,55,0,0,
Totend MM1,59966,Wall Wide Variant (3),Wall,-40.995,18.85,-42.28,0.0,-40.995,18.85,-42.28,True,Wall,0,3,55,0,0,
Totend MM1,59968,Wall Wide Variant (5),Wall,-40.669,18.85,73.16,180.0,-40.669,18.85,73.16,True,Wall,0,3,55,0,0,
Totend MM1,59969,Wall Wide Variant (1),Wall,-95.529,18.85,10.661,90.3,-95.529,18.85,10.661,True,Wall,0,3,55,0,0,
Totend MM1,62742,Defense Tower Variant (8),Defense Tower,-108.06,27.79,32.39,0.0,-108.06,27.79,32.39,True,Castle Center,0,4,63,0,3,
Totend MM1,62743,Defense Tower Variant (4),Defense Tower,-83.95,18.85,-0.56,0.0,-83.95,18.85,-0.56,True,Castle Center,1,4,63,0,3,
Totend MM1,62751,Shrine,Shrine,-85.38,18.85,11.3,0.0,-85.38,18.85,11.3,True,Castle Center,0,1,3,0,0,
Totend MM1,62752,Defense Tower Variant (3),Defense Tower,-61.1,27.86,10.7,0.0,-61.1,27.86,10.7,True,Castle Center,0,4,63,0,3,
Totend MM1,62753,Defense Tower Variant (13),Defense Tower,-53.81,18.85,-25.64,90.0,-53.81,18.85,-25.64,True,Castle Center,2,4,63,0,3,
Totend MM1,62754,Shrine (1),Shrine,-27.97,18.85,-16.8,0.0,-27.97,18.85,-16.8,True,Castle Center,0,1,3,0,0,
Totend MM1,62757,Defense Tower Variant,Defense Tower,-141.853,18.85,37.796,0.0,-141.853,18.85,37.796,True,Castle Center,0,4,63,0,3,
Totend MM1,62758,Defense Tower Variant (3),Defense Tower,-83.9,18.85,22.6,0.0,-83.9,18.85,22.6,True,Castle Center,1,4,63,0,3,
Totend MM1,62759,Defense Tower Variant (14),Defense Tower,-26.15,18.85,-26.89,90.0,-26.15,18.85,-26.89,True,Castle Center,1,4,63,0,3,
Totend MM1,62770,Defense Tower Variant,Defense Tower,-54.43,11.41,126.37,0.0,-54.43,11.41,126.37,True,Castle Center,0,4,63,0,3,
Totend MM1,62771,Defense Tower Variant (15),Defense Tower,-21.7,27.79,68.61,180.0,-21.7,27.79,68.61,True,Castle Center,0,4,63,0,3,
Totend MM1,62775,Shrine,Shrine,-39.1,18.85,96.92,0.0,-39.1,18.85,96.92,True,Castle Center,0,1,3,0,0,
Totend MM1,62776,Defense Tower Variant (1),Defense Tower,-11.07,27.79,17.59,0.0,-11.07,27.79,17.59,True,Castle Center,2,4,63,0,3,
Totend MM1,62777,Defense Tower Variant (20),Defense Tower,-95.663,18.85,11.509,0.0,-95.663,18.85,11.509,True,Castle Center,0,4,63,0,3,
Totend MM1,62778,Defense Tower Variant (18),Defense Tower,-59.59,27.79,68.9,180.0,-59.59,27.79,68.9,True,Castle Center,0,4,63,0,3,
Totend MM1,62779,Defense Tower Variant,Defense Tower,-37.06,27.86,1.59,0.0,-37.06,27.86,1.59,True,Castle Center,2,4,63,0,3,
Totend MM1,62782,Shrine (2),Shrine,-29.8,18.85,39.44,0.0,-29.8,18.85,39.44,True,Castle Center,0,1,3,0,0,
Totend MM1,62783,Defense Tower Variant (1),Defense Tower,-36.92,27.86,19.79,0.0,-36.92,27.86,19.79,True,Castle Center,2,4,63,0,3,
Totend MM1,62784,Defense Tower Variant (22),Defense Tower,-39.6,18.85,-106.4,0.0,-39.6,18.85,-106.4,True,Castle Center,1,4,63,0,3,
Totend MM1,62785,Defense Tower Variant (12),Defense Tower,-21.56,27.79,-47.95,90.0,-21.56,27.79,-47.95,True,Castle Center,0,4,63,0,3,
Totend MM1,62786,Defense Tower Variant (17),Defense Tower,-55.77,18.85,48.83,-90.0,-55.77,18.85,48.83,True,Castle Center,2,4,63,0,3,
Totend MM1,62789,Defense Tower Variant (16),Defense Tower,-40.39,18.85,63.0,-90.0,-40.39,18.85,63.0,True,Castle Center,1,4,63,0,3,
Totend MM1,62790,Shrine,Shrine,-141.66,11.71,-12.45,29.1,-141.66,11.71,-12.45,True,Castle Center,0,1,3,0,0,
Totend MM1,62794,Defense Tower Variant (11),Defense Tower,-59.59,27.79,-48.31,90.0,-59.59,27.79,-48.31,True,Castle Center,0,4,63,0,3,
Totend MM1,62795,Shrine,Shrine,-40.2,18.81,-99.1,0.0,-40.2,18.81,-99.1,True,Castle Center,0,1,3,0,0,
Totend MM1,62796,Defense Tower Variant (10),Defense Tower,-40.6,18.85,-41.5,90.0,-40.6,18.85,-41.5,True,Castle Center,1,4,63,0,3,
Totend MM1,62797,Defense Tower Variant (6),Defense Tower,-61.0,27.86,-6.66,0.0,-61.0,27.86,-6.66,True,Castle Center,0,4,63,0,3,
Totend MM1,62800,Defense Tower Variant (7),Defense Tower,-60.74,27.86,27.22,0.0,-60.74,27.86,27.22,True,Castle Center,0,4,63,0,3,
Totend MM1,62801,Defense Tower Variant,Defense Tower,-11.32,27.79,3.84,0.0,-11.32,27.79,3.84,True,Castle Center,2,4,63,0,3,
Totend MM1,62802,Defense Tower Variant (9),Defense Tower,-108.01,27.79,-11.16,0.0,-108.01,27.79,-11.16,True,Castle Center,0,4,63,0,3,
Totend MM1,62803,Defense Tower Variant (2),Defense Tower,-36.85,27.86,10.7,0.0,-36.85,27.86,10.7,True,Castle Center,1,4,63,0,3,
Totend MM1,62804,Defense Tower Variant (19),Defense Tower,-26.33,18.85,48.55,-90.0,-26.33,18.85,48.55,True,Castle Center,1,4,63,0,3,
Totend MM1,62805,Defense Tower Variant (21),Defense Tower,-40.6,18.85,-91.9,0.0,-40.6,18.85,-91.9,True,Castle Center,2,4,63,0,3,
Totend MM1,62806,Defense Tower Variant (2),Defense Tower,-108.063,18.85,11.599,0.0,-108.063,18.85,11.599,True,Castle Center,1,4,63,0,3,
Totend MM1,62813,Mine Shaft,Gold Mine,-75.72,18.81,-90.89,-47.8,-75.72,18.81,-90.89,True,Castle Center,1,1,5,0,6,
Totend MM1,62814,House Variant (6),House,-61.51,18.85,-12.59,0.0,-61.51,18.85,-12.59,True,House,0,3,24,0,4,
Totend MM1,62816,House Variant (3),House,-6.84,18.85,46.45,-88.6,-6.84,18.85,46.45,True,House,0,3,24,0,4,
Totend MM1,62817,House Variant (2),House,-11.35,18.85,51.01,177.7,-11.35,18.85,51.01,True,Castle Center,0,3,24,0,4,
Totend MM1,62820,House Variant (4),House,-55.48,18.85,-12.6,0.0,-55.48,18.85,-12.6,True,House,0,3,24,0,4,
Totend MM1,62823,House Variant (5),House,-49.4,18.85,-12.93,-90.0,-49.4,18.85,-12.93,True,Castle Center,0,3,24,0,4,
Totend MM1,62824,House Variant (7),House,-79.86,18.85,38.07,91.4,-79.86,18.85,38.07,True,Castle Center,0,3,24,0,4,
Totend MM1,62828,House Variant (10),House,-74.5,18.85,40.99,-88.7,-74.5,18.85,40.99,True,House,0,3,24,0,4,
Totend MM1,62832,Mine Shaft,Gold Mine,-111.44,18.85,-26.52,95.5,-111.44,18.85,-26.52,True,Castle Center,0,1,5,0,6,
Totend MM1,62833,House Variant (1),House,-14.1,18.85,-26.6,-2.7,-14.1,18.85,-26.6,True,Castle Center,0,3,24,0,4,
Totend MM1,62834,Mine Shaft,Gold Mine,-23.9,11.41,128.42,56.6,-23.9,11.41,128.42,True,Castle Center,1,1,5,0,6,
Totend MM1,62836,House Variant (9),House,-45.32,18.85,36.85,1.5,-45.32,18.85,36.85,True,House,0,3,24,0,4,
Totend MM1,62837,Blacksmith (1),Blacksmith,-82.71,11.41,146.27,-6.3,-82.71,11.41,146.27,True,Castle Center,0,3,29,0,0,
Totend MM1,62839,Temple,Temple,9.97,27.79,-29.44,-60.0,9.97,27.79,-29.44,True,Castle Center,0,3,33,0,0,
Totend MM1,62840,House Variant (8),House,-54.07,18.85,36.26,-89.0,-54.07,18.85,36.26,True,Castle Center,0,3,24,0,4,
Totend MM1,62843,House Variant,House,-19.1,18.85,-26.33,0.0,-19.1,18.85,-26.33,True,House,0,3,24,0,4,
Totend MM1,62846,Royal Forge,Royal Forge,8.83,27.79,51.58,55.2,8.83,27.79,51.58,True,Castle Center,0,3,25,0,0,
Totend MM1,63956,Mill Variant (2),Mill,-52.257,11.41,138.005,0.0,-52.257,11.41,138.005,True,Castle Center,0,3,13,0,6,
Totend MM1,63957,Mill Variant (1),Mill,-53.012,18.81,-100.0,0.0,-53.012,18.81,-100.0,True,Castle Center,0,3,13,0,6,
Totend MM1,63959,Mill Variant,Mill,-25.967,18.81,-98.672,0.0,-25.967,18.81,-98.672,True,Castle Center,0,3,13,0,6,
Totend MM1,64938,Gate Wide Variant,Wall,-107.89,18.85,21.19,91.6,-107.89,18.85,21.19,True,Castle Center,0,3,65,0,0,
Totend MM1,64939,Gate Wide Variant (7),Wall,-50.895,18.85,-50.685,0.0,-50.895,18.85,-50.685,True,Wall,0,3,66,0,0,
Totend MM1,64941,Gate Wide Variant (6),Wall,-30.468,18.85,-50.807,0.0,-30.468,18.85,-50.807,True,Castle Center,0,3,65,0,0,
Totend MM1,64943,Gate Wide Variant (1),Wall,-45.61,27.89,26.45,90.0,-45.61,27.89,26.45,True,Castle Center,0,3,58,0,0,
Totend MM1,64946,Gate Wide Variant (2),Wall,-95.589,18.85,0.666,90.8,-95.589,18.85,0.666,True,Wall,0,3,66,0,0,
Totend MM1,64951,Gate Wide Variant,Wall,-45.78,27.85,-5.42,90.0,-45.78,27.85,-5.42,True,Castle Center,0,3,58,0,0,
Totend MM1,64953,Gate Wide Variant (9),Wall,-50.86,18.85,63.79,180.0,-50.86,18.85,63.79,True,Wall,0,3,66,0,0,
Totend MM1,64954,Gate Wide Variant (3),Wall,-95.515,18.85,21.09,90.8,-95.515,18.85,21.09,True,Castle Center,1,3,66,0,0,
Totend MM1,64955,Gate Wide Variant (5),Wall,-30.566,18.85,-42.204,0.0,-30.566,18.85,-42.204,True,Castle Center,1,3,66,0,0,
Totend MM1,64956,Gate Wide Variant (8),Wall,-30.675,18.85,73.2,180.0,-30.675,18.85,73.2,True,Castle Center,0,3,65,0,0,
Totend MM1,64958,Gate Wide Variant (4),Wall,-50.99,18.85,-42.306,0.0,-50.99,18.85,-42.306,True,Wall,0,3,66,0,0,
Totend MM1,64959,Gate Wide Variant (11),Wall,-30.437,18.85,63.89,180.0,-30.437,18.85,63.89,True,Castle Center,1,3,66,0,0,
Totend MM1,64960,Gate Wide Variant (10),Wall,-51.094,18.85,73.112,180.0,-51.094,18.85,73.112,True,Wall,0,3,66,0,0,
Totend MM1,64964,Gate Wide Variant (1),Wall,-108.253,18.85,0.769,91.6,-108.253,18.85,0.769,True,Wall,0,3,66,0,0,
Totend MM2,12792,Castle Center Variant,Castle Center,-48.91,27.85,10.8,0.0,-48.91,27.85,10.8,False,,,4,130,0,20,
Totend MM2,13108,Defense Tower Variant (4),Defense Tower,-83.95,18.85,-0.56,0.0,-83.95,18.85,-0.56,True,Castle Center,1,4,63,0,3,
Totend MM2,13110,Defense Tower Variant (13),Defense Tower,-53.81,18.85,-25.64,90.0,-53.81,18.85,-25.64,True,Castle Center,2,4,63,0,3,
Totend MM2,13111,Defense Tower Variant (3),Defense Tower,-83.9,18.85,22.6,0.0,-83.9,18.85,22.6,True,Castle Center,1,4,63,0,3,
Totend MM2,13112,Defense Tower Variant (14),Defense Tower,-26.15,18.85,-26.89,90.0,-26.15,18.85,-26.89,True,Castle Center,1,4,63,0,3,
Totend MM2,13114,Defense Tower Variant (17),Defense Tower,-55.77,18.85,48.83,-90.0,-55.77,18.85,48.83,True,Castle Center,2,4,63,0,3,
Totend MM2,13119,Defense Tower Variant (19),Defense Tower,-26.33,18.85,48.55,-90.0,-26.33,18.85,48.55,True,Castle Center,1,4,63,0,3,
Totend MM3,51846,Barricades (9),Barricades,-78.1,18.847,10.93,39.2,-78.1,18.847,10.93,True,Barricades,0,1,4,0,0,
Totend MM3,51848,Barricades (15),Barricades,-26.97,16.351,-131.153,0.0,-26.97,16.351,-131.153,True,Barricades,0,1,4,0,0,
Totend MM3,51850,Barricades (2),Barricades,-116.0,18.847,9.3,13.6,-116.0,18.847,9.3,True,Barricades,0,1,4,0,0,
Totend MM3,51851,Barricades (13),Barricades,-38.346,16.382,-131.086,0.0,-38.346,16.382,-131.086,True,Castle Center,0,1,7,0,0,
Totend MM3,51854,Barricades (6),Barricades,-93.6,18.847,10.34,0.6,-93.6,18.847,10.34,True,Barricades,0,1,4,0,0,
Totend MM3,51855,Barricades (3),Barricades,-110.5,18.847,8.7,1.2,-110.5,18.847,8.7,True,Castle Center,0,1,6,0,0,
Totend MM3,51856,Barricades (12),Barricades,-44.052,16.369,-131.114,0.0,-44.052,16.369,-131.114,True,Barricades,0,1,4,0,0,
Totend MM3,51859,Wall Segment Variant (1),Wall,-42.08,18.877,35.36,84.7,-42.08,18.877,35.36,True,Wall,0,3,55,0,0,
Totend MM3,51860,Barricades (7),Barricades,-88.1,18.847,11.76,-28.2,-88.1,18.847,11.76,True,Barricades,0,1,4,0,0,
Totend MM3,51861,Barricades (11),Barricades,-49.77,16.375,-131.1,0.0,-49.77,16.375,-131.1,True,Barricades,0,1,4,0,0,
Totend MM3,51863,Wall Segment Variant (2),Wall,-42.39,18.877,59.85,-131.3,-42.39,18.877,59.85,True,Wall,0,3,55,0,0,
Totend MM3,51865,Wall Segment Variant,Wall,-37.01,18.807,-95.67,-77.9,-37.01,18.807,-95.67,True,Wall,0,3,55,0,0,
Totend MM3,51869,Barricades (5),Barricades,-99.5,18.847,9.9,-6.7,-99.5,18.847,9.9,True,Barricades,0,1,4,0,0,
Totend MM3,51871,Barricades (8),Barricades,-82.98,18.847,12.78,2.5,-82.98,18.847,12.78,True,Barricades,0,1,4,0,0,
Totend MM3,51874,Barricades (4),Barricades,-104.8,18.847,9.1,-6.7,-104.8,18.847,9.1,True,Castle Center,0,1,5,0,0,
Totend MM3,51876,Barricades,Barricades,-127.287,18.847,9.499,-9.6,-127.287,18.847,9.499,True,Barricades,0,1,4,0,0,
Totend MM3,51878,Barricades (1),Barricades,-121.682,18.847,9.966,0.0,-121.682,18.847,9.966,True,Barricades,0,1,4,0,0,
Totend MM3,51880,Barricades (14),Barricades,-32.591,16.373,-131.105,0.0,-32.591,16.373,-131.105,True,Barricades,0,1,4,0,0,
Totend MM3,51882,Barricades (10),Barricades,-55.534,16.373,-131.106,0.0,-55.534,16.373,-131.106,True,Barricades,0,1,4,0,0,
Totend MM3,53042,Field Variant (14),Field,-63.533,27.981,-41.229,0.0,-63.533,27.981,-41.229,True,Defense Tower,0,1,1,0,1,
Totend MM3,53045,Field Variant (5),Field,-54.02,27.981,5.44,-15.8,-54.02,27.981,5.44,True,Mill,1,1,1,0,1,
Totend MM3,53046,Field Variant (11),Field,-47.147,18.877,-46.12,0.0,-47.147,18.877,-46.12,True,Temple,0,1,1,0,1,
Totend MM3,53047,Summoning Circle (2),Summoning Circle,-25.884,18.807,-96.78,0.0,-25.884,18.807,-96.78,True,Castle Center,0,2,3,0,0,
Totend MM3,53048,Field Variant (22),Field,-46.03,18.886,-65.55,21.1,-46.03,18.886,-65.55,True,Castle Center,0,1,1,0,1,
Totend MM3,53051,Field Variant (10),Field,-39.626,18.877,-39.054,0.0,-39.626,18.877,-39.054,True,Temple,0,1,1,0,1,
Totend MM3,53054,Field Variant (2),Field,-9.28,27.981,16.86,-22.4,-9.28,27.981,16.86,True,Mill,0,1,1,0,1,
Totend MM3,53062,Field Variant (9),Field,-42.25,27.981,4.78,14.0,-42.25,27.981,4.78,True,Mill,1,1,1,0,1,
Totend MM3,53063,Field Variant (3),Field,-2.7,27.981,17.4,0.0,-2.7,27.981,17.4,True,Mill,1,1,1,0,1,
Totend MM3,53065,Field Variant (16),Field,-68.222,27.981,-35.8,0.0,-68.222,27.981,-35.8,True,Defense Tower,0,1,1,0,1,
Totend MM3,53066,Field Variant (7),Field,-49.13,27.981,16.02,21.2,-49.13,27.981,16.02,True,Mill,1,1,1,0,1,
Totend MM3,53067,Summoning Circle (3),Summoning Circle,-49.162,18.807,-97.367,0.0,-49.162,18.807,-97.367,True,Castle Center,0,2,3,0,0,
Totend MM3,53068,Summoning Circle (5),Summoning Circle,-20.189,18.807,-110.133,0.0,-20.189,18.807,-110.133,True,Castle Center,0,2,3,0,0,
Totend MM3,53069,Field Variant (18),Field,-27.751,18.807,-107.964,0.0,-27.751,18.807,-107.964,True,Castle Center,0,1,1,0,1,
Totend MM3,53070,Field Variant (20),Field,-32.093,18.807,-89.272,-8.0,-32.093,18.807,-89.272,True,Castle Center,0,1,1,0,1,
Totend MM3,53073,Field Variant (21),Field,-63.566,18.807,-93.862,-11.9,-63.566,18.807,-93.862,True,Castle Center,0,1,1,0,1,
Totend MM3,53079,Summoning Circle (4),Summoning Circle,-62.693,18.807,-103.004,0.0,-62.693,18.807,-103.004,True,Castle Center,0,2,3,0,0,
Totend MM3,53080,Summoning Circle,Summoning Circle,-48.174,18.807,-112.391,0.0,-48.174,18.807,-112.391,True,Castle Center,0,2,3,0,0,
Totend MM3,53081,Field Variant (6),Field,-43.69,27.981,12.29,0.0,-43.69,27.981,12.29,True,Mill,0,1,1,0,1,
Totend MM3,53082,Field Variant (19),Field,-53.33,18.807,-105.01,24.2,-53.33,18.807,-105.01,True,Castle Center,0,1,1,0,1,
Totend MM3,53083,Field Variant (12),Field,-39.955,18.886,-52.248,0.0,-39.955,18.886,-52.248,True,Temple,0,1,1,0,1,
Totend MM3,53084,Field Variant (15),Field,-74.184,27.981,-41.382,0.0,-74.184,27.981,-41.382,True,Defense Tower,0,1,1,0,1,
Totend MM3,53085,Field Variant (13),Field,-33.677,18.877,-45.917,0.0,-33.677,18.877,-45.917,True,Temple,0,1,1,0,1,
Totend MM3,53087,Field Variant (17),Field,-68.485,27.981,-46.094,0.0,-68.485,27.981,-46.094,True,Defense Tower,0,1,1,0,1,
Totend MM3,53088,Field Variant (8),Field,-54.5,27.981,12.0,0.0,-54.5,27.981,12.0,True,Mill,0,1,1,0,1,
Totend MM3,53090,Field Variant,Field,1.88,27.981,11.83,10.2,1.88,27.981,11.83,True,Mill,1,1,1,0,1,
Totend MM3,53092,Field Variant (1),Field,-8.93,27.981,3.75,18.0,-8.93,27.981,3.75,True,Mill,1,1,1,0,1,
Totend MM3,53093,Field Variant (4),Field,-1.51,27.981,6.0,13.3,-1.51,27.981,6.0,True,Mill,0,1,1,0,1,
Totend MM3,53098,Summoning Circle (1),Summoning Circle,-33.577,18.807,-117.13,0.0,-33.577,18.807,-117.13,True,Castle Center,0,2,3,0,0,
Totend MM3,55651,Heros Quarter Variant (3),Hero's Quarter,-50.952,18.877,-13.302,0.0,-50.952,18.877,-13.302,True,Castle Center,0,4,86,0,0,yes
Totend MM3,55654,Archer Hut (2),Archery Range,-95.89,27.981,-18.12,90.0,-95.89,27.981,-18.12,True,Castle Center,0,4,78,0,0,yes
Totend MM3,55656,Heros Quarter Variant (1),Hero's Quarter,-43.654,11.407,130.654,0.0,-43.654,11.407,130.654,True,Castle Center,0,4,86,0,0,yes
Totend MM3,55659,Archer Hut (4),Archery Range,-1.9,27.981,-46.71,-179.5,-1.9,27.981,-46.71,True,Castle Center,0,4,78,0,0,yes
Totend MM3,55661,Archer Hut (3),Archery Range,8.56,27.981,38.52,89.0,8.56,27.981,38.52,True,Castle Center,0,4,78,0,0,yes
Totend MM3,55662,Archer Hut (1),Archery Range,-107.09,27.981,39.02,-90.9,-107.09,27.981,39.02,True,Castle Center,0,4,78,0,0,yes
Totend MM3,55663,Heros Quarter Variant (2),Hero's Quarter,-26.214,11.407,129.761,0.0,-26.214,11.407,129.761,True,Castle Center,0,4,86,0,0,yes
Totend MM3,58340,Castle Center Variant,Castle Center,-38.1,18.78,-104.6,-9.8,-38.1,18.78,-104.6,False,,,4,130,0,20,
Totend MM3,61618,Wall Wide Variant (1),Wall,-38.13,18.807,-86.75,61.1,-38.13,18.807,-86.75,True,Wall,0,3,55,0,0,
Totend MM3,61619,Wall Wide Variant (4),Wall,-29.25,18.877,10.782,0.0,-29.25,18.877,10.782,True,Wall,0,3,58,0,0,
Totend MM3,61620,Wall Wide Variant,Wall,-39.0,18.807,-67.1,83.9,-39.0,18.807,-67.1,True,Wall,0,3,55,0,0,
Totend MM3,61621,Wall Wide Variant (5),Wall,-42.01,18.877,54.64,-95.3,-42.01,18.877,54.64,True,Wall,0,3,55,0,0,
Totend MM3,61622,Wall Wide Variant (2),Wall,-66.1,18.77,-15.45,-68.7,-66.1,18.77,-15.45,True,Castle Center,0,3,55,0,0,
Totend MM3,61626,Wall Wide Variant (3),Wall,-18.779,18.877,10.782,0.0,-18.779,18.877,10.782,True,Castle Center,0,3,58,0,0,
Totend MM3,64460,Defense Tower Variant (2),Defense Tower,-55.458,18.956,88.027,0.0,-55.458,18.956,88.027,True,Castle Center,0,4,63,0,3,
Totend MM3,64461,Defense Tower Variant (10),Defense Tower,-27.31,18.956,75.15,0.0,-27.31,18.956,75.15,True,Castle Center,0,4,63,0,3,
Totend MM3,64464,Shrine (3),Shrine,-39.77,18.886,-60.806,0.0,-39.77,18.886,-60.806,True,Castle Center,0,1,3,0,0,
Totend MM3,64465,Defense Tower Variant,Defense Tower,-26.1,18.886,-81.8,0.0,-26.1,18.886,-81.8,True,Castle Center,0,4,63,0,3,
Totend MM3,64467,Defense Tower Variant (15),Defense Tower,-68.675,27.981,-41.407,0.0,-68.675,27.981,-41.407,True,Castle Center,0,4,63,0,3,
Totend MM3,64468,Defense Tower Variant (5),Defense Tower,-45.5,18.956,88.027,0.0,-45.5,18.956,88.027,True,Castle Center,0,4,63,0,3,
Totend MM3,64469,Defense Tower Variant (9),Defense Tower,-33.79,18.956,75.15,0.0,-33.79,18.956,75.15,True,Castle Center,0,4,63,0,3,
Totend MM3,64472,Defense Tower Variant (18),Defense Tower,-56.13,27.981,-3.151,-10.1,-56.13,27.981,-3.151,True,Castle Center,0,4,63,0,3,
Totend MM3,64474,Shrine (1),Shrine,-74.308,18.807,-92.918,0.0,-74.308,18.807,-92.918,True,Castle Center,0,1,3,0,0,
Totend MM3,64478,Shrine (4),Shrine,-36.52,18.886,-60.7,0.0,-36.52,18.886,-60.7,True,Castle Center,0,1,3,0,0,
Totend MM3,64479,Defense Tower Variant (16),Defense Tower,-79.185,18.807,-98.902,0.0,-79.185,18.807,-98.902,True,Castle Center,0,4,63,0,3,
Totend MM3,64484,Defense Tower Variant (6),Defense Tower,-42.28,18.956,88.027,0.0,-42.28,18.956,88.027,True,Castle Center,0,4,63,0,3,
Totend MM3,64485,Defense Tower Variant (19),Defense Tower,-41.0,15.0,111.1,0.0,-41.0,15.0,111.1,True,Castle Center,0,4,63,0,3,
Totend MM3,64488,Defense Tower Variant (8),Defense Tower,-40.19,18.956,75.15,0.0,-40.19,18.956,75.15,True,Castle Center,0,4,63,0,3,
Totend MM3,64489,Shrine,Shrine,-43.09,18.807,-60.7,0.0,-43.09,18.807,-60.7,True,Castle Center,0,1,3,0,0,
Totend MM3,64490,Defense Tower Variant (17),Defense Tower,-40.35,18.807,-116.73,18.2,-40.35,18.807,-116.73,True,Castle Center,0,4,63,0,3,
Totend MM3,64492,Defense Tower Variant (7),Defense Tower,-39.02,18.956,88.027,0.0,-39.02,18.956,88.027,True,Castle Center,0,4,63,0,3,
Totend MM3,64494,Defense Tower Variant (12),Defense Tower,-36.99,18.956,75.15,0.0,-36.99,18.956,75.15,True,Castle Center,0,4,63,0,3,
Totend MM3,64495,Defense Tower Variant (3),Defense Tower,-51.9,18.956,88.027,0.0,-51.9,18.956,88.027,True,Castle Center,0,4,63,0,3,
Totend MM3,64496,Defense Tower Variant (11),Defense Tower,-43.748,18.956,75.15,0.0,-43.748,18.956,75.15,True,Castle Center,0,4,63,0,3,
Totend MM3,64497,Defense Tower Variant (14),Defense Tower,5.375,27.981,-1.616,0.0,5.375,27.981,-1.616,True,Castle Center,0,4,63,0,3,
Totend MM3,64500,Defense Tower Variant (4),Defense Tower,-48.7,18.956,88.027,0.0,-48.7,18.956,88.027,True,Castle Center,0,4,63,0,3,
Totend MM3,64501,Shrine (2),Shrine,-13.345,18.807,-98.315,0.0,-13.345,18.807,-98.315,True,Castle Center,0,1,3,0,0,
Totend MM3,64502,Defense Tower Variant (1),Defense Tower,-84.198,18.877,6.087,0.0,-84.198,18.877,6.087,True,Castle Center,0,4,63,0,3,
Totend MM3,64508,Defense Tower Variant (13),Defense Tower,-30.57,18.956,75.15,0.0,-30.57,18.956,75.15,True,Castle Center,0,4,63,0,3,
Totend MM3,64509,House Variant (17),House,-68.181,27.981,68.918,0.0,-68.181,27.981,68.918,True,Castle Center,0,3,24,0,4,
Totend MM3,64511,House Variant (12),House,-143.078,11.707,-18.55,-12.0,-143.078,11.707,-18.55,True,Castle Center,0,3,24,0,4,
Totend MM3,64513,Mine Shaft (1),Gold Mine,-99.06,18.877,24.049,0.0,-99.06,18.877,24.049,True,Castle Center,0,1,5,0,6,
Totend MM3,64515,House Variant (10),House,-52.801,18.741,-123.758,0.0,-52.801,18.741,-123.758,True,Castle Center,0,3,24,0,4,
Totend MM3,64520,House Variant (1),House,-55.4,18.886,-68.1,-45.9,-55.4,18.886,-68.1,True,Castle Center,0,3,24,0,4,
Totend MM3,64522,House Variant (16),House,-120.08,18.847,38.417,10.4,-120.08,18.847,38.417,True,Castle Center,0,3,24,0,4,
Totend MM3,64526,House Variant,House,-42.864,18.741,-124.405,-23.1,-42.864,18.741,-124.405,True,Castle Center,0,3,24,0,4,
Totend MM3,64527,House Variant (8),House,-25.995,18.877,41.624,-13.4,-25.995,18.877,41.624,True,Castle Center,0,3,24,0,4,
Totend MM3,64528,Temple,Temple,-39.99,18.877,-45.7,1.8,-39.99,18.877,-45.7,True,Castle Center,0,3,33,0,0,
Totend MM3,64529,House Variant (15),House,-119.265,18.847,-10.06,-13.4,-119.265,18.847,-10.06,True,Castle Center,0,3,24,0,4,
Totend MM3,64531,House Variant (9),House,-25.614,18.877,-17.351,7.3,-25.614,18.877,-17.351,True,Castle Center,0,3,24,0,4,
Totend MM3,64539,Blacksmith,Blacksmith,-154.062,11.707,11.552,55.2,-154.062,11.707,11.552,True,Castle Center,0,3,29,0,0,
Totend MM3,64540,House Variant (7),House,-85.292,11.407,142.475,0.0,-85.292,11.407,142.475,True,Castle Center,0,3,24,0,4,
Totend MM3,64541,House Variant (4),House,-55.546,11.407,129.2,26.9,-55.546,11.407,129.2,True,Castle Center,0,3,24,0,4,
Totend MM3,64542,House Variant (11),House,-27.808,18.807,-123.146,10.6,-27.808,18.807,-123.146,True,Castle Center,0,3,24,0,4,
Totend MM3,64544,House Variant (5),House,-76.103,11.407,140.914,-36.3,-76.103,11.407,140.914,True,Castle Center,0,3,24,0,4,
Totend MM3,64545,Mine Shaft,Gold Mine,-104.907,18.13,24.049,0.0,-104.907,18.13,24.049,True,Castle Center,0,1,5,0,6,
Totend MM3,64546,House Variant (6),House,-71.582,11.407,128.08,22.8,-71.582,11.407,128.08,True,Castle Center,0,3,24,0,4,
Totend MM3,64547,House Variant (3),House,-45.557,11.407,141.538,-17.0,-45.557,11.407,141.538,True,Castle Center,0,3,24,0,4,
Totend MM3,64549,Royal Forge,Royal Forge,-28.06,11.407,149.06,55.2,-28.06,11.407,149.06,True,Castle Center,0,3,25,0,0,
Totend MM3,64550,House Variant (2),House,-36.955,11.407,140.14,0.0,-36.955,11.407,140.14,True,Castle Center,0,3,24,0,4,
Totend MM3,64551,House Variant (13),House,-147.717,11.707,51.177,4.3,-147.717,11.707,51.177,True,Castle Center,0,3,24,0,4,
Totend MM3,64552,House Variant (19),House,-96.3,27.981,58.4,-50.1,-96.3,27.981,58.4,True,Castle Center,0,3,24,0,4,
Totend MM3,64555,House Variant (18),House,-59.0,27.981,66.3,-89.5,-59.0,27.981,66.3,True,Castle Center,0,3,24,0,4,
Totend MM3,64557,House Variant (14),House,-139.669,18.903,37.139,15.2,-139.669,18.903,37.139,True,Castle Center,0,3,24,0,4,
Totend MM3,65697,Mill Variant (3),Mill,-48.67,27.981,6.81,0.0,-48.67,27.981,6.81,True,Castle Center,0,3,13,0,6,
Totend MM3,65698,Mill Variant (2),Mill,-7.798,27.981,11.168,0.0,-7.798,27.981,11.168,True,Castle Center,0,3,13,0,6,
Totend MM3,66661,Gate Wide Variant (2),Wall,-153.469,11.707,-6.209,0.0,-153.469,11.707,-6.209,True,Castle Center,0,3,57,0,0,
Totend MM3,66662,Gate Wide Variant,Wall,-39.77,18.886,-77.22,-80.1,-39.77,18.886,-77.22,True,Castle Center,0,3,58,0,0,
Totend MM3,66663,Gate Wide Variant (3),Wall,-154.911,11.707,28.664,0.0,-154.911,11.707,28.664,True,Castle Center,0,3,57,0,0,
Totend MM3,66667,Gate Wide Variant (1),Wall,-42.2,18.877,44.53,-82.1,-42.2,18.877,44.53,True,Castle Center,0,3,60,0,0,
Wildbach MM1,53761,Wall Segment Variant (2),Wall,-11.3,17.307,-158.6,-7.9,-11.3,17.307,-158.6,True,Wall,0,3,55,0,0,
Wildbach MM1,53765,Wall Segment Variant,Wall,-20.94,17.307,-111.69,39.9,-20.94,17.307,-111.69,True,Wall,0,3,55,0,0,
Wildbach MM1,53766,Wall Segment Variant (7),Wall,38.85,17.307,-177.29,-7.9,38.85,17.307,-177.29,True,Wall,0,3,55,0,0,
Wildbach MM1,53767,Wall Segment Variant (1),Wall,-3.587,17.307,-115.988,-12.6,-3.587,17.307,-115.988,True,Wall,0,3,55,0,0,
Wildbach MM1,53770,Wall Segment Variant (5),Wall,5.486,17.307,-129.838,-101.6,5.486,17.307,-129.838,True,Wall,0,3,55,0,0,
Wildbach MM1,53771,Wall Segment Variant (4),Wall,2.461,17.307,-147.973,-61.2,2.461,17.307,-147.973,True,Wall,0,3,55,0,0,
Wildbach MM1,53772,Wall Segment Variant (6),Wall,20.95,17.307,-173.09,32.5,20.95,17.307,-173.09,True,Wall,0,3,55,0,0,
Wildbach MM1,53776,Wall Segment Variant (3),Wall,-29.2,17.307,-154.4,32.5,-29.2,17.307,-154.4,True,Wall,0,3,55,0,0,
Wildbach MM1,54736,Field Variant (5),Field,-21.12,17.307,-133.33,10.9,-21.12,17.307,-133.33,True,Mill,0,1,1,0,1,
Wildbach MM1,54738,Field Variant (9),Field,-13.798,17.307,-129.092,10.9,-13.798,17.307,-129.092,True,Mill,1,1,1,0,1,
Wildbach MM1,54739,Field Variant (14),Field,26.95,17.307,-149.687,-6.2,26.95,17.307,-149.687,True,Mill,1,1,1,0,1,
Wildbach MM1,54742,Field Variant (11),Field,33.514,17.307,-159.92,-6.2,33.514,17.307,-159.92,True,Mill,0,1,1,0,1,
Wildbach MM1,54744,Field Variant (13),Field,27.287,17.307,-155.411,-6.2,27.287,17.307,-155.411,True,Mill,0,1,1,0,1,
Wildbach MM1,54745,Field Variant (8),Field,-16.493,17.307,-139.469,10.9,-16.493,17.307,-139.469,True,Mill,0,1,1,0,1,
Wildbach MM1,54747,Field Variant (6),Field,-19.76,17.307,-127.76,10.9,-19.76,17.307,-127.76,True,Mill,1,1,1,0,1,
Wildbach MM1,54749,Field Variant (10),Field,33.04,17.307,-149.209,-6.2,33.04,17.307,-149.209,True,Mill,1,1,1,0,1,
Wildbach MM1,54750,Field Variant (7),Field,-9.26,17.307,-135.42,10.9,-9.26,17.307,-135.42,True,Mill,1,1,1,0,1,
Wildbach MM1,54753,Field Variant (12),Field,39.32,17.307,-154.675,-6.2,39.32,17.307,-154.675,True,Mill,1,1,1,0,1,
Wildbach MM1,56984,Archer Hut (1),Archery Range,-41.69,17.307,-120.78,-66.8,-41.69,17.307,-120.78,True,Castle Center,2,4,78,0,0,yes
Wildbach MM1,56985,Swordsmen Hut (2),Barracks,30.8,17.307,-133.5,0.0,30.8,17.307,-133.5,True,Castle Center,1,4,78,0,0,yes
Wildbach MM1,56986,Heros Quarter Variant (1),Hero's Quarter,-42.4,17.307,-134.9,-85.5,-42.4,17.307,-134.9,True,Castle Center,1,4,86,0,0,yes
Wildbach MM1,56989,Archer Hut (2),Archery Range,26.6,21.206,-77.7,6.8,26.6,21.206,-77.7,True,Castle Center,2,4,78,0,0,yes
Wildbach MM1,56990,Swordsmen Hut (1),Barracks,-55.29,9.707,-43.32,77.4,-55.29,9.707,-43.32,True,Castle Center,0,4,78,0,0,yes
Wildbach MM1,59236,Castle Center Variant,Castle Center,5.6,17.6,-32.3,-18.6,5.6,17.6,-32.3,False,,,4,130,0,20,
Wildbach MM1,64605,Defense Tower Variant (8),Defense Tower,-35.4,17.307,-145.9,54.2,-35.4,17.307,-145.9,True,Castle Center,1,4,63,0,3,
Wildbach MM1,64608,Shrine (2),Shrine,-7.8,17.6,-39.6,-13.7,-7.8,17.6,-39.6,True,Castle Center,1,1,3,0,0,
Wildbach MM1,64609,Defense Tower Variant (13),Defense Tower,-77.4,9.707,-44.7,22.2,-77.4,9.707,-44.7,True,Castle Center,0,4,63,0,3,
Wildbach MM1,64610,Defense Tower Variant (7),Defense Tower,-4.3,17.307,-153.5,54.2,-4.3,17.307,-153.5,True,Castle Center,1,4,63,0,3,
Wildbach MM1,64611,Shrine,Shrine,13.82,17.6,-44.51,0.0,13.82,17.6,-44.51,True,Castle Center,0,1,3,0,0,
Wildbach MM1,64612,Defense Tower Variant (3),Defense Tower,17.1,21.206,-87.7,0.0,17.1,21.206,-87.7,True,Castle Center,1,4,63,0,3,
Wildbach MM1,64613,Defense Tower Variant (2),Defense Tower,16.7,17.6,-22.9,11.9,16.7,17.6,-22.9,True,Castle Center,1,4,63,0,3,
Wildbach MM1,64614,Defense Tower Variant (5),Defense Tower,-10.34,17.34,-101.36,13.3,-10.34,17.34,-101.36,True,Castle Center,0,4,63,0,3,
Wildbach MM1,64615,Defense Tower Variant (15),Defense Tower,34.05,21.206,-90.44,4.1,34.05,21.206,-90.44,True,Castle Center,0,4,63,0,3,
Wildbach MM1,64616,Defense Tower Variant,Defense Tower,13.75,17.6,-54.26,6.5,13.75,17.6,-54.26,True,Castle Center,0,4,63,0,3,
Wildbach MM1,64621,Defense Tower Variant (1),Defense Tower,-12.27,17.6,-28.62,6.5,-12.27,17.6,-28.62,True,Castle Center,0,4,63,0,3,
Wildbach MM1,64622,Defense Tower Variant (6),Defense Tower,1.1,17.307,-122.6,54.2,1.1,17.307,-122.6,True,Castle Center,1,4,63,0,3,
Wildbach MM1,64624,Defense Tower Variant (12),Defense Tower,-72.6,9.707,-74.25,9.5,-72.6,9.707,-74.25,True,Castle Center,0,4,63,0,3,
Wildbach MM1,64625,Defense Tower Variant (14),Defense Tower,-56.9,9.707,-58.8,10.4,-56.9,9.707,-58.8,True,Castle Center,1,4,63,0,3,
Wildbach MM1,64627,Defense Tower Variant (16),Defense Tower,21.5,17.307,-142.2,63.7,21.5,17.307,-142.2,True,Castle Center,2,4,63,0,3,
Wildbach MM1,64630,Shrine (4),Shrine,-13.04,17.307,-78.08,-36.0,-13.04,17.307,-78.08,True,Castle Center,0,1,3,0,0,
Wildbach MM1,64631,Defense Tower Variant (4),Defense Tower,-11.21,17.23,-105.44,13.3,-11.21,17.23,-105.44,True,Castle Center,0,4,63,0,3,
Wildbach MM1,64632,Defense Tower Variant (11),Defense Tower,18.3,17.307,-166.9,63.7,18.3,17.307,-166.9,True,Castle Center,2,4,63,0,3,
Wildbach MM1,64633,Defense Tower Variant (10),Defense Tower,45.3,17.307,-171.8,54.2,45.3,17.307,-171.8,True,Castle Center,2,4,63,0,3,
Wildbach MM1,64634,Shrine (1),Shrine,51.2,21.206,-88.3,0.0,51.2,21.206,-88.3,True,Castle Center,0,1,3,0,0,
Wildbach MM1,64642,Defense Tower Variant (9),Defense Tower,-29.0,17.307,-114.8,54.2,-29.0,17.307,-114.8,True,Castle Center,1,4,63,0,3,
Wildbach MM1,64643,Shrine (3),Shrine,-8.94,17.307,-145.91,-36.0,-8.94,17.307,-145.91,True,Castle Center,0,1,3,0,0,
Wildbach MM1,64653,Temple (4),Temple,-24.29,17.34,-85.25,-162.1,-24.29,17.34,-85.25,True,Castle Center,0,3,33,0,0,
Wildbach MM1,64654,House Variant,House,9.6,17.6,-18.4,83.7,9.6,17.6,-18.4,True,House,0,3,24,0,4,
Wildbach MM1,64656,Mine Shaft (1),Gold Mine,42.1,21.206,-81.8,-1.1,42.1,21.206,-81.8,True,Castle Center,1,1,5,0,6,
Wildbach MM1,64657,House Variant (2),House,16.1,17.6,-30.0,-129.8,16.1,17.6,-30.0,True,Castle Center,0,3,24,0,4,
Wildbach MM1,64659,Temple (1),Temple,-25.0,17.34,-68.5,42.7,-25.0,17.34,-68.5,True,Castle Center,0,3,33,0,0,
Wildbach MM1,64660,Temple (2),Temple,-11.9,17.34,-67.3,96.6,-11.9,17.34,-67.3,True,Castle Center,0,3,33,0,0,
Wildbach MM1,64662,House Variant (6),House,-67.89,9.707,-47.36,-34.1,-67.89,9.707,-47.36,True,House,0,3,24,0,4,
Wildbach MM1,64666,House Variant (8),House,-62.75,9.707,-68.14,17.6,-62.75,9.707,-68.14,True,Castle Center,0,3,24,0,4,
Wildbach MM1,64668,House Variant (9),House,-71.01,9.707,-39.41,-7.0,-71.01,9.707,-39.41,True,House,0,3,24,0,4,
Wildbach MM1,64669,House Variant (10),House,-54.14,9.707,-71.75,-7.0,-54.14,9.707,-71.75,True,House,0,3,24,0,4,
Wildbach MM1,64671,Fishing Harbour,Harbour,-65.9,9.707,-58.2,88.1,-65.9,9.707,-58.2,True,Castle Center,0,2,10,0,0,
Wildbach MM1,64672,Mine Shaft,Gold Mine,20.9,17.6,-39.7,75.1,20.9,17.6,-39.7,True,Castle Center,2,1,5,0,6,
Wildbach MM1,64675,Blacksmith,Blacksmith,49.0,17.307,-137.3,55.1,49.0,17.307,-137.3,True,Castle Center,0,3,29,0,0,
Wildbach MM1,64676,Royal Forge,Royal Forge,46.62,17.307,-126.82,-126.5,46.62,17.307,-126.82,True,Castle Center,0,3,25,0,0,
Wildbach MM1,64680,House Variant (5),House,-0.3,17.6,-41.9,-159.8,-0.3,17.6,-41.9,True,House,0,3,24,0,4,
Wildbach MM1,64683,House Variant (7),House,-70.55,9.707,-30.46,-10.1,-70.55,9.707,-30.46,True,Castle Center,0,3,24,0,4,
Wildbach MM1,64684,House Variant (3),House,-6.1,17.6,-25.4,-155.9,-6.1,17.6,-25.4,True,House,0,3,24,0,4,
Wildbach MM1,64685,Temple (5),Temple,6.55,17.34,-89.23,-167.7,6.55,17.34,-89.23,True,Castle Center,0,3,33,0,0,
Wildbach MM1,64688,House Variant (4),House,-0.983,17.6,-19.292,161.9,-0.983,17.6,-19.292,True,House,0,3,24,0,4,
Wildbach MM1,64691,Temple (3),Temple,2.77,17.34,-74.55,123.1,2.77,17.34,-74.55,True,Castle Center,0,3,33,0,0,
Wildbach MM1,64694,Temple (6),Temple,-10.25,17.34,-89.07,176.2,-10.25,17.34,-89.07,True,Castle Center,0,3,33,0,0,
Wildbach MM1,65668,Mill Variant (2),Mill,-14.98,17.307,-134.16,10.9,-14.98,17.307,-134.16,True,Castle Center,0,3,13,0,6,
Wildbach MM1,65669,Mill Variant (3),Mill,33.4,17.307,-154.4,-6.2,33.4,17.307,-154.4,True,Castle Center,0,3,13,0,6,
Wildbach MM1,66561,Gate Wide Variant (3),Wall,55.426,21.4,-81.197,-92.1,55.426,21.4,-81.197,True,Castle Center,1,3,57,0,0,
Wildbach MM1,66562,Gate Wide Variant (5),Wall,29.6,17.307,-176.8,13.9,29.6,17.307,-176.8,True,Castle Center,2,3,60,0,0,
Wildbach MM1,66563,Gate Wide Variant (2),Wall,5.6,17.307,-139.1,-79.8,5.6,17.307,-139.1,True,Castle Center,1,3,60,0,0,
Wildbach MM1,66565,Gate Wide Variant (1),Wall,-20.55,17.307,-158.11,13.9,-20.55,17.307,-158.11,True,Castle Center,1,3,60,0,0,
Wildbach MM1,66567,Gate Wide Variant,Wall,-12.737,17.307,-115.798,13.9,-12.737,17.307,-115.798,True,Castle Center,0,3,60,0,0,
Wildbach MM1,66569,Gate Wide Variant (4),Wall,53.8,17.307,-163.3,-65.2,53.8,17.307,-163.3,True,Castle Center,2,3,57,0,0,
Wildbach MM2,53507,Wall Segment Variant (2),Wall,-11.3,17.307,-158.6,-7.9,-11.3,17.307,-158.6,True,Wall,0,3,55,0,0,
Wildbach MM2,53511,Wall Segment Variant,Wall,-20.94,17.307,-111.69,39.9,-20.94,17.307,-111.69,True,Wall,0,3,55,0,0,
Wildbach MM2,53512,Wall Segment Variant (7),Wall,38.85,17.307,-177.29,-7.9,38.85,17.307,-177.29,True,Wall,0,3,55,0,0,
Wildbach MM2,53513,Wall Segment Variant (1),Wall,-3.587,17.307,-115.988,-12.6,-3.587,17.307,-115.988,True,Wall,0,3,55,0,0,
Wildbach MM2,53516,Wall Segment Variant (5),Wall,5.486,17.307,-129.838,-101.6,5.486,17.307,-129.838,True,Wall,0,3,55,0,0,
Wildbach MM2,53517,Wall Segment Variant (4),Wall,2.461,17.307,-147.973,-61.2,2.461,17.307,-147.973,True,Wall,0,3,55,0,0,
Wildbach MM2,53518,Wall Segment Variant (6),Wall,20.95,17.307,-173.09,32.5,20.95,17.307,-173.09,True,Wall,0,3,55,0,0,
Wildbach MM2,53522,Wall Segment Variant (3),Wall,-29.2,17.307,-154.4,32.5,-29.2,17.307,-154.4,True,Wall,0,3,55,0,0,
Wildbach MM2,54491,Field Variant (5),Field,-21.12,17.307,-133.33,10.9,-21.12,17.307,-133.33,True,Mill,0,1,1,0,1,
Wildbach MM2,54493,Field Variant (4),Field,-12.096,17.6,-70.83,10.9,-12.096,17.6,-70.83,True,Mill,1,1,1,0,1,
Wildbach MM2,54495,Field Variant (3),Field,-20.389,17.6,-79.974,10.9,-20.389,17.6,-79.974,True,Mill,1,1,1,0,1,
Wildbach MM2,54496,Field Variant (9),Field,-13.798,17.307,-129.092,10.9,-13.798,17.307,-129.092,True,Mill,1,1,1,0,1,
Wildbach MM2,54497,Field Variant (14),Field,26.95,17.307,-149.687,-6.2,26.95,17.307,-149.687,True,Mill,1,1,1,0,1,
Wildbach MM2,54498,Field Variant,Field,-14.791,17.6,-81.207,10.9,-14.791,17.6,-81.207,True,Mill,0,1,1,0,1,
Wildbach MM2,54501,Field Variant (11),Field,33.514,17.307,-159.92,-6.2,33.514,17.307,-159.92,True,Mill,0,1,1,0,1,
Wildbach MM2,54503,Summoning Circle,Summoning Circle,-66.7,9.707,-33.02,0.0,-66.7,9.707,-33.02,True,Castle Center,0,2,3,0,0,
Wildbach MM2,54504,Field Variant (13),Field,27.287,17.307,-155.411,-6.2,27.287,17.307,-155.411,True,Mill,0,1,1,0,1,
Wildbach MM2,54505,Field Variant (1),Field,-19.053,17.6,-74.529,10.9,-19.053,17.6,-74.529,True,Mill,0,1,1,0,1,
Wildbach MM2,54506,Summoning Circle (2),Summoning Circle,-31.323,17.307,-128.261,0.0,-31.323,17.307,-128.261,True,Castle Center,0,2,3,0,0,
Wildbach MM2,54507,Field Variant (8),Field,-16.493,17.307,-139.469,10.9,-16.493,17.307,-139.469,True,Mill,0,1,1,0,1,
Wildbach MM2,54511,Field Variant (6),Field,-19.76,17.307,-127.76,10.9,-19.76,17.307,-127.76,True,Mill,1,1,1,0,1,
Wildbach MM2,54515,Field Variant (10),Field,33.04,17.307,-149.209,-6.2,33.04,17.307,-149.209,True,Mill,1,1,1,0,1,
Wildbach MM2,54516,Field Variant (7),Field,-9.26,17.307,-135.42,10.9,-9.26,17.307,-135.42,True,Mill,1,1,1,0,1,
Wildbach MM2,54519,Field Variant (2),Field,-7.7,17.6,-77.9,10.9,-7.7,17.6,-77.9,True,Mill,1,1,1,0,1,
Wildbach MM2,54521,Field Variant (12),Field,39.32,17.307,-154.675,-6.2,39.32,17.307,-154.675,True,Mill,1,1,1,0,1,
Wildbach MM2,56711,Archer Hut (1),Archery Range,-41.69,17.307,-120.78,-66.8,-41.69,17.307,-120.78,True,Castle Center,2,4,78,0,0,yes
Wildbach MM2,56712,Swordsmen Hut (2),Barracks,30.8,17.307,-133.5,0.0,30.8,17.307,-133.5,True,Castle Center,1,4,78,0,0,yes
Wildbach MM2,56713,Heros Quarter Variant (1),Hero's Quarter,-42.4,17.307,-134.9,-85.5,-42.4,17.307,-134.9,True,Castle Center,1,4,86,0,0,yes
Wildbach MM2,56716,Archer Hut (2),Archery Range,26.6,21.206,-77.7,6.8,26.6,21.206,-77.7,True,Castle Center,2,4,78,0,0,yes
Wildbach MM2,56717,Swordsmen Hut (1),Barracks,7.31,17.6,-86.59,105.3,7.31,17.6,-86.59,True,Castle Center,0,4,78,0,0,yes
Wildbach MM2,58954,Castle Center Variant,Castle Center,5.6,17.6,-32.3,-18.6,5.6,17.6,-32.3,False,,,4,130,0,20,
Wildbach MM2,64297,Defense Tower Variant (8),Defense Tower,-35.4,17.307,-145.9,54.2,-35.4,17.307,-145.9,True,Castle Center,1,4,63,0,3,
Wildbach MM2,64301,Shrine (2),Shrine,-7.8,17.6,-39.6,-13.7,-7.8,17.6,-39.6,True,Castle Center,1,1,3,0,0,
Wildbach MM2,64302,Defense Tower Variant (13),Defense Tower,-77.4,9.707,-44.7,22.2,-77.4,9.707,-44.7,True,Castle Center,0,4,63,0,3,
Wildbach MM2,64303,Defense Tower Variant (7),Defense Tower,-4.3,17.307,-153.5,54.2,-4.3,17.307,-153.5,True,Castle Center,1,4,63,0,3,
Wildbach MM2,64304,Shrine,Shrine,13.82,17.6,-44.51,0.0,13.82,17.6,-44.51,True,Castle Center,0,1,3,0,0,
Wildbach MM2,64305,Defense Tower Variant (3),Defense Tower,17.1,21.206,-87.7,0.0,17.1,21.206,-87.7,True,Castle Center,1,4,63,0,3,
Wildbach MM2,64306,Defense Tower Variant (2),Defense Tower,16.7,17.6,-22.9,11.9,16.7,17.6,-22.9,True,Castle Center,1,4,63,0,3,
Wildbach MM2,64307,Defense Tower Variant (5),Defense Tower,-10.34,17.34,-101.36,13.3,-10.34,17.34,-101.36,True,Castle Center,0,4,63,0,3,
Wildbach MM2,64308,Defense Tower Variant,Defense Tower,13.75,17.6,-54.26,6.5,13.75,17.6,-54.26,True,Castle Center,0,4,63,0,3,
Wildbach MM2,64311,Defense Tower Variant (15),Defense Tower,-19.8,17.6,-66.1,13.3,-19.8,17.6,-66.1,True,Castle Center,0,4,63,0,3,
Wildbach MM2,64314,Defense Tower Variant (1),Defense Tower,-12.27,17.6,-28.62,6.5,-12.27,17.6,-28.62,True,Castle Center,0,4,63,0,3,
Wildbach MM2,64315,Defense Tower Variant (6),Defense Tower,1.1,17.307,-122.6,54.2,1.1,17.307,-122.6,True,Castle Center,1,4,63,0,3,
Wildbach MM2,64317,Defense Tower Variant (12),Defense Tower,-72.6,9.707,-74.25,9.5,-72.6,9.707,-74.25,True,Castle Center,0,4,63,0,3,
Wildbach MM2,64318,Defense Tower Variant (14),Defense Tower,-56.9,9.707,-58.8,10.4,-56.9,9.707,-58.8,True,Castle Center,1,4,63,0,3,
Wildbach MM2,64319,Defense Tower Variant (16),Defense Tower,21.5,17.307,-142.2,63.7,21.5,17.307,-142.2,True,Castle Center,2,4,63,0,3,
Wildbach MM2,64322,Defense Tower Variant (4),Defense Tower,-11.21,17.23,-105.44,13.3,-11.21,17.23,-105.44,True,Castle Center,0,4,63,0,3,
Wildbach MM2,64323,Defense Tower Variant (11),Defense Tower,18.3,17.307,-166.9,63.7,18.3,17.307,-166.9,True,Castle Center,2,4,63,0,3,
Wildbach MM2,64325,Defense Tower Variant (10),Defense Tower,45.3,17.307,-171.8,54.2,45.3,17.307,-171.8,True,Castle Center,2,4,63,0,3,
Wildbach MM2,64326,Shrine (1),Shrine,51.2,21.206,-88.3,0.0,51.2,21.206,-88.3,True,Castle Center,1,1,3,0,0,
Wildbach MM2,64333,Defense Tower Variant (9),Defense Tower,-29.0,17.307,-114.8,54.2,-29.0,17.307,-114.8,True,Castle Center,1,4,63,0,3,
Wildbach MM2,64334,Shrine (4),Shrine,-6.5,17.6,-89.6,13.1,-6.5,17.6,-89.6,True,Castle Center,0,1,3,0,0,
Wildbach MM2,64335,Shrine (3),Shrine,-8.94,17.307,-145.91,-36.0,-8.94,17.307,-145.91,True,Castle Center,1,1,3,0,0,
Wildbach MM2,64345,House Variant,House,9.6,17.6,-18.4,83.7,9.6,17.6,-18.4,True,House,0,3,24,0,4,
Wildbach MM2,64347,Mine Shaft (1),Gold Mine,42.1,21.206,-81.8,-1.1,42.1,21.206,-81.8,True,Castle Center,1,1,5,0,6,
Wildbach MM2,64348,House Variant (2),House,16.1,17.6,-30.0,-129.8,16.1,17.6,-30.0,True,Castle Center,0,3,24,0,4,
Wildbach MM2,64349,House Variant (6),House,-67.89,9.707,-47.36,-34.1,-67.89,9.707,-47.36,True,House,0,3,24,0,4,
Wildbach MM2,64352,House Variant (8),House,-62.75,9.707,-68.14,17.6,-62.75,9.707,-68.14,True,Castle Center,0,3,24,0,4,
Wildbach MM2,64353,House Variant (9),House,-71.01,9.707,-39.41,-7.0,-71.01,9.707,-39.41,True,House,0,3,24,0,4,
Wildbach MM2,64354,House Variant (10),House,-54.14,9.707,-71.75,-7.0,-54.14,9.707,-71.75,True,House,0,3,24,0,4,
Wildbach MM2,64356,Fishing Harbour,Harbour,-65.9,9.707,-58.2,88.1,-65.9,9.707,-58.2,True,Castle Center,0,2,10,0,0,
Wildbach MM2,64357,Mine Shaft,Gold Mine,20.9,17.6,-39.7,75.1,20.9,17.6,-39.7,True,Castle Center,2,1,5,0,6,
Wildbach MM2,64362,House Variant (5),House,-0.3,17.6,-41.9,-159.8,-0.3,17.6,-41.9,True,House,0,3,24,0,4,
Wildbach MM2,64365,House Variant (7),House,-59.353,9.707,-44.941,-12.1,-59.353,9.707,-44.941,True,Castle Center,0,3,24,0,4,
Wildbach MM2,64366,House Variant (3),House,-6.1,17.6,-25.4,-155.9,-6.1,17.6,-25.4,True,House,0,3,24,0,4,
Wildbach MM2,64368,House Variant (4),House,-0.983,17.6,-19.292,161.9,-0.983,17.6,-19.292,True,House,0,3,24,0,4,
Wildbach MM2,65323,Mill Variant (2),Mill,-14.98,17.307,-134.16,10.9,-14.98,17.307,-134.16,True,Castle Center,0,3,13,0,6,
Wildbach MM2,65324,Mill Variant (3),Mill,33.4,17.307,-154.4,-6.2,33.4,17.307,-154.4,True,Castle Center,0,3,13,0,6,
Wildbach MM2,65325,Mill Variant (1),Mill,-13.278,17.6,-75.898,10.9,-13.278,17.6,-75.898,True,Castle Center,0,3,13,0,6,
Wildbach MM2,66215,Gate Wide Variant (3),Wall,55.426,21.4,-81.197,-92.1,55.426,21.4,-81.197,True,Castle Center,1,3,57,0,0,
Wildbach MM2,66216,Gate Wide Variant (5),Wall,29.6,17.307,-176.8,13.9,29.6,17.307,-176.8,True,Castle Center,2,3,60,0,0,
Wildbach MM2,66217,Gate Wide Variant (2),Wall,5.6,17.307,-139.1,-79.8,5.6,17.307,-139.1,True,Castle Center,1,3,60,0,0,
Wildbach MM2,66219,Gate Wide Variant (1),Wall,-20.55,17.307,-158.11,13.9,-20.55,17.307,-158.11,True,Castle Center,1,3,60,0,0,
Wildbach MM2,66221,Gate Wide Variant,Wall,-12.737,17.307,-115.798,13.9,-12.737,17.307,-115.798,True,Castle Center,0,3,60,0,0,
Wildbach MM2,66223,Gate Wide Variant (4),Wall,53.8,17.307,-163.3,-65.2,53.8,17.307,-163.3,True,Castle Center,2,3,57,0,0,
Wildbach MM3,54125,Wall Segment Variant (2),Wall,-11.3,17.307,-158.6,-7.9,-11.3,17.307,-158.6,True,Wall,0,3,55,0,0,
Wildbach MM3,54129,Wall Segment Variant,Wall,-20.94,17.307,-111.69,39.9,-20.94,17.307,-111.69,True,Wall,0,3,55,0,0,
Wildbach MM3,54130,Wall Segment Variant (7),Wall,38.85,17.307,-177.29,-7.9,38.85,17.307,-177.29,True,Wall,0,3,55,0,0,
Wildbach MM3,54131,Wall Segment Variant (1),Wall,-3.587,17.307,-115.988,-12.6,-3.587,17.307,-115.988,True,Wall,0,3,55,0,0,
Wildbach MM3,54134,Wall Segment Variant (5),Wall,5.486,17.307,-129.838,-101.6,5.486,17.307,-129.838,True,Wall,0,3,55,0,0,
Wildbach MM3,54135,Wall Segment Variant (4),Wall,2.461,17.307,-147.973,-61.2,2.461,17.307,-147.973,True,Wall,0,3,55,0,0,
Wildbach MM3,54136,Wall Segment Variant (6),Wall,20.95,17.307,-173.09,32.5,20.95,17.307,-173.09,True,Wall,0,3,55,0,0,
Wildbach MM3,54140,Wall Segment Variant (3),Wall,-29.2,17.307,-154.4,32.5,-29.2,17.307,-154.4,True,Wall,0,3,55,0,0,
Wildbach MM3,55121,Field Variant (5),Field,-21.12,17.307,-133.33,10.9,-21.12,17.307,-133.33,True,Mill,0,1,1,0,1,
Wildbach MM3,55123,Field Variant (4),Field,-12.096,17.6,-70.83,10.9,-12.096,17.6,-70.83,True,Mill,1,1,1,0,1,
Wildbach MM3,55125,Field Variant (3),Field,-20.389,17.6,-79.974,10.9,-20.389,17.6,-79.974,True,Mill,1,1,1,0,1,
Wildbach MM3,55126,Field Variant (9),Field,-13.798,17.307,-129.092,10.9,-13.798,17.307,-129.092,True,Mill,1,1,1,0,1,
Wildbach MM3,55127,Field Variant (14),Field,26.95,17.307,-149.687,-6.2,26.95,17.307,-149.687,True,Mill,1,1,1,0,1,
Wildbach MM3,55128,Field Variant,Field,-14.791,17.6,-81.207,10.9,-14.791,17.6,-81.207,True,Mill,0,1,1,0,1,
Wildbach MM3,55131,Field Variant (11),Field,33.514,17.307,-159.92,-6.2,33.514,17.307,-159.92,True,Mill,0,1,1,0,1,
Wildbach MM3,55133,Summoning Circle,Summoning Circle,-66.7,9.707,-33.02,0.0,-66.7,9.707,-33.02,True,Castle Center,0,2,3,0,0,
Wildbach MM3,55134,Field Variant (13),Field,27.287,17.307,-155.411,-6.2,27.287,17.307,-155.411,True,Mill,0,1,1,0,1,
Wildbach MM3,55135,Field Variant (1),Field,-19.053,17.6,-74.529,10.9,-19.053,17.6,-74.529,True,Mill,0,1,1,0,1,
Wildbach MM3,55136,Summoning Circle (2),Summoning Circle,-31.323,17.307,-128.261,0.0,-31.323,17.307,-128.261,True,Castle Center,0,2,3,0,0,
Wildbach MM3,55137,Field Variant (8),Field,-16.493,17.307,-139.469,10.9,-16.493,17.307,-139.469,True,Mill,0,1,1,0,1,
Wildbach MM3,55141,Field Variant (6),Field,-19.76,17.307,-127.76,10.9,-19.76,17.307,-127.76,True,Mill,1,1,1,0,1,
Wildbach MM3,55145,Field Variant (10),Field,33.04,17.307,-149.209,-6.2,33.04,17.307,-149.209,True,Mill,1,1,1,0,1,
Wildbach MM3,55146,Field Variant (7),Field,-9.26,17.307,-135.42,10.9,-9.26,17.307,-135.42,True,Mill,1,1,1,0,1,
Wildbach MM3,55149,Field Variant (2),Field,-7.7,17.6,-77.9,10.9,-7.7,17.6,-77.9,True,Mill,1,1,1,0,1,
Wildbach MM3,55151,Field Variant (12),Field,39.32,17.307,-154.675,-6.2,39.32,17.307,-154.675,True,Mill,1,1,1,0,1,
Wildbach MM3,57370,Archer Hut (1),Archery Range,-41.69,17.307,-120.78,-66.8,-41.69,17.307,-120.78,True,Castle Center,2,4,78,0,0,yes
Wildbach MM3,57371,Swordsmen Hut (2),Barracks,30.8,17.307,-133.5,0.0,30.8,17.307,-133.5,True,Castle Center,1,4,78,0,0,yes
Wildbach MM3,57372,Heros Quarter Variant (1),Hero's Quarter,-42.4,17.307,-134.9,-85.5,-42.4,17.307,-134.9,True,Castle Center,1,4,86,0,0,yes
Wildbach MM3,57375,Archer Hut (2),Archery Range,26.6,21.206,-77.7,6.8,26.6,21.206,-77.7,True,Castle Center,2,4,78,0,0,yes
Wildbach MM3,57376,Swordsmen Hut (1),Barracks,7.31,17.6,-86.59,105.3,7.31,17.6,-86.59,True,Castle Center,0,4,78,0,0,yes
Wildbach MM3,59638,Castle Center Variant,Castle Center,5.6,17.6,-32.3,-18.6,5.6,17.6,-32.3,False,,,4,130,0,20,
Wildbach MM3,65039,Defense Tower Variant (8),Defense Tower,-35.4,17.307,-145.9,54.2,-35.4,17.307,-145.9,True,Castle Center,1,4,63,0,3,
Wildbach MM3,65043,Shrine (2),Shrine,-7.8,17.6,-39.6,-13.7,-7.8,17.6,-39.6,True,Castle Center,1,1,3,0,0,
Wildbach MM3,65044,Defense Tower Variant (13),Defense Tower,-77.4,9.707,-44.7,22.2,-77.4,9.707,-44.7,True,Castle Center,0,4,63,0,3,
Wildbach MM3,65045,Defense Tower Variant (7),Defense Tower,-4.3,17.307,-153.5,54.2,-4.3,17.307,-153.5,True,Castle Center,1,4,63,0,3,
Wildbach MM3,65046,Shrine,Shrine,13.82,17.6,-44.51,0.0,13.82,17.6,-44.51,True,Castle Center,0,1,3,0,0,
Wildbach MM3,65047,Defense Tower Variant (3),Defense Tower,17.1,21.206,-87.7,0.0,17.1,21.206,-87.7,True,Castle Center,1,4,63,0,3,
Wildbach MM3,65048,Defense Tower Variant (2),Defense Tower,16.7,17.6,-22.9,11.9,16.7,17.6,-22.9,True,Castle Center,1,4,63,0,3,
Wildbach MM3,65049,Defense Tower Variant (5),Defense Tower,-10.34,17.34,-101.36,13.3,-10.34,17.34,-101.36,True,Castle Center,0,4,63,0,3,
Wildbach MM3,65050,Defense Tower Variant,Defense Tower,13.75,17.6,-54.26,6.5,13.75,17.6,-54.26,True,Castle Center,0,4,63,0,3,
Wildbach MM3,65053,Defense Tower Variant (15),Defense Tower,-19.8,17.6,-66.1,13.3,-19.8,17.6,-66.1,True,Castle Center,0,4,63,0,3,
Wildbach MM3,65056,Defense Tower Variant (1),Defense Tower,-12.27,17.6,-28.62,6.5,-12.27,17.6,-28.62,True,Castle Center,0,4,63,0,3,
Wildbach MM3,65057,Defense Tower Variant (6),Defense Tower,1.1,17.307,-122.6,54.2,1.1,17.307,-122.6,True,Castle Center,1,4,63,0,3,
Wildbach MM3,65059,Defense Tower Variant (12),Defense Tower,-72.6,9.707,-74.25,9.5,-72.6,9.707,-74.25,True,Castle Center,0,4,63,0,3,
Wildbach MM3,65060,Defense Tower Variant (14),Defense Tower,-56.9,9.707,-58.8,10.4,-56.9,9.707,-58.8,True,Castle Center,1,4,63,0,3,
Wildbach MM3,65061,Defense Tower Variant (16),Defense Tower,21.5,17.307,-142.2,63.7,21.5,17.307,-142.2,True,Castle Center,2,4,63,0,3,
Wildbach MM3,65064,Defense Tower Variant (4),Defense Tower,-11.21,17.23,-105.44,13.3,-11.21,17.23,-105.44,True,Castle Center,0,4,63,0,3,
Wildbach MM3,65065,Defense Tower Variant (11),Defense Tower,18.3,17.307,-166.9,63.7,18.3,17.307,-166.9,True,Castle Center,2,4,63,0,3,
Wildbach MM3,65067,Defense Tower Variant (10),Defense Tower,45.3,17.307,-171.8,54.2,45.3,17.307,-171.8,True,Castle Center,2,4,63,0,3,
Wildbach MM3,65068,Shrine (1),Shrine,51.2,21.206,-88.3,0.0,51.2,21.206,-88.3,True,Castle Center,1,1,3,0,0,
Wildbach MM3,65075,Defense Tower Variant (9),Defense Tower,-29.0,17.307,-114.8,54.2,-29.0,17.307,-114.8,True,Castle Center,1,4,63,0,3,
Wildbach MM3,65076,Shrine (4),Shrine,-6.5,17.6,-89.6,13.1,-6.5,17.6,-89.6,True,Castle Center,0,1,3,0,0,
Wildbach MM3,65077,Shrine (3),Shrine,-8.94,17.307,-145.91,-36.0,-8.94,17.307,-145.91,True,Castle Center,1,1,3,0,0,
Wildbach MM3,65088,House Variant,House,9.6,17.6,-18.4,83.7,9.6,17.6,-18.4,True,House,0,3,24,0,4,
Wildbach MM3,65090,Mine Shaft (1),Gold Mine,42.1,21.206,-81.8,-1.1,42.1,21.206,-81.8,True,Castle Center,1,1,5,0,6,
Wildbach MM3,65091,House Variant (2),House,16.1,17.6,-30.0,-129.8,16.1,17.6,-30.0,True,Castle Center,0,3,24,0,4,
Wildbach MM3,65092,House Variant (6),House,-67.89,9.707,-47.36,-34.1,-67.89,9.707,-47.36,True,House,0,3,24,0,4,
Wildbach MM3,65095,House Variant (8),House,-62.75,9.707,-68.14,17.6,-62.75,9.707,-68.14,True,Castle Center,0,3,24,0,4,
Wildbach MM3,65097,House Variant (9),House,-71.01,9.707,-39.41,-7.0,-71.01,9.707,-39.41,True,House,0,3,24,0,4,
Wildbach MM3,65098,House Variant (10),House,-54.14,9.707,-71.75,-7.0,-54.14,9.707,-71.75,True,House,0,3,24,0,4,
Wildbach MM3,65100,Fishing Harbour,Harbour,-65.9,9.707,-58.2,88.1,-65.9,9.707,-58.2,True,Castle Center,0,2,10,0,0,
Wildbach MM3,65101,Mine Shaft,Gold Mine,20.9,17.6,-39.7,75.1,20.9,17.6,-39.7,True,Castle Center,2,1,5,0,6,
Wildbach MM3,65104,Blacksmith,Blacksmith,49.0,17.307,-137.3,55.1,49.0,17.307,-137.3,True,Castle Center,0,3,29,0,0,
Wildbach MM3,65105,Royal Forge,Royal Forge,46.62,17.307,-126.82,-126.5,46.62,17.307,-126.82,True,Castle Center,0,3,25,0,0,
Wildbach MM3,65109,House Variant (5),House,-0.3,17.6,-41.9,-159.8,-0.3,17.6,-41.9,True,House,0,3,24,0,4,
Wildbach MM3,65112,House Variant (7),House,-59.353,9.707,-44.941,-12.1,-59.353,9.707,-44.941,True,Castle Center,0,3,24,0,4,
Wildbach MM3,65113,House Variant (3),House,-6.1,17.6,-25.4,-155.9,-6.1,17.6,-25.4,True,House,0,3,24,0,4,
Wildbach MM3,65114,Temple,Temple,29.88,21.206,-89.97,93.6,29.88,21.206,-89.97,True,Castle Center,0,3,33,0,0,
Wildbach MM3,65116,House Variant (4),House,-0.983,17.6,-19.292,161.9,-0.983,17.6,-19.292,True,House,0,3,24,0,4,
Wildbach MM3,66083,Mill Variant (2),Mill,-14.98,17.307,-134.16,10.9,-14.98,17.307,-134.16,True,Castle Center,0,3,13,0,6,
Wildbach MM3,66084,Mill Variant (3),Mill,33.4,17.307,-154.4,-6.2,33.4,17.307,-154.4,True,Castle Center,0,3,13,0,6,
Wildbach MM3,66085,Mill Variant (1),Mill,-13.278,17.6,-75.898,10.9,-13.278,17.6,-75.898,True,Castle Center,0,3,13,0,6,
Wildbach MM3,66981,Gate Wide Variant (3),Wall,55.426,21.4,-81.197,-92.1,55.426,21.4,-81.197,True,Castle Center,1,3,57,0,0,
Wildbach MM3,66982,Gate Wide Variant (5),Wall,29.6,17.307,-176.8,13.9,29.6,17.307,-176.8,True,Castle Center,2,3,60,0,0,
Wildbach MM3,66983,Gate Wide Variant (2),Wall,5.6,17.307,-139.1,-79.8,5.6,17.307,-139.1,True,Castle Center,1,3,60,0,0,
Wildbach MM3,66985,Gate Wide Variant (1),Wall,-20.55,17.307,-158.11,13.9,-20.55,17.307,-158.11,True,Castle Center,1,3,60,0,0,
Wildbach MM3,66987,Gate Wide Variant,Wall,-12.737,17.307,-115.798,13.9,-12.737,17.307,-115.798,True,Castle Center,0,3,60,0,0,
Wildbach MM3,66989,Gate Wide Variant (4),Wall,53.8,17.307,-163.3,-65.2,53.8,17.307,-163.3,True,Castle Center,2,3,57,0,0,
